fragment_id,candidate_type,expected_path_length,expected_nodes_visited,expected_context_tokens,expected_reasoning_steps,ambiguity_penalty,cross_branch_jump_penalty,missing_evidence_penalty,trace_complexity,citation_locality,trace_clarity,tree_complexity,total_cost,objective_J,num_nodes,max_depth
frag_00004,source_order_tree,1.5,3.0,19.0,1.0,0.0,0.0,0.0,0.333,0.5,0.75,0.25,0.1907,0.0032,3,2
frag_00004,evidence_role_tree,2.0,5.0,25.0,3.0,0.0,1.0,0.0,0.333,0.5,0.75,0.35,0.3033,0.1308,5,2
frag_00004,question_intent_tree,2.0,4.0,20.0,2.0,0.0,0.0,0.0,0.333,1.0,0.75,0.3,0.2217,-0.0333,4,2
frag_00004,class_objective_tree,2.0,4.0,20.0,2.0,0.0,0.0,0.0,0.333,1.0,0.75,0.3,0.2217,-0.0333,4,2
frag_00004,hybrid_optimized_tree,2.0,4.0,20.0,2.0,0.0,0.0,0.0,0.333,1.0,0.75,0.3,0.2217,-0.0333,4,2
frag_00005,source_order_tree,1.0,2.0,30.0,1.0,0.0,0.0,0.5,0.167,1.0,0.857,0.15,0.1808,-0.1181,2,1
frag_00005,evidence_role_tree,2.0,3.0,33.0,2.0,0.0,0.0,0.5,0.333,1.0,0.75,0.25,0.2697,0.0072,3,2
frag_00005,question_intent_tree,2.0,3.0,33.0,2.0,0.0,0.0,0.5,0.333,1.0,0.75,0.25,0.2697,0.0072,3,2
frag_00005,class_objective_tree,2.0,3.0,33.0,2.0,0.0,0.0,0.5,0.333,1.0,0.75,0.25,0.2697,0.0072,3,2
frag_00005,hybrid_optimized_tree,1.0,2.0,28.0,1.0,0.0,0.0,0.5,0.167,1.0,0.857,0.15,0.1788,-0.1201,2,1
frag_00006,source_order_tree,1.5,3.0,20.0,1.0,0.0,0.0,0.0,0.333,0.5,0.75,0.25,0.1917,0.0042,3,2
frag_00006,evidence_role_tree,2.0,5.0,26.0,3.0,0.0,1.0,0.0,0.333,0.5,0.75,0.35,0.3043,0.1318,5,2
frag_00006,question_intent_tree,2.0,4.0,21.0,2.0,0.0,0.0,0.0,0.333,1.0,0.75,0.3,0.2227,-0.0323,4,2
frag_00006,class_objective_tree,2.0,4.0,21.0,2.0,0.0,0.0,0.0,0.333,1.0,0.75,0.3,0.2227,-0.0323,4,2
frag_00006,hybrid_optimized_tree,2.0,4.0,21.0,2.0,0.0,0.0,0.0,0.333,1.0,0.75,0.3,0.2227,-0.0323,4,2
frag_00025,source_order_tree,1.5,3.0,18.0,1.0,0.0,0.0,0.0,0.333,0.5,0.75,0.25,0.1897,0.0022,3,2
frag_00025,evidence_role_tree,2.0,5.0,24.0,3.0,0.0,1.0,0.0,0.333,0.5,0.75,0.35,0.3023,0.1298,5,2
frag_00025,question_intent_tree,2.0,4.0,19.0,2.0,0.0,0.0,0.0,0.333,1.0,0.75,0.3,0.2207,-0.0343,4,2
frag_00025,class_objective_tree,2.0,5.0,24.0,3.0,0.0,1.0,0.0,0.333,0.5,0.75,0.35,0.3023,0.1298,5,2
frag_00025,hybrid_optimized_tree,2.0,4.0,19.0,2.0,0.0,0.0,0.0,0.333,1.0,0.75,0.3,0.2207,-0.0343,4,2
frag_00027,source_order_tree,1.5,3.0,38.0,1.0,0.0,0.0,0.0,0.333,0.5,0.75,0.25,0.2097,0.0222,3,2
frag_00027,evidence_role_tree,2.0,5.0,44.0,3.0,0.0,1.0,0.0,0.333,0.5,0.75,0.35,0.3223,0.1498,5,2
frag_00027,question_intent_tree,2.0,4.0,39.0,2.0,0.0,0.0,0.0,0.333,1.0,0.75,0.3,0.2407,-0.0143,4,2
frag_00027,class_objective_tree,2.0,5.0,44.0,3.0,0.0,1.0,0.0,0.333,0.5,0.75,0.35,0.3223,0.1498,5,2
frag_00027,hybrid_optimized_tree,2.0,4.0,39.0,2.0,0.0,0.0,0.0,0.333,1.0,0.75,0.3,0.2407,-0.0143,4,2
frag_00028,source_order_tree,1.5,3.0,18.0,1.0,0.0,0.0,0.0,0.333,0.5,0.75,0.25,0.1897,0.0022,3,2
frag_00028,evidence_role_tree,2.0,5.0,24.0,3.0,0.0,1.0,0.0,0.333,0.5,0.75,0.35,0.3023,0.1298,5,2
frag_00028,question_intent_tree,2.0,4.0,19.0,2.0,0.0,0.0,0.0,0.333,1.0,0.75,0.3,0.2207,-0.0343,4,2
frag_00028,class_objective_tree,2.0,5.0,24.0,3.0,0.0,1.0,0.0,0.333,0.5,0.75,0.35,0.3023,0.1298,5,2
frag_00028,hybrid_optimized_tree,2.0,4.0,19.0,2.0,0.0,0.0,0.0,0.333,1.0,0.75,0.3,0.2207,-0.0343,4,2
frag_00029,source_order_tree,1.0,2.0,12.0,1.0,0.0,0.0,0.0,0.167,1.0,0.857,0.15,0.1128,-0.1861,2,1
frag_00029,evidence_role_tree,2.0,3.0,15.0,2.0,0.0,0.0,0.0,0.333,1.0,0.75,0.25,0.2017,-0.0608,3,2
frag_00029,question_intent_tree,2.0,3.0,15.0,2.0,0.0,0.0,0.0,0.333,1.0,0.75,0.25,0.2017,-0.0608,3,2
frag_00029,class_objective_tree,2.0,3.0,15.0,2.0,0.0,0.0,0.0,0.333,1.0,0.75,0.25,0.2017,-0.0608,3,2
frag_00029,hybrid_optimized_tree,1.0,2.0,10.0,1.0,0.0,0.0,0.0,0.167,1.0,0.857,0.15,0.1108,-0.1881,2,1
frag_00034,source_order_tree,1.0,2.0,12.0,1.0,0.0,0.0,0.0,0.167,1.0,0.857,0.15,0.1128,-0.1861,2,1
frag_00034,evidence_role_tree,2.0,3.0,15.0,2.0,0.0,0.0,0.0,0.333,1.0,0.75,0.25,0.2017,-0.0608,3,2
frag_00034,question_intent_tree,2.0,3.0,15.0,2.0,0.0,0.0,0.0,0.333,1.0,0.75,0.25,0.2017,-0.0608,3,2
frag_00034,class_objective_tree,2.0,3.0,15.0,2.0,0.0,0.0,0.0,0.333,1.0,0.75,0.25,0.2017,-0.0608,3,2
frag_00034,hybrid_optimized_tree,1.0,2.0,10.0,1.0,0.0,0.0,0.0,0.167,1.0,0.857,0.15,0.1108,-0.1881,2,1
frag_00037,source_order_tree,1.0,2.0,12.0,1.0,0.0,0.0,0.0,0.167,1.0,0.857,0.15,0.1128,-0.1861,2,1
frag_00037,evidence_role_tree,2.0,3.0,15.0,2.0,0.0,0.0,0.0,0.333,1.0,0.75,0.25,0.2017,-0.0608,3,2
frag_00037,question_intent_tree,2.0,3.0,15.0,2.0,0.0,0.0,0.0,0.333,1.0,0.75,0.25,0.2017,-0.0608,3,2
frag_00037,class_objective_tree,2.0,3.0,15.0,2.0,0.0,0.0,0.0,0.333,1.0,0.75,0.25,0.2017,-0.0608,3,2
frag_00037,hybrid_optimized_tree,1.0,2.0,10.0,1.0,0.0,0.0,0.0,0.167,1.0,0.857,0.15,0.1108,-0.1881,2,1
frag_00041,source_order_tree,1.0,2.0,30.0,1.0,0.0,0.0,0.5,0.167,1.0,0.857,0.15,0.1808,-0.1181,2,1
frag_00041,evidence_role_tree,2.0,3.0,33.0,2.0,0.0,0.0,0.5,0.333,1.0,0.75,0.25,0.2697,0.0072,3,2
frag_00041,question_intent_tree,2.0,3.0,33.0,2.0,0.0,0.0,0.5,0.333,1.0,0.75,0.25,0.2697,0.0072,3,2
frag_00041,class_objective_tree,2.0,3.0,33.0,2.0,0.0,0.0,0.5,0.333,1.0,0.75,0.25,0.2697,0.0072,3,2
frag_00041,hybrid_optimized_tree,1.0,2.0,28.0,1.0,0.0,0.0,0.5,0.167,1.0,0.857,0.15,0.1788,-0.1201,2,1
frag_00043,source_order_tree,1.0,2.0,13.0,1.0,0.0,0.0,0.0,0.167,1.0,0.857,0.15,0.1138,-0.1851,2,1
frag_00043,evidence_role_tree,2.0,3.0,16.0,2.0,0.0,0.0,0.0,0.333,1.0,0.75,0.25,0.2027,-0.0598,3,2
frag_00043,question_intent_tree,2.0,3.0,16.0,2.0,0.0,0.0,0.0,0.333,1.0,0.75,0.25,0.2027,-0.0598,3,2
frag_00043,class_objective_tree,2.0,3.0,16.0,2.0,0.0,0.0,0.0,0.333,1.0,0.75,0.25,0.2027,-0.0598,3,2
frag_00043,hybrid_optimized_tree,1.0,2.0,11.0,1.0,0.0,0.0,0.0,0.167,1.0,0.857,0.15,0.1118,-0.1871,2,1
frag_00047,source_order_tree,1.5,3.0,51.0,1.0,0.0,0.0,0.0,0.333,0.5,0.75,0.25,0.2227,0.0352,3,2
frag_00047,evidence_role_tree,2.0,5.0,57.0,3.0,0.0,1.0,0.0,0.333,0.5,0.75,0.35,0.3353,0.1628,5,2
frag_00047,question_intent_tree,2.0,4.0,52.0,2.0,0.0,0.0,0.0,0.333,1.0,0.75,0.3,0.2537,-0.0013,4,2
frag_00047,class_objective_tree,2.0,5.0,57.0,3.0,0.0,1.0,0.0,0.333,0.5,0.75,0.35,0.3353,0.1628,5,2
frag_00047,hybrid_optimized_tree,2.0,4.0,52.0,2.0,0.0,0.0,0.0,0.333,1.0,0.75,0.3,0.2537,-0.0013,4,2
frag_00048,source_order_tree,1.0,2.0,12.0,1.0,0.0,0.0,0.0,0.167,1.0,0.857,0.15,0.1128,-0.1861,2,1
frag_00048,evidence_role_tree,2.0,3.0,15.0,2.0,0.0,0.0,0.0,0.333,1.0,0.75,0.25,0.2017,-0.0608,3,2
frag_00048,question_intent_tree,2.0,3.0,15.0,2.0,0.0,0.0,0.0,0.333,1.0,0.75,0.25,0.2017,-0.0608,3,2
frag_00048,class_objective_tree,2.0,3.0,15.0,2.0,0.0,0.0,0.0,0.333,1.0,0.75,0.25,0.2017,-0.0608,3,2
frag_00048,hybrid_optimized_tree,1.0,2.0,10.0,1.0,0.0,0.0,0.0,0.167,1.0,0.857,0.15,0.1108,-0.1881,2,1
frag_00049,source_order_tree,1.0,2.0,12.0,1.0,0.0,0.0,0.0,0.167,1.0,0.857,0.15,0.1128,-0.1861,2,1
frag_00049,evidence_role_tree,2.0,3.0,15.0,2.0,0.0,0.0,0.0,0.333,1.0,0.75,0.25,0.2017,-0.0608,3,2
frag_00049,question_intent_tree,2.0,3.0,15.0,2.0,0.0,0.0,0.0,0.333,1.0,0.75,0.25,0.2017,-0.0608,3,2
frag_00049,class_objective_tree,2.0,3.0,15.0,2.0,0.0,0.0,0.0,0.333,1.0,0.75,0.25,0.2017,-0.0608,3,2
frag_00049,hybrid_optimized_tree,1.0,2.0,10.0,1.0,0.0,0.0,0.0,0.167,1.0,0.857,0.15,0.1108,-0.1881,2,1
frag_00066,source_order_tree,1.5,3.0,18.0,1.0,0.0,0.0,0.0,0.333,0.5,0.75,0.25,0.1897,0.0022,3,2
frag_00066,evidence_role_tree,2.0,5.0,24.0,3.0,0.0,1.0,0.0,0.333,0.5,0.75,0.35,0.3023,0.1298,5,2
frag_00066,question_intent_tree,2.0,4.0,19.0,2.0,0.0,0.0,0.0,0.333,1.0,0.75,0.3,0.2207,-0.0343,4,2
frag_00066,class_objective_tree,2.0,5.0,24.0,3.0,0.0,1.0,0.0,0.333,0.5,0.75,0.35,0.3023,0.1298,5,2
frag_00066,hybrid_optimized_tree,2.0,4.0,19.0,2.0,0.0,0.0,0.0,0.333,1.0,0.75,0.3,0.2207,-0.0343,4,2
frag_00071,source_order_tree,1.0,2.0,30.0,1.0,0.0,0.0,0.5,0.167,1.0,0.857,0.15,0.1808,-0.1181,2,1
frag_00071,evidence_role_tree,2.0,3.0,33.0,2.0,0.0,0.0,0.5,0.333,1.0,0.75,0.25,0.2697,0.0072,3,2
frag_00071,question_intent_tree,2.0,3.0,33.0,2.0,0.0,0.0,0.5,0.333,1.0,0.75,0.25,0.2697,0.0072,3,2
frag_00071,class_objective_tree,2.0,3.0,33.0,2.0,0.0,0.0,0.5,0.333,1.0,0.75,0.25,0.2697,0.0072,3,2
frag_00071,hybrid_optimized_tree,1.0,2.0,28.0,1.0,0.0,0.0,0.5,0.167,1.0,0.857,0.15,0.1788,-0.1201,2,1
frag_00072,source_order_tree,1.838,3.118,38.4,1.559,0.0,0.0,0.221,0.5,0.721,0.667,0.35,0.2606,0.0717,4,3
frag_00072,evidence_role_tree,2.0,4.118,28.5,2.559,0.0,0.559,0.221,0.333,0.721,0.75,0.45,0.2957,0.1051,7,2
frag_00072,question_intent_tree,2.0,3.559,25.7,2.0,0.0,0.0,0.221,0.333,1.0,0.75,0.4,0.2489,0.0089,6,2
frag_00072,class_objective_tree,2.0,3.559,25.7,2.0,0.0,0.0,0.221,0.333,1.0,0.75,0.4,0.2489,0.0089,6,2
frag_00072,hybrid_optimized_tree,1.559,3.118,23.5,1.559,0.0,0.0,0.221,0.333,1.0,0.75,0.35,0.2123,-0.0352,5,2
frag_00084,source_order_tree,1.217,2.217,14.2,1.217,0.0,0.0,0.0,0.333,1.0,0.75,0.25,0.144,-0.1185,3,2
frag_00084,evidence_role_tree,2.0,3.0,15.4,2.0,0.0,0.0,0.0,0.333,1.0,0.75,0.35,0.2071,-0.0404,5,2
frag_00084,question_intent_tree,2.0,3.0,15.4,2.0,0.0,0.0,0.0,0.333,1.0,0.75,0.35,0.2071,-0.0404,5,2
frag_00084,class_objective_tree,2.0,3.0,15.4,2.0,0.0,0.0,0.0,0.333,1.0,0.75,0.35,0.2071,-0.0404,5,2
frag_00084,hybrid_optimized_tree,1.0,2.0,10.4,1.0,0.0,0.0,0.0,0.167,1.0,0.857,0.2,0.1138,-0.1777,3,1
frag_00085,source_order_tree,1.0,2.0,12.0,1.0,0.0,0.0,0.0,0.167,1.0,0.857,0.15,0.1128,-0.1861,2,1
frag_00085,evidence_role_tree,2.0,3.0,15.0,2.0,0.0,0.0,0.0,0.333,1.0,0.75,0.25,0.2017,-0.0608,3,2
frag_00085,question_intent_tree,2.0,3.0,15.0,2.0,0.0,0.0,0.0,0.333,1.0,0.75,0.25,0.2017,-0.0608,3,2
frag_00085,class_objective_tree,2.0,3.0,15.0,2.0,0.0,0.0,0.0,0.333,1.0,0.75,0.25,0.2017,-0.0608,3,2
frag_00085,hybrid_optimized_tree,1.0,2.0,10.0,1.0,0.0,0.0,0.0,0.167,1.0,0.857,0.15,0.1108,-0.1881,2,1
frag_00092,source_order_tree,2.947,4.447,31.6,2.447,0.0,0.0,0.0,0.667,0.5,0.6,0.45,0.3348,0.2073,5,4
frag_00092,evidence_role_tree,2.0,5.0,26.0,3.0,0.0,1.0,0.0,0.333,0.5,0.75,0.55,0.3143,0.1718,9,2
frag_00092,question_intent_tree,2.0,4.0,21.0,2.0,0.0,0.0,0.0,0.333,1.0,0.75,0.45,0.2302,-0.0023,7,2
frag_00092,class_objective_tree,2.0,4.0,21.0,2.0,0.0,0.0,0.0,0.333,1.0,0.75,0.45,0.2302,-0.0023,7,2
frag_00092,hybrid_optimized_tree,2.0,4.0,21.0,2.0,0.0,0.0,0.0,0.333,1.0,0.75,0.45,0.2302,-0.0023,7,2
frag_00099,source_order_tree,1.5,3.0,19.0,1.0,0.0,0.0,0.0,0.333,0.5,0.75,0.25,0.1907,0.0032,3,2
frag_00099,evidence_role_tree,2.0,5.0,25.0,3.0,0.0,1.0,0.0,0.333,0.5,0.75,0.35,0.3033,0.1308,5,2
frag_00099,question_intent_tree,2.0,4.0,20.0,2.0,0.0,0.0,0.0,0.333,1.0,0.75,0.3,0.2217,-0.0333,4,2
frag_00099,class_objective_tree,2.0,4.0,20.0,2.0,0.0,0.0,0.0,0.333,1.0,0.75,0.3,0.2217,-0.0333,4,2
frag_00099,hybrid_optimized_tree,2.0,4.0,20.0,2.0,0.0,0.0,0.0,0.333,1.0,0.75,0.3,0.2217,-0.0333,4,2
frag_00104,source_order_tree,1.5,3.0,21.0,1.0,0.0,0.0,0.0,0.333,0.5,0.75,0.25,0.1927,0.0052,3,2
frag_00104,evidence_role_tree,2.0,5.0,27.0,3.0,0.0,1.0,0.0,0.333,0.5,0.75,0.35,0.3053,0.1328,5,2
frag_00104,question_intent_tree,2.0,4.0,22.0,2.0,0.0,0.0,0.0,0.333,1.0,0.75,0.3,0.2237,-0.0313,4,2
frag_00104,class_objective_tree,2.0,4.0,22.0,2.0,0.0,0.0,0.0,0.333,1.0,0.75,0.3,0.2237,-0.0313,4,2
frag_00104,hybrid_optimized_tree,2.0,4.0,22.0,2.0,0.0,0.0,0.0,0.333,1.0,0.75,0.3,0.2237,-0.0313,4,2
frag_00110,source_order_tree,1.0,2.0,14.0,1.0,0.0,0.0,0.0,0.167,1.0,0.857,0.15,0.1148,-0.1841,2,1
frag_00110,evidence_role_tree,2.0,3.0,17.0,2.0,0.0,0.0,0.0,0.333,1.0,0.75,0.25,0.2037,-0.0588,3,2
frag_00110,question_intent_tree,2.0,3.0,17.0,2.0,0.0,0.0,0.0,0.333,1.0,0.75,0.25,0.2037,-0.0588,3,2
frag_00110,class_objective_tree,2.0,3.0,17.0,2.0,0.0,0.0,0.0,0.333,1.0,0.75,0.25,0.2037,-0.0588,3,2
frag_00110,hybrid_optimized_tree,1.0,2.0,12.0,1.0,0.0,0.0,0.0,0.167,1.0,0.857,0.15,0.1128,-0.1861,2,1
frag_00125,source_order_tree,1.5,3.0,19.0,1.0,0.0,0.0,0.0,0.333,0.5,0.75,0.25,0.1907,0.0032,3,2
frag_00125,evidence_role_tree,2.0,5.0,25.0,3.0,0.0,1.0,0.0,0.333,0.5,0.75,0.35,0.3033,0.1308,5,2
frag_00125,question_intent_tree,2.0,4.0,20.0,2.0,0.0,0.0,0.0,0.333,1.0,0.75,0.3,0.2217,-0.0333,4,2
frag_00125,class_objective_tree,2.0,4.0,20.0,2.0,0.0,0.0,0.0,0.333,1.0,0.75,0.3,0.2217,-0.0333,4,2
frag_00125,hybrid_optimized_tree,2.0,4.0,20.0,2.0,0.0,0.0,0.0,0.333,1.0,0.75,0.3,0.2217,-0.0333,4,2
frag_00129,source_order_tree,1.0,2.0,30.0,1.0,0.0,0.0,0.5,0.167,1.0,0.857,0.15,0.1808,-0.1181,2,1
frag_00129,evidence_role_tree,2.0,3.0,33.0,2.0,0.0,0.0,0.5,0.333,1.0,0.75,0.25,0.2697,0.0072,3,2
frag_00129,question_intent_tree,2.0,3.0,33.0,2.0,0.0,0.0,0.5,0.333,1.0,0.75,0.25,0.2697,0.0072,3,2
frag_00129,class_objective_tree,2.0,3.0,33.0,2.0,0.0,0.0,0.5,0.333,1.0,0.75,0.25,0.2697,0.0072,3,2
frag_00129,hybrid_optimized_tree,1.0,2.0,28.0,1.0,0.0,0.0,0.5,0.167,1.0,0.857,0.15,0.1788,-0.1201,2,1
frag_00131,source_order_tree,1.838,3.118,40.1,1.559,0.0,0.0,0.221,0.5,0.721,0.667,0.35,0.2623,0.0733,4,3
frag_00131,evidence_role_tree,2.0,4.118,30.2,2.559,0.0,0.559,0.221,0.333,0.721,0.75,0.45,0.2974,0.1068,7,2
frag_00131,question_intent_tree,2.0,3.559,27.4,2.0,0.0,0.0,0.221,0.333,1.0,0.75,0.4,0.2506,0.0106,6,2
frag_00131,class_objective_tree,2.0,3.559,27.4,2.0,0.0,0.0,0.221,0.333,1.0,0.75,0.4,0.2506,0.0106,6,2
frag_00131,hybrid_optimized_tree,1.559,3.118,25.2,1.559,0.0,0.0,0.221,0.333,1.0,0.75,0.35,0.2139,-0.0336,5,2
frag_00133,source_order_tree,1.0,2.0,30.0,1.0,0.0,0.0,0.5,0.167,1.0,0.857,0.15,0.1808,-0.1181,2,1
frag_00133,evidence_role_tree,2.0,3.0,33.0,2.0,0.0,0.0,0.5,0.333,1.0,0.75,0.25,0.2697,0.0072,3,2
frag_00133,question_intent_tree,2.0,3.0,33.0,2.0,0.0,0.0,0.5,0.333,1.0,0.75,0.25,0.2697,0.0072,3,2
frag_00133,class_objective_tree,2.0,3.0,33.0,2.0,0.0,0.0,0.5,0.333,1.0,0.75,0.25,0.2697,0.0072,3,2
frag_00133,hybrid_optimized_tree,1.0,2.0,28.0,1.0,0.0,0.0,0.5,0.167,1.0,0.857,0.15,0.1788,-0.1201,2,1
frag_00137,source_order_tree,2.725,4.225,60.8,2.225,0.0,0.0,0.0,0.667,0.5,0.6,0.45,0.3479,0.2204,5,4
frag_00137,evidence_role_tree,2.0,5.0,38.0,3.0,0.0,1.0,0.0,0.333,0.5,0.75,0.55,0.3264,0.1839,9,2
frag_00137,question_intent_tree,2.0,4.0,33.0,2.0,0.0,0.0,0.0,0.333,1.0,0.75,0.45,0.2422,0.0097,7,2
frag_00137,class_objective_tree,2.0,4.388,35.0,2.388,0.0,0.388,0.0,0.333,0.806,0.75,0.5,0.2754,0.0795,8,2
frag_00137,hybrid_optimized_tree,2.0,4.0,33.0,2.0,0.0,0.0,0.0,0.333,1.0,0.75,0.45,0.2422,0.0097,7,2
frag_00139,source_order_tree,1.5,3.0,18.0,1.0,0.0,0.0,0.0,0.333,0.5,0.75,0.25,0.1897,0.0022,3,2
frag_00139,evidence_role_tree,2.0,5.0,24.0,3.0,0.0,1.0,0.0,0.333,0.5,0.75,0.35,0.3023,0.1298,5,2
frag_00139,question_intent_tree,2.0,4.0,19.0,2.0,0.0,0.0,0.0,0.333,1.0,0.75,0.3,0.2207,-0.0343,4,2
frag_00139,class_objective_tree,2.0,5.0,24.0,3.0,0.0,1.0,0.0,0.333,0.5,0.75,0.35,0.3023,0.1298,5,2
frag_00139,hybrid_optimized_tree,2.0,4.0,19.0,2.0,0.0,0.0,0.0,0.333,1.0,0.75,0.3,0.2207,-0.0343,4,2
frag_00140,source_order_tree,1.0,2.0,11.0,1.0,0.0,0.0,0.0,0.167,1.0,0.857,0.15,0.1118,-0.1871,2,1
frag_00140,evidence_role_tree,2.0,3.0,14.0,2.0,0.0,0.0,0.0,0.333,1.0,0.75,0.25,0.2007,-0.0618,3,2
frag_00140,question_intent_tree,2.0,3.0,14.0,2.0,0.0,0.0,0.0,0.333,1.0,0.75,0.25,0.2007,-0.0618,3,2
frag_00140,class_objective_tree,2.0,3.0,14.0,2.0,0.0,0.0,0.0,0.333,1.0,0.75,0.25,0.2007,-0.0618,3,2
frag_00140,hybrid_optimized_tree,1.0,2.0,9.0,1.0,0.0,0.0,0.0,0.167,1.0,0.857,0.15,0.1098,-0.1891,2,1
frag_00150,source_order_tree,1.5,3.0,27.0,1.0,0.0,0.0,0.0,0.333,0.5,0.75,0.25,0.1987,0.0112,3,2
frag_00150,evidence_role_tree,2.0,5.0,33.0,3.0,0.0,1.0,0.0,0.333,0.5,0.75,0.35,0.3113,0.1388,5,2
frag_00150,question_intent_tree,2.0,4.0,28.0,2.0,0.0,0.0,0.0,0.333,1.0,0.75,0.3,0.2297,-0.0253,4,2
frag_00150,class_objective_tree,2.0,4.0,28.0,2.0,0.0,0.0,0.0,0.333,1.0,0.75,0.3,0.2297,-0.0253,4,2
frag_00150,hybrid_optimized_tree,2.0,4.0,28.0,2.0,0.0,0.0,0.0,0.333,1.0,0.75,0.3,0.2297,-0.0253,4,2
frag_00157,source_order_tree,1.0,2.0,24.0,1.0,0.0,0.0,0.5,0.167,1.0,0.857,0.15,0.1748,-0.1241,2,1
frag_00157,evidence_role_tree,2.0,3.0,27.0,2.0,0.0,0.0,0.5,0.333,1.0,0.75,0.25,0.2637,0.0012,3,2
frag_00157,question_intent_tree,2.0,3.0,27.0,2.0,0.0,0.0,0.5,0.333,1.0,0.75,0.25,0.2637,0.0012,3,2
frag_00157,class_objective_tree,2.0,3.0,27.0,2.0,0.0,0.0,0.5,0.333,1.0,0.75,0.25,0.2637,0.0012,3,2
frag_00157,hybrid_optimized_tree,1.0,2.0,22.0,1.0,0.0,0.0,0.5,0.167,1.0,0.857,0.15,0.1728,-0.1261,2,1
frag_00160,source_order_tree,1.5,3.0,21.0,1.0,0.0,0.0,0.0,0.333,0.5,0.75,0.25,0.1927,0.0052,3,2
frag_00160,evidence_role_tree,2.0,5.0,27.0,3.0,0.0,1.0,0.0,0.333,0.5,0.75,0.35,0.3053,0.1328,5,2
frag_00160,question_intent_tree,2.0,4.0,22.0,2.0,0.0,0.0,0.0,0.333,1.0,0.75,0.3,0.2237,-0.0313,4,2
frag_00160,class_objective_tree,2.0,4.0,22.0,2.0,0.0,0.0,0.0,0.333,1.0,0.75,0.3,0.2237,-0.0313,4,2
frag_00160,hybrid_optimized_tree,2.0,4.0,22.0,2.0,0.0,0.0,0.0,0.333,1.0,0.75,0.3,0.2237,-0.0313,4,2
frag_00164,source_order_tree,2.142,3.642,27.4,1.642,0.0,0.0,0.0,0.667,0.5,0.6,0.45,0.2722,0.1447,5,4
frag_00164,evidence_role_tree,2.0,5.0,28.2,3.0,0.0,1.0,0.0,0.333,0.5,0.75,0.55,0.3166,0.1741,9,2
frag_00164,question_intent_tree,2.0,4.0,23.2,2.0,0.0,0.0,0.0,0.333,1.0,0.75,0.45,0.2324,-0.0001,7,2
frag_00164,class_objective_tree,2.0,4.0,23.2,2.0,0.0,0.0,0.0,0.333,1.0,0.75,0.45,0.2324,-0.0001,7,2
frag_00164,hybrid_optimized_tree,2.0,4.0,23.2,2.0,0.0,0.0,0.0,0.333,1.0,0.75,0.45,0.2324,-0.0001,7,2
frag_00170,source_order_tree,1.0,2.0,11.0,1.0,0.0,0.0,0.0,0.167,1.0,0.857,0.15,0.1118,-0.1871,2,1
frag_00170,evidence_role_tree,2.0,3.0,14.0,2.0,0.0,0.0,0.0,0.333,1.0,0.75,0.25,0.2007,-0.0618,3,2
frag_00170,question_intent_tree,2.0,3.0,14.0,2.0,0.0,0.0,0.0,0.333,1.0,0.75,0.25,0.2007,-0.0618,3,2
frag_00170,class_objective_tree,2.0,3.0,14.0,2.0,0.0,0.0,0.0,0.333,1.0,0.75,0.25,0.2007,-0.0618,3,2
frag_00170,hybrid_optimized_tree,1.0,2.0,9.0,1.0,0.0,0.0,0.0,0.167,1.0,0.857,0.15,0.1098,-0.1891,2,1
frag_00171,source_order_tree,1.0,2.0,13.0,1.0,0.0,0.0,0.0,0.167,1.0,0.857,0.15,0.1138,-0.1851,2,1
frag_00171,evidence_role_tree,2.0,3.0,16.0,2.0,0.0,0.0,0.0,0.333,1.0,0.75,0.25,0.2027,-0.0598,3,2
frag_00171,question_intent_tree,2.0,3.0,16.0,2.0,0.0,0.0,0.0,0.333,1.0,0.75,0.25,0.2027,-0.0598,3,2
frag_00171,class_objective_tree,2.0,3.0,16.0,2.0,0.0,0.0,0.0,0.333,1.0,0.75,0.25,0.2027,-0.0598,3,2
frag_00171,hybrid_optimized_tree,1.0,2.0,11.0,1.0,0.0,0.0,0.0,0.167,1.0,0.857,0.15,0.1118,-0.1871,2,1
frag_00174,source_order_tree,1.988,3.317,44.3,1.659,0.0,0.0,0.0,0.5,0.671,0.667,0.35,0.2574,0.076,4,3
frag_00174,evidence_role_tree,2.0,4.317,42.7,2.659,0.0,0.659,0.0,0.333,0.671,0.75,0.45,0.2964,0.1133,7,2
frag_00174,question_intent_tree,2.0,3.659,39.4,2.0,0.0,0.0,0.0,0.333,1.0,0.75,0.4,0.2418,0.0018,6,2
frag_00174,class_objective_tree,2.0,4.317,42.7,2.659,0.0,0.659,0.0,0.333,0.671,0.75,0.45,0.2964,0.1133,7,2
frag_00174,hybrid_optimized_tree,1.659,3.317,37.7,1.659,0.0,0.0,0.0,0.333,1.0,0.75,0.35,0.2128,-0.0347,5,2
frag_00177,source_order_tree,1.5,3.0,20.0,1.0,0.0,0.0,0.0,0.333,0.5,0.75,0.25,0.1917,0.0042,3,2
frag_00177,evidence_role_tree,2.0,5.0,26.0,3.0,0.0,1.0,0.0,0.333,0.5,0.75,0.35,0.3043,0.1318,5,2
frag_00177,question_intent_tree,2.0,4.0,21.0,2.0,0.0,0.0,0.0,0.333,1.0,0.75,0.3,0.2227,-0.0323,4,2
frag_00177,class_objective_tree,2.0,4.0,21.0,2.0,0.0,0.0,0.0,0.333,1.0,0.75,0.3,0.2227,-0.0323,4,2
frag_00177,hybrid_optimized_tree,2.0,4.0,21.0,2.0,0.0,0.0,0.0,0.333,1.0,0.75,0.3,0.2227,-0.0323,4,2
frag_00181,source_order_tree,1.5,3.0,18.0,1.0,0.0,0.0,0.0,0.333,0.5,0.75,0.25,0.1897,0.0022,3,2
frag_00181,evidence_role_tree,2.0,5.0,24.0,3.0,0.0,1.0,0.0,0.333,0.5,0.75,0.35,0.3023,0.1298,5,2
frag_00181,question_intent_tree,2.0,4.0,19.0,2.0,0.0,0.0,0.0,0.333,1.0,0.75,0.3,0.2207,-0.0343,4,2
frag_00181,class_objective_tree,2.0,4.0,19.0,2.0,0.0,0.0,0.0,0.333,1.0,0.75,0.3,0.2207,-0.0343,4,2
frag_00181,hybrid_optimized_tree,2.0,4.0,19.0,2.0,0.0,0.0,0.0,0.333,1.0,0.75,0.3,0.2207,-0.0343,4,2
frag_00192,source_order_tree,1.0,2.0,12.0,1.0,0.0,0.0,0.0,0.167,1.0,0.857,0.15,0.1128,-0.1861,2,1
frag_00192,evidence_role_tree,2.0,3.0,15.0,2.0,0.0,0.0,0.0,0.333,1.0,0.75,0.25,0.2017,-0.0608,3,2
frag_00192,question_intent_tree,2.0,3.0,15.0,2.0,0.0,0.0,0.0,0.333,1.0,0.75,0.25,0.2017,-0.0608,3,2
frag_00192,class_objective_tree,2.0,3.0,15.0,2.0,0.0,0.0,0.0,0.333,1.0,0.75,0.25,0.2017,-0.0608,3,2
frag_00192,hybrid_optimized_tree,1.0,2.0,10.0,1.0,0.0,0.0,0.0,0.167,1.0,0.857,0.15,0.1108,-0.1881,2,1
frag_00196,source_order_tree,1.0,2.0,14.0,1.0,0.0,0.0,0.0,0.167,1.0,0.857,0.15,0.1148,-0.1841,2,1
frag_00196,evidence_role_tree,2.0,3.0,17.0,2.0,0.0,0.0,0.0,0.333,1.0,0.75,0.25,0.2037,-0.0588,3,2
frag_00196,question_intent_tree,2.0,3.0,17.0,2.0,0.0,0.0,0.0,0.333,1.0,0.75,0.25,0.2037,-0.0588,3,2
frag_00196,class_objective_tree,2.0,3.0,17.0,2.0,0.0,0.0,0.0,0.333,1.0,0.75,0.25,0.2037,-0.0588,3,2
frag_00196,hybrid_optimized_tree,1.0,2.0,12.0,1.0,0.0,0.0,0.0,0.167,1.0,0.857,0.15,0.1128,-0.1861,2,1
frag_00198,source_order_tree,1.0,2.0,14.0,1.0,0.0,0.0,0.0,0.167,1.0,0.857,0.15,0.1148,-0.1841,2,1
frag_00198,evidence_role_tree,2.0,3.0,17.0,2.0,0.0,0.0,0.0,0.333,1.0,0.75,0.25,0.2037,-0.0588,3,2
frag_00198,question_intent_tree,2.0,3.0,17.0,2.0,0.0,0.0,0.0,0.333,1.0,0.75,0.25,0.2037,-0.0588,3,2
frag_00198,class_objective_tree,2.0,3.0,17.0,2.0,0.0,0.0,0.0,0.333,1.0,0.75,0.25,0.2037,-0.0588,3,2
frag_00198,hybrid_optimized_tree,1.0,2.0,12.0,1.0,0.0,0.0,0.0,0.167,1.0,0.857,0.15,0.1128,-0.1861,2,1
frag_00199,source_order_tree,1.686,2.915,17.9,1.457,0.0,0.0,0.0,0.5,0.771,0.667,0.35,0.2048,0.0083,4,3
frag_00199,evidence_role_tree,2.0,3.915,19.0,2.457,0.0,0.457,0.0,0.333,0.771,0.75,0.45,0.2553,0.0571,7,2
frag_00199,question_intent_tree,2.0,3.457,16.7,2.0,0.0,0.0,0.0,0.333,1.0,0.75,0.4,0.2166,-0.0234,6,2
frag_00199,class_objective_tree,2.0,3.457,16.7,2.0,0.0,0.0,0.0,0.333,1.0,0.75,0.4,0.2166,-0.0234,6,2
frag_00199,hybrid_optimized_tree,1.457,2.915,14.0,1.457,0.0,0.0,0.0,0.333,1.0,0.75,0.35,0.1721,-0.0754,5,2
frag_00200,source_order_tree,2.725,4.225,27.8,2.225,0.0,0.0,0.0,0.667,0.5,0.6,0.45,0.3149,0.1874,5,4
frag_00200,evidence_role_tree,2.0,5.0,25.2,3.0,0.0,1.0,0.0,0.333,0.5,0.75,0.55,0.3136,0.1711,9,2
frag_00200,question_intent_tree,2.0,4.0,20.2,2.0,0.0,0.0,0.0,0.333,1.0,0.75,0.45,0.2294,-0.0031,7,2
frag_00200,class_objective_tree,2.0,4.388,22.2,2.388,0.0,0.388,0.0,0.333,0.806,0.75,0.5,0.2626,0.0667,8,2
frag_00200,hybrid_optimized_tree,2.0,4.0,20.2,2.0,0.0,0.0,0.0,0.333,1.0,0.75,0.45,0.2294,-0.0031,7,2
frag_00204,source_order_tree,1.0,2.0,30.0,1.0,0.0,0.0,0.5,0.167,1.0,0.857,0.15,0.1808,-0.1181,2,1
frag_00204,evidence_role_tree,2.0,3.0,33.0,2.0,0.0,0.0,0.5,0.333,1.0,0.75,0.25,0.2697,0.0072,3,2
frag_00204,question_intent_tree,2.0,3.0,33.0,2.0,0.0,0.0,0.5,0.333,1.0,0.75,0.25,0.2697,0.0072,3,2
frag_00204,class_objective_tree,2.0,3.0,33.0,2.0,0.0,0.0,0.5,0.333,1.0,0.75,0.25,0.2697,0.0072,3,2
frag_00204,hybrid_optimized_tree,1.0,2.0,28.0,1.0,0.0,0.0,0.5,0.167,1.0,0.857,0.15,0.1788,-0.1201,2,1
frag_00208,source_order_tree,1.0,2.0,13.0,1.0,0.0,0.0,0.0,0.167,1.0,0.857,0.15,0.1138,-0.1851,2,1
frag_00208,evidence_role_tree,2.0,3.0,16.0,2.0,0.0,0.0,0.0,0.333,1.0,0.75,0.25,0.2027,-0.0598,3,2
frag_00208,question_intent_tree,2.0,3.0,16.0,2.0,0.0,0.0,0.0,0.333,1.0,0.75,0.25,0.2027,-0.0598,3,2
frag_00208,class_objective_tree,2.0,3.0,16.0,2.0,0.0,0.0,0.0,0.333,1.0,0.75,0.25,0.2027,-0.0598,3,2
frag_00208,hybrid_optimized_tree,1.0,2.0,11.0,1.0,0.0,0.0,0.0,0.167,1.0,0.857,0.15,0.1118,-0.1871,2,1
frag_00210,source_order_tree,1.0,2.0,11.0,1.0,0.0,0.0,0.0,0.167,1.0,0.857,0.15,0.1118,-0.1871,2,1
frag_00210,evidence_role_tree,2.0,3.0,14.0,2.0,0.0,0.0,0.0,0.333,1.0,0.75,0.25,0.2007,-0.0618,3,2
frag_00210,question_intent_tree,2.0,3.0,14.0,2.0,0.0,0.0,0.0,0.333,1.0,0.75,0.25,0.2007,-0.0618,3,2
frag_00210,class_objective_tree,2.0,3.0,14.0,2.0,0.0,0.0,0.0,0.333,1.0,0.75,0.25,0.2007,-0.0618,3,2
frag_00210,hybrid_optimized_tree,1.0,2.0,9.0,1.0,0.0,0.0,0.0,0.167,1.0,0.857,0.15,0.1098,-0.1891,2,1
frag_00211,source_order_tree,1.0,2.0,12.0,1.0,0.0,0.0,0.0,0.167,1.0,0.857,0.15,0.1128,-0.1861,2,1
frag_00211,evidence_role_tree,2.0,3.0,15.0,2.0,0.0,0.0,0.0,0.333,1.0,0.75,0.25,0.2017,-0.0608,3,2
frag_00211,question_intent_tree,2.0,3.0,15.0,2.0,0.0,0.0,0.0,0.333,1.0,0.75,0.25,0.2017,-0.0608,3,2
frag_00211,class_objective_tree,2.0,3.0,15.0,2.0,0.0,0.0,0.0,0.333,1.0,0.75,0.25,0.2017,-0.0608,3,2
frag_00211,hybrid_optimized_tree,1.0,2.0,10.0,1.0,0.0,0.0,0.0,0.167,1.0,0.857,0.15,0.1108,-0.1881,2,1
frag_00215,source_order_tree,1.5,3.0,34.0,1.0,0.0,0.0,0.0,0.333,0.5,0.75,0.25,0.2057,0.0182,3,2
frag_00215,evidence_role_tree,2.0,5.0,40.0,3.0,0.0,1.0,0.0,0.333,0.5,0.75,0.35,0.3183,0.1458,5,2
frag_00215,question_intent_tree,2.0,4.0,35.0,2.0,0.0,0.0,0.0,0.333,1.0,0.75,0.3,0.2367,-0.0183,4,2
frag_00215,class_objective_tree,2.0,4.0,35.0,2.0,0.0,0.0,0.0,0.333,1.0,0.75,0.3,0.2367,-0.0183,4,2
frag_00215,hybrid_optimized_tree,2.0,4.0,35.0,2.0,0.0,0.0,0.0,0.333,1.0,0.75,0.3,0.2367,-0.0183,4,2
frag_00216,source_order_tree,2.0,4.0,30.0,1.0,0.0,0.0,0.0,0.5,0.333,0.667,0.35,0.2558,0.125,4,3
frag_00216,evidence_role_tree,2.0,7.0,39.0,4.0,0.0,2.0,0.0,0.333,0.333,0.75,0.45,0.3923,0.2598,7,2
frag_00216,question_intent_tree,2.0,5.0,29.0,2.0,0.0,0.0,0.0,0.333,1.0,0.75,0.35,0.2457,-0.0018,5,2
frag_00216,class_objective_tree,2.0,5.0,29.0,2.0,0.0,0.0,0.0,0.333,1.0,0.75,0.35,0.2457,-0.0018,5,2
frag_00216,hybrid_optimized_tree,1.667,5.0,29.0,2.0,0.0,1.0,0.0,0.333,0.333,0.75,0.35,0.2823,0.1348,5,2
frag_00217,source_order_tree,2.0,4.0,32.0,1.0,0.0,0.0,0.0,0.5,0.333,0.667,0.35,0.2578,0.127,4,3
frag_00217,evidence_role_tree,2.0,7.0,41.0,4.0,0.0,2.0,0.0,0.333,0.333,0.75,0.45,0.3943,0.2618,7,2
frag_00217,question_intent_tree,2.0,5.0,31.0,2.0,0.0,0.0,0.0,0.333,1.0,0.75,0.35,0.2477,0.0002,5,2
frag_00217,class_objective_tree,2.0,5.0,31.0,2.0,0.0,0.0,0.0,0.333,1.0,0.75,0.35,0.2477,0.0002,5,2
frag_00217,hybrid_optimized_tree,1.667,5.0,31.0,2.0,0.0,1.0,0.0,0.333,0.333,0.75,0.35,0.2843,0.1368,5,2
frag_00218,source_order_tree,1.5,3.0,21.0,1.0,0.0,0.0,0.0,0.333,0.5,0.75,0.25,0.1927,0.0052,3,2
frag_00218,evidence_role_tree,2.0,5.0,27.0,3.0,0.0,1.0,0.0,0.333,0.5,0.75,0.35,0.3053,0.1328,5,2
frag_00218,question_intent_tree,2.0,4.0,22.0,2.0,0.0,0.0,0.0,0.333,1.0,0.75,0.3,0.2237,-0.0313,4,2
frag_00218,class_objective_tree,2.0,4.0,22.0,2.0,0.0,0.0,0.0,0.333,1.0,0.75,0.3,0.2237,-0.0313,4,2
frag_00218,hybrid_optimized_tree,2.0,4.0,22.0,2.0,0.0,0.0,0.0,0.333,1.0,0.75,0.3,0.2237,-0.0313,4,2
frag_00227,source_order_tree,1.0,2.0,30.0,1.0,0.0,0.0,0.5,0.167,1.0,0.857,0.15,0.1808,-0.1181,2,1
frag_00227,evidence_role_tree,2.0,3.0,33.0,2.0,0.0,0.0,0.5,0.333,1.0,0.75,0.25,0.2697,0.0072,3,2
frag_00227,question_intent_tree,2.0,3.0,33.0,2.0,0.0,0.0,0.5,0.333,1.0,0.75,0.25,0.2697,0.0072,3,2
frag_00227,class_objective_tree,2.0,3.0,33.0,2.0,0.0,0.0,0.5,0.333,1.0,0.75,0.25,0.2697,0.0072,3,2
frag_00227,hybrid_optimized_tree,1.0,2.0,28.0,1.0,0.0,0.0,0.5,0.167,1.0,0.857,0.15,0.1788,-0.1201,2,1
frag_00228,source_order_tree,1.0,2.0,30.0,1.0,0.0,0.0,0.5,0.167,1.0,0.857,0.15,0.1808,-0.1181,2,1
frag_00228,evidence_role_tree,2.0,3.0,33.0,2.0,0.0,0.0,0.5,0.333,1.0,0.75,0.25,0.2697,0.0072,3,2
frag_00228,question_intent_tree,2.0,3.0,33.0,2.0,0.0,0.0,0.5,0.333,1.0,0.75,0.25,0.2697,0.0072,3,2
frag_00228,class_objective_tree,2.0,3.0,33.0,2.0,0.0,0.0,0.5,0.333,1.0,0.75,0.25,0.2697,0.0072,3,2
frag_00228,hybrid_optimized_tree,1.0,2.0,28.0,1.0,0.0,0.0,0.5,0.167,1.0,0.857,0.15,0.1788,-0.1201,2,1
frag_00240,source_order_tree,1.5,3.0,20.0,1.0,0.0,0.0,0.0,0.333,0.5,0.75,0.25,0.1917,0.0042,3,2
frag_00240,evidence_role_tree,2.0,5.0,26.0,3.0,0.0,1.0,0.0,0.333,0.5,0.75,0.35,0.3043,0.1318,5,2
frag_00240,question_intent_tree,2.0,4.0,21.0,2.0,0.0,0.0,0.0,0.333,1.0,0.75,0.3,0.2227,-0.0323,4,2
frag_00240,class_objective_tree,2.0,4.0,21.0,2.0,0.0,0.0,0.0,0.333,1.0,0.75,0.3,0.2227,-0.0323,4,2
frag_00240,hybrid_optimized_tree,2.0,4.0,21.0,2.0,0.0,0.0,0.0,0.333,1.0,0.75,0.3,0.2227,-0.0323,4,2
frag_00247,source_order_tree,1.0,2.0,12.0,1.0,0.0,0.0,0.0,0.167,1.0,0.857,0.15,0.1128,-0.1861,2,1
frag_00247,evidence_role_tree,2.0,3.0,15.0,2.0,0.0,0.0,0.0,0.333,1.0,0.75,0.25,0.2017,-0.0608,3,2
frag_00247,question_intent_tree,2.0,3.0,15.0,2.0,0.0,0.0,0.0,0.333,1.0,0.75,0.25,0.2017,-0.0608,3,2
frag_00247,class_objective_tree,2.0,3.0,15.0,2.0,0.0,0.0,0.0,0.333,1.0,0.75,0.25,0.2017,-0.0608,3,2
frag_00247,hybrid_optimized_tree,1.0,2.0,10.0,1.0,0.0,0.0,0.0,0.167,1.0,0.857,0.15,0.1108,-0.1881,2,1
frag_00253,source_order_tree,1.0,2.0,11.0,1.0,0.0,0.0,0.0,0.167,1.0,0.857,0.15,0.1118,-0.1871,2,1
frag_00253,evidence_role_tree,2.0,3.0,14.0,2.0,0.0,0.0,0.0,0.333,1.0,0.75,0.25,0.2007,-0.0618,3,2
frag_00253,question_intent_tree,2.0,3.0,14.0,2.0,0.0,0.0,0.0,0.333,1.0,0.75,0.25,0.2007,-0.0618,3,2
frag_00253,class_objective_tree,2.0,3.0,14.0,2.0,0.0,0.0,0.0,0.333,1.0,0.75,0.25,0.2007,-0.0618,3,2
frag_00253,hybrid_optimized_tree,1.0,2.0,9.0,1.0,0.0,0.0,0.0,0.167,1.0,0.857,0.15,0.1098,-0.1891,2,1
frag_00262,source_order_tree,2.0,4.0,28.0,1.0,0.0,0.0,0.0,0.5,0.333,0.667,0.35,0.2538,0.123,4,3
frag_00262,evidence_role_tree,2.0,7.0,37.0,4.0,0.0,2.0,0.0,0.333,0.333,0.75,0.45,0.3903,0.2578,7,2
frag_00262,question_intent_tree,2.0,5.0,27.0,2.0,0.0,0.0,0.0,0.333,1.0,0.75,0.35,0.2437,-0.0038,5,2
frag_00262,class_objective_tree,2.0,5.0,27.0,2.0,0.0,0.0,0.0,0.333,1.0,0.75,0.35,0.2437,-0.0038,5,2
frag_00262,hybrid_optimized_tree,1.667,5.0,27.0,2.0,0.0,1.0,0.0,0.333,0.333,0.75,0.35,0.2803,0.1328,5,2
frag_00263,source_order_tree,2.0,4.0,27.0,1.0,0.0,0.0,0.0,0.5,0.333,0.667,0.35,0.2528,0.122,4,3
frag_00263,evidence_role_tree,2.0,7.0,36.0,4.0,0.0,2.0,0.0,0.333,0.333,0.75,0.45,0.3893,0.2568,7,2
frag_00263,question_intent_tree,2.0,5.0,26.0,2.0,0.0,0.0,0.0,0.333,1.0,0.75,0.35,0.2427,-0.0048,5,2
frag_00263,class_objective_tree,2.0,5.0,26.0,2.0,0.0,0.0,0.0,0.333,1.0,0.75,0.35,0.2427,-0.0048,5,2
frag_00263,hybrid_optimized_tree,1.667,5.0,26.0,2.0,0.0,1.0,0.0,0.333,0.333,0.75,0.35,0.2793,0.1318,5,2
frag_00264,source_order_tree,1.0,2.0,28.0,1.0,0.0,0.0,0.5,0.167,1.0,0.857,0.15,0.1788,-0.1201,2,1
frag_00264,evidence_role_tree,2.0,3.0,31.0,2.0,0.0,0.0,0.5,0.333,1.0,0.75,0.25,0.2677,0.0052,3,2
frag_00264,question_intent_tree,2.0,3.0,31.0,2.0,0.0,0.0,0.5,0.333,1.0,0.75,0.25,0.2677,0.0052,3,2
frag_00264,class_objective_tree,2.0,3.0,31.0,2.0,0.0,0.0,0.5,0.333,1.0,0.75,0.25,0.2677,0.0052,3,2
frag_00264,hybrid_optimized_tree,1.0,2.0,26.0,1.0,0.0,0.0,0.5,0.167,1.0,0.857,0.15,0.1768,-0.1221,2,1
frag_00265,source_order_tree,2.0,4.0,27.0,1.0,0.0,0.0,0.0,0.5,0.333,0.667,0.35,0.2528,0.122,4,3
frag_00265,evidence_role_tree,2.0,7.0,36.0,4.0,0.0,2.0,0.0,0.333,0.333,0.75,0.45,0.3893,0.2568,7,2
frag_00265,question_intent_tree,2.0,5.0,26.0,2.0,0.0,0.0,0.0,0.333,1.0,0.75,0.35,0.2427,-0.0048,5,2
frag_00265,class_objective_tree,2.0,5.0,26.0,2.0,0.0,0.0,0.0,0.333,1.0,0.75,0.35,0.2427,-0.0048,5,2
frag_00265,hybrid_optimized_tree,1.667,5.0,26.0,2.0,0.0,1.0,0.0,0.333,0.333,0.75,0.35,0.2793,0.1318,5,2
frag_00267,source_order_tree,2.0,4.0,27.0,1.0,0.0,0.0,0.0,0.5,0.333,0.667,0.35,0.2528,0.122,4,3
frag_00267,evidence_role_tree,2.0,7.0,36.0,4.0,0.0,2.0,0.0,0.333,0.333,0.75,0.45,0.3893,0.2568,7,2
frag_00267,question_intent_tree,2.0,5.0,26.0,2.0,0.0,0.0,0.0,0.333,1.0,0.75,0.35,0.2427,-0.0048,5,2
frag_00267,class_objective_tree,2.0,5.0,26.0,2.0,0.0,0.0,0.0,0.333,1.0,0.75,0.35,0.2427,-0.0048,5,2
frag_00267,hybrid_optimized_tree,1.667,5.0,26.0,2.0,0.0,1.0,0.0,0.333,0.333,0.75,0.35,0.2793,0.1318,5,2
frag_00268,source_order_tree,1.5,3.0,19.0,1.0,0.0,0.0,0.0,0.333,0.5,0.75,0.25,0.1907,0.0032,3,2
frag_00268,evidence_role_tree,2.0,5.0,25.0,3.0,0.0,1.0,0.0,0.333,0.5,0.75,0.35,0.3033,0.1308,5,2
frag_00268,question_intent_tree,2.0,4.0,20.0,2.0,0.0,0.0,0.0,0.333,1.0,0.75,0.3,0.2217,-0.0333,4,2
frag_00268,class_objective_tree,2.0,4.0,20.0,2.0,0.0,0.0,0.0,0.333,1.0,0.75,0.3,0.2217,-0.0333,4,2
frag_00268,hybrid_optimized_tree,2.0,4.0,20.0,2.0,0.0,0.0,0.0,0.333,1.0,0.75,0.3,0.2217,-0.0333,4,2
frag_00269,source_order_tree,2.0,4.0,27.0,1.0,0.0,0.0,0.0,0.5,0.333,0.667,0.35,0.2528,0.122,4,3
frag_00269,evidence_role_tree,2.0,7.0,36.0,4.0,0.0,2.0,0.0,0.333,0.333,0.75,0.45,0.3893,0.2568,7,2
frag_00269,question_intent_tree,2.0,5.0,26.0,2.0,0.0,0.0,0.0,0.333,1.0,0.75,0.35,0.2427,-0.0048,5,2
frag_00269,class_objective_tree,2.0,5.0,26.0,2.0,0.0,0.0,0.0,0.333,1.0,0.75,0.35,0.2427,-0.0048,5,2
frag_00269,hybrid_optimized_tree,1.667,5.0,26.0,2.0,0.0,1.0,0.0,0.333,0.333,0.75,0.35,0.2793,0.1318,5,2
frag_00270,source_order_tree,1.5,3.0,19.0,1.0,0.0,0.0,0.0,0.333,0.5,0.75,0.25,0.1907,0.0032,3,2
frag_00270,evidence_role_tree,2.0,5.0,25.0,3.0,0.0,1.0,0.0,0.333,0.5,0.75,0.35,0.3033,0.1308,5,2
frag_00270,question_intent_tree,2.0,4.0,20.0,2.0,0.0,0.0,0.0,0.333,1.0,0.75,0.3,0.2217,-0.0333,4,2
frag_00270,class_objective_tree,2.0,4.0,20.0,2.0,0.0,0.0,0.0,0.333,1.0,0.75,0.3,0.2217,-0.0333,4,2
frag_00270,hybrid_optimized_tree,2.0,4.0,20.0,2.0,0.0,0.0,0.0,0.333,1.0,0.75,0.3,0.2217,-0.0333,4,2
frag_00274,source_order_tree,1.5,3.0,18.0,1.0,0.0,0.0,0.0,0.333,0.5,0.75,0.25,0.1897,0.0022,3,2
frag_00274,evidence_role_tree,2.0,5.0,24.0,3.0,0.0,1.0,0.0,0.333,0.5,0.75,0.35,0.3023,0.1298,5,2
frag_00274,question_intent_tree,2.0,4.0,19.0,2.0,0.0,0.0,0.0,0.333,1.0,0.75,0.3,0.2207,-0.0343,4,2
frag_00274,class_objective_tree,2.0,5.0,24.0,3.0,0.0,1.0,0.0,0.333,0.5,0.75,0.35,0.3023,0.1298,5,2
frag_00274,hybrid_optimized_tree,2.0,4.0,19.0,2.0,0.0,0.0,0.0,0.333,1.0,0.75,0.3,0.2207,-0.0343,4,2
frag_00279,source_order_tree,1.0,2.0,11.0,1.0,0.0,0.0,0.0,0.167,1.0,0.857,0.15,0.1118,-0.1871,2,1
frag_00279,evidence_role_tree,2.0,3.0,14.0,2.0,0.0,0.0,0.0,0.333,1.0,0.75,0.25,0.2007,-0.0618,3,2
frag_00279,question_intent_tree,2.0,3.0,14.0,2.0,0.0,0.0,0.0,0.333,1.0,0.75,0.25,0.2007,-0.0618,3,2
frag_00279,class_objective_tree,2.0,3.0,14.0,2.0,0.0,0.0,0.0,0.333,1.0,0.75,0.25,0.2007,-0.0618,3,2
frag_00279,hybrid_optimized_tree,1.0,2.0,9.0,1.0,0.0,0.0,0.0,0.167,1.0,0.857,0.15,0.1098,-0.1891,2,1
frag_00281,source_order_tree,1.0,2.0,13.0,1.0,0.0,0.0,0.0,0.167,1.0,0.857,0.15,0.1138,-0.1851,2,1
frag_00281,evidence_role_tree,2.0,3.0,16.0,2.0,0.0,0.0,0.0,0.333,1.0,0.75,0.25,0.2027,-0.0598,3,2
frag_00281,question_intent_tree,2.0,3.0,16.0,2.0,0.0,0.0,0.0,0.333,1.0,0.75,0.25,0.2027,-0.0598,3,2
frag_00281,class_objective_tree,2.0,3.0,16.0,2.0,0.0,0.0,0.0,0.333,1.0,0.75,0.25,0.2027,-0.0598,3,2
frag_00281,hybrid_optimized_tree,1.0,2.0,11.0,1.0,0.0,0.0,0.0,0.167,1.0,0.857,0.15,0.1118,-0.1871,2,1
frag_00284,source_order_tree,1.5,3.0,19.0,1.0,0.0,0.0,0.0,0.333,0.5,0.75,0.25,0.1907,0.0032,3,2
frag_00284,evidence_role_tree,2.0,5.0,25.0,3.0,0.0,1.0,0.0,0.333,0.5,0.75,0.35,0.3033,0.1308,5,2
frag_00284,question_intent_tree,2.0,4.0,20.0,2.0,0.0,0.0,0.0,0.333,1.0,0.75,0.3,0.2217,-0.0333,4,2
frag_00284,class_objective_tree,2.0,4.0,20.0,2.0,0.0,0.0,0.0,0.333,1.0,0.75,0.3,0.2217,-0.0333,4,2
frag_00284,hybrid_optimized_tree,2.0,4.0,20.0,2.0,0.0,0.0,0.0,0.333,1.0,0.75,0.3,0.2217,-0.0333,4,2
frag_00285,source_order_tree,1.0,2.0,25.0,1.0,0.0,0.0,0.5,0.167,1.0,0.857,0.15,0.1758,-0.1231,2,1
frag_00285,evidence_role_tree,2.0,3.0,28.0,2.0,0.0,0.0,0.5,0.333,1.0,0.75,0.25,0.2647,0.0022,3,2
frag_00285,question_intent_tree,2.0,3.0,28.0,2.0,0.0,0.0,0.5,0.333,1.0,0.75,0.25,0.2647,0.0022,3,2
frag_00285,class_objective_tree,2.0,3.0,28.0,2.0,0.0,0.0,0.5,0.333,1.0,0.75,0.25,0.2647,0.0022,3,2
frag_00285,hybrid_optimized_tree,1.0,2.0,23.0,1.0,0.0,0.0,0.5,0.167,1.0,0.857,0.15,0.1738,-0.1251,2,1
frag_00289,source_order_tree,1.0,2.0,11.0,1.0,0.0,0.0,0.5,0.167,1.0,0.857,0.15,0.1618,-0.1371,2,1
frag_00289,evidence_role_tree,2.0,3.0,14.0,2.0,0.0,0.0,0.5,0.333,1.0,0.75,0.25,0.2507,-0.0118,3,2
frag_00289,question_intent_tree,2.0,3.0,14.0,2.0,0.0,0.0,0.5,0.333,1.0,0.75,0.25,0.2507,-0.0118,3,2
frag_00289,class_objective_tree,2.0,3.0,14.0,2.0,0.0,0.0,0.5,0.333,1.0,0.75,0.25,0.2507,-0.0118,3,2
frag_00289,hybrid_optimized_tree,1.0,2.0,9.0,1.0,0.0,0.0,0.5,0.167,1.0,0.857,0.15,0.1598,-0.1391,2,1
frag_00290,source_order_tree,1.0,2.0,14.0,1.0,0.0,0.0,0.5,0.167,1.0,0.857,0.15,0.1648,-0.1341,2,1
frag_00290,evidence_role_tree,2.0,3.0,17.0,2.0,0.0,0.0,0.5,0.333,1.0,0.75,0.25,0.2537,-0.0088,3,2
frag_00290,question_intent_tree,2.0,3.0,17.0,2.0,0.0,0.0,0.5,0.333,1.0,0.75,0.25,0.2537,-0.0088,3,2
frag_00290,class_objective_tree,2.0,3.0,17.0,2.0,0.0,0.0,0.5,0.333,1.0,0.75,0.25,0.2537,-0.0088,3,2
frag_00290,hybrid_optimized_tree,1.0,2.0,12.0,1.0,0.0,0.0,0.5,0.167,1.0,0.857,0.15,0.1628,-0.1361,2,1
frag_00297,source_order_tree,1.5,3.0,26.0,1.0,0.0,0.0,0.0,0.333,0.5,0.75,0.25,0.1977,0.0102,3,2
frag_00297,evidence_role_tree,2.0,5.0,32.0,3.0,0.0,1.0,0.0,0.333,0.5,0.75,0.35,0.3103,0.1378,5,2
frag_00297,question_intent_tree,2.0,4.0,27.0,2.0,0.0,0.0,0.0,0.333,1.0,0.75,0.3,0.2287,-0.0263,4,2
frag_00297,class_objective_tree,2.0,4.0,27.0,2.0,0.0,0.0,0.0,0.333,1.0,0.75,0.3,0.2287,-0.0263,4,2
frag_00297,hybrid_optimized_tree,2.0,4.0,27.0,2.0,0.0,0.0,0.0,0.333,1.0,0.75,0.3,0.2287,-0.0263,4,2
frag_00300,source_order_tree,2.0,3.0,20.0,2.0,1.0,0.0,0.0,0.333,1.0,0.75,0.25,0.3067,0.0442,3,2
frag_00300,evidence_role_tree,2.0,3.0,15.0,2.0,1.0,0.0,0.0,0.333,1.0,0.75,0.3,0.3042,0.0492,4,2
frag_00300,question_intent_tree,2.0,3.0,15.0,2.0,1.0,0.0,0.0,0.333,1.0,0.75,0.3,0.3042,0.0492,4,2
frag_00300,class_objective_tree,2.0,3.0,15.0,2.0,1.0,0.0,0.0,0.333,1.0,0.75,0.3,0.3042,0.0492,4,2
frag_00300,hybrid_optimized_tree,1.0,2.0,10.0,1.0,1.0,0.0,0.0,0.167,1.0,0.857,0.2,0.2133,-0.0781,3,1
frag_00302,source_order_tree,1.0,2.0,12.0,1.0,0.0,0.0,0.0,0.167,1.0,0.857,0.15,0.1128,-0.1861,2,1
frag_00302,evidence_role_tree,2.0,3.0,15.0,2.0,0.0,0.0,0.0,0.333,1.0,0.75,0.25,0.2017,-0.0608,3,2
frag_00302,question_intent_tree,2.0,3.0,15.0,2.0,0.0,0.0,0.0,0.333,1.0,0.75,0.25,0.2017,-0.0608,3,2
frag_00302,class_objective_tree,2.0,3.0,15.0,2.0,0.0,0.0,0.0,0.333,1.0,0.75,0.25,0.2017,-0.0608,3,2
frag_00302,hybrid_optimized_tree,1.0,2.0,10.0,1.0,0.0,0.0,0.0,0.167,1.0,0.857,0.15,0.1108,-0.1881,2,1
frag_00309,source_order_tree,1.5,3.0,26.0,1.0,0.0,0.0,0.0,0.333,0.5,0.75,0.25,0.1977,0.0102,3,2
frag_00309,evidence_role_tree,2.0,5.0,32.0,3.0,0.0,1.0,0.0,0.333,0.5,0.75,0.35,0.3103,0.1378,5,2
frag_00309,question_intent_tree,2.0,4.0,27.0,2.0,0.0,0.0,0.0,0.333,1.0,0.75,0.3,0.2287,-0.0263,4,2
frag_00309,class_objective_tree,2.0,5.0,32.0,3.0,0.0,1.0,0.0,0.333,0.5,0.75,0.35,0.3103,0.1378,5,2
frag_00309,hybrid_optimized_tree,2.0,4.0,27.0,2.0,0.0,0.0,0.0,0.333,1.0,0.75,0.3,0.2287,-0.0263,4,2
frag_00316,source_order_tree,1.5,3.0,20.0,1.0,0.0,0.0,0.0,0.333,0.5,0.75,0.25,0.1917,0.0042,3,2
frag_00316,evidence_role_tree,2.0,5.0,26.0,3.0,0.0,1.0,0.0,0.333,0.5,0.75,0.35,0.3043,0.1318,5,2
frag_00316,question_intent_tree,2.0,4.0,21.0,2.0,0.0,0.0,0.0,0.333,1.0,0.75,0.3,0.2227,-0.0323,4,2
frag_00316,class_objective_tree,2.0,4.0,21.0,2.0,0.0,0.0,0.0,0.333,1.0,0.75,0.3,0.2227,-0.0323,4,2
frag_00316,hybrid_optimized_tree,2.0,4.0,21.0,2.0,0.0,0.0,0.0,0.333,1.0,0.75,0.3,0.2227,-0.0323,4,2
frag_00318,source_order_tree,1.5,3.0,26.0,1.0,0.0,0.0,0.0,0.333,0.5,0.75,0.25,0.1977,0.0102,3,2
frag_00318,evidence_role_tree,2.0,5.0,32.0,3.0,0.0,1.0,0.0,0.333,0.5,0.75,0.35,0.3103,0.1378,5,2
frag_00318,question_intent_tree,2.0,4.0,27.0,2.0,0.0,0.0,0.0,0.333,1.0,0.75,0.3,0.2287,-0.0263,4,2
frag_00318,class_objective_tree,2.0,4.0,27.0,2.0,0.0,0.0,0.0,0.333,1.0,0.75,0.3,0.2287,-0.0263,4,2
frag_00318,hybrid_optimized_tree,2.0,4.0,27.0,2.0,0.0,0.0,0.0,0.333,1.0,0.75,0.3,0.2287,-0.0263,4,2
frag_00320,source_order_tree,1.0,2.0,14.0,1.0,0.0,0.0,0.0,0.167,1.0,0.857,0.15,0.1148,-0.1841,2,1
frag_00320,evidence_role_tree,2.0,3.0,17.0,2.0,0.0,0.0,0.0,0.333,1.0,0.75,0.25,0.2037,-0.0588,3,2
frag_00320,question_intent_tree,2.0,3.0,17.0,2.0,0.0,0.0,0.0,0.333,1.0,0.75,0.25,0.2037,-0.0588,3,2
frag_00320,class_objective_tree,2.0,3.0,17.0,2.0,0.0,0.0,0.0,0.333,1.0,0.75,0.25,0.2037,-0.0588,3,2
frag_00320,hybrid_optimized_tree,1.0,2.0,12.0,1.0,0.0,0.0,0.0,0.167,1.0,0.857,0.15,0.1128,-0.1861,2,1
frag_00326,source_order_tree,1.5,3.0,18.0,1.0,0.0,0.0,0.0,0.333,0.5,0.75,0.25,0.1897,0.0022,3,2
frag_00326,evidence_role_tree,2.0,5.0,24.0,3.0,0.0,1.0,0.0,0.333,0.5,0.75,0.35,0.3023,0.1298,5,2
frag_00326,question_intent_tree,2.0,4.0,19.0,2.0,0.0,0.0,0.0,0.333,1.0,0.75,0.3,0.2207,-0.0343,4,2
frag_00326,class_objective_tree,2.0,5.0,24.0,3.0,0.0,1.0,0.0,0.333,0.5,0.75,0.35,0.3023,0.1298,5,2
frag_00326,hybrid_optimized_tree,2.0,4.0,19.0,2.0,0.0,0.0,0.0,0.333,1.0,0.75,0.3,0.2207,-0.0343,4,2
frag_00343,source_order_tree,1.0,2.0,20.0,1.0,0.0,0.0,0.5,0.167,1.0,0.857,0.15,0.1708,-0.1281,2,1
frag_00343,evidence_role_tree,2.0,3.0,23.0,2.0,0.0,0.0,0.5,0.333,1.0,0.75,0.25,0.2597,-0.0028,3,2
frag_00343,question_intent_tree,2.0,3.0,23.0,2.0,0.0,0.0,0.5,0.333,1.0,0.75,0.25,0.2597,-0.0028,3,2
frag_00343,class_objective_tree,2.0,3.0,23.0,2.0,0.0,0.0,0.5,0.333,1.0,0.75,0.25,0.2597,-0.0028,3,2
frag_00343,hybrid_optimized_tree,1.0,2.0,18.0,1.0,0.0,0.0,0.5,0.167,1.0,0.857,0.15,0.1688,-0.1301,2,1
frag_00346,source_order_tree,1.0,2.0,13.0,1.0,0.0,0.0,0.0,0.167,1.0,0.857,0.15,0.1138,-0.1851,2,1
frag_00346,evidence_role_tree,2.0,3.0,16.0,2.0,0.0,0.0,0.0,0.333,1.0,0.75,0.25,0.2027,-0.0598,3,2
frag_00346,question_intent_tree,2.0,3.0,16.0,2.0,0.0,0.0,0.0,0.333,1.0,0.75,0.25,0.2027,-0.0598,3,2
frag_00346,class_objective_tree,2.0,3.0,16.0,2.0,0.0,0.0,0.0,0.333,1.0,0.75,0.25,0.2027,-0.0598,3,2
frag_00346,hybrid_optimized_tree,1.0,2.0,11.0,1.0,0.0,0.0,0.0,0.167,1.0,0.857,0.15,0.1118,-0.1871,2,1
frag_00347,source_order_tree,1.0,2.0,11.0,1.0,0.0,0.0,0.0,0.167,1.0,0.857,0.15,0.1118,-0.1871,2,1
frag_00347,evidence_role_tree,2.0,3.0,14.0,2.0,0.0,0.0,0.0,0.333,1.0,0.75,0.25,0.2007,-0.0618,3,2
frag_00347,question_intent_tree,2.0,3.0,14.0,2.0,0.0,0.0,0.0,0.333,1.0,0.75,0.25,0.2007,-0.0618,3,2
frag_00347,class_objective_tree,2.0,3.0,14.0,2.0,0.0,0.0,0.0,0.333,1.0,0.75,0.25,0.2007,-0.0618,3,2
frag_00347,hybrid_optimized_tree,1.0,2.0,9.0,1.0,0.0,0.0,0.0,0.167,1.0,0.857,0.15,0.1098,-0.1891,2,1
frag_00349,source_order_tree,2.055,3.555,32.4,1.555,0.0,0.0,0.0,0.5,0.5,0.667,0.35,0.2577,0.1018,4,3
frag_00349,evidence_role_tree,2.0,5.0,34.5,3.0,0.0,1.0,0.0,0.333,0.5,0.75,0.45,0.3179,0.1604,7,2
frag_00349,question_intent_tree,2.0,4.445,31.8,2.445,0.5,0.445,0.0,0.333,0.777,0.75,0.45,0.3239,0.1248,7,2
frag_00349,class_objective_tree,2.0,4.445,31.8,2.445,0.0,0.445,0.0,0.333,0.777,0.75,0.4,0.2714,0.0648,6,2
frag_00349,hybrid_optimized_tree,1.777,4.0,29.5,2.0,0.0,0.445,0.0,0.333,0.703,0.75,0.35,0.2471,0.0441,5,2
frag_00359,source_order_tree,1.0,2.0,18.0,1.0,0.0,0.0,0.5,0.167,1.0,0.857,0.15,0.1688,-0.1301,2,1
frag_00359,evidence_role_tree,2.0,3.0,21.0,2.0,0.0,0.0,0.5,0.333,1.0,0.75,0.25,0.2577,-0.0048,3,2
frag_00359,question_intent_tree,2.0,3.0,21.0,2.0,0.0,0.0,0.5,0.333,1.0,0.75,0.25,0.2577,-0.0048,3,2
frag_00359,class_objective_tree,2.0,3.0,21.0,2.0,0.0,0.0,0.5,0.333,1.0,0.75,0.25,0.2577,-0.0048,3,2
frag_00359,hybrid_optimized_tree,1.0,2.0,16.0,1.0,0.0,0.0,0.5,0.167,1.0,0.857,0.15,0.1668,-0.1321,2,1
frag_00360,source_order_tree,2.186,3.463,28.1,1.909,0.0,0.0,0.0,0.833,0.723,0.545,0.55,0.28,0.145,6,5
frag_00360,evidence_role_tree,2.0,4.108,24.8,2.554,0.0,0.554,0.0,0.333,0.723,0.75,0.65,0.2794,0.1185,11,2
frag_00360,question_intent_tree,2.0,3.554,22.0,2.0,0.0,0.0,0.0,0.333,1.0,0.75,0.55,0.2306,0.0131,9,2
frag_00360,class_objective_tree,2.0,3.554,22.0,2.0,0.0,0.0,0.0,0.333,1.0,0.75,0.5,0.2281,0.0031,8,2
frag_00360,hybrid_optimized_tree,1.554,3.108,19.8,1.554,0.0,0.0,0.0,0.333,1.0,0.75,0.5,0.1935,-0.0315,8,2
frag_00369,source_order_tree,1.0,2.0,14.0,1.0,0.0,0.0,0.0,0.167,1.0,0.857,0.15,0.1148,-0.1841,2,1
frag_00369,evidence_role_tree,2.0,3.0,17.0,2.0,0.0,0.0,0.0,0.333,1.0,0.75,0.25,0.2037,-0.0588,3,2
frag_00369,question_intent_tree,2.0,3.0,17.0,2.0,0.0,0.0,0.0,0.333,1.0,0.75,0.25,0.2037,-0.0588,3,2
frag_00369,class_objective_tree,2.0,3.0,17.0,2.0,0.0,0.0,0.0,0.333,1.0,0.75,0.25,0.2037,-0.0588,3,2
frag_00369,hybrid_optimized_tree,1.0,2.0,12.0,1.0,0.0,0.0,0.0,0.167,1.0,0.857,0.15,0.1128,-0.1861,2,1
frag_00374,source_order_tree,1.0,2.0,13.0,1.0,0.0,0.0,0.0,0.167,1.0,0.857,0.15,0.1138,-0.1851,2,1
frag_00374,evidence_role_tree,2.0,3.0,16.0,2.0,0.0,0.0,0.0,0.333,1.0,0.75,0.25,0.2027,-0.0598,3,2
frag_00374,question_intent_tree,2.0,3.0,16.0,2.0,0.0,0.0,0.0,0.333,1.0,0.75,0.25,0.2027,-0.0598,3,2
frag_00374,class_objective_tree,2.0,3.0,16.0,2.0,0.0,0.0,0.0,0.333,1.0,0.75,0.25,0.2027,-0.0598,3,2
frag_00374,hybrid_optimized_tree,1.0,2.0,11.0,1.0,0.0,0.0,0.0,0.167,1.0,0.857,0.15,0.1118,-0.1871,2,1
frag_00375,source_order_tree,1.0,2.0,13.0,1.0,0.0,0.0,0.0,0.167,1.0,0.857,0.15,0.1138,-0.1851,2,1
frag_00375,evidence_role_tree,2.0,3.0,16.0,2.0,0.0,0.0,0.0,0.333,1.0,0.75,0.25,0.2027,-0.0598,3,2
frag_00375,question_intent_tree,2.0,3.0,16.0,2.0,0.0,0.0,0.0,0.333,1.0,0.75,0.25,0.2027,-0.0598,3,2
frag_00375,class_objective_tree,2.0,3.0,16.0,2.0,0.0,0.0,0.0,0.333,1.0,0.75,0.25,0.2027,-0.0598,3,2
frag_00375,hybrid_optimized_tree,1.0,2.0,11.0,1.0,0.0,0.0,0.0,0.167,1.0,0.857,0.15,0.1118,-0.1871,2,1
frag_00380,source_order_tree,1.0,2.0,11.0,1.0,0.0,0.0,0.0,0.167,1.0,0.857,0.15,0.1118,-0.1871,2,1
frag_00380,evidence_role_tree,2.0,3.0,14.0,2.0,0.0,0.0,0.0,0.333,1.0,0.75,0.25,0.2007,-0.0618,3,2
frag_00380,question_intent_tree,2.0,3.0,14.0,2.0,0.0,0.0,0.0,0.333,1.0,0.75,0.25,0.2007,-0.0618,3,2
frag_00380,class_objective_tree,2.0,3.0,14.0,2.0,0.0,0.0,0.0,0.333,1.0,0.75,0.25,0.2007,-0.0618,3,2
frag_00380,hybrid_optimized_tree,1.0,2.0,9.0,1.0,0.0,0.0,0.0,0.167,1.0,0.857,0.15,0.1098,-0.1891,2,1
frag_00381,source_order_tree,1.0,2.0,13.0,1.0,0.0,0.0,0.0,0.167,1.0,0.857,0.15,0.1138,-0.1851,2,1
frag_00381,evidence_role_tree,2.0,3.0,16.0,2.0,0.0,0.0,0.0,0.333,1.0,0.75,0.25,0.2027,-0.0598,3,2
frag_00381,question_intent_tree,2.0,3.0,16.0,2.0,0.0,0.0,0.0,0.333,1.0,0.75,0.25,0.2027,-0.0598,3,2
frag_00381,class_objective_tree,2.0,3.0,16.0,2.0,0.0,0.0,0.0,0.333,1.0,0.75,0.25,0.2027,-0.0598,3,2
frag_00381,hybrid_optimized_tree,1.0,2.0,11.0,1.0,0.0,0.0,0.0,0.167,1.0,0.857,0.15,0.1118,-0.1871,2,1
frag_00382,source_order_tree,1.0,2.0,13.0,1.0,0.0,0.0,0.0,0.167,1.0,0.857,0.15,0.1138,-0.1851,2,1
frag_00382,evidence_role_tree,2.0,3.0,16.0,2.0,0.0,0.0,0.0,0.333,1.0,0.75,0.25,0.2027,-0.0598,3,2
frag_00382,question_intent_tree,2.0,3.0,16.0,2.0,0.0,0.0,0.0,0.333,1.0,0.75,0.25,0.2027,-0.0598,3,2
frag_00382,class_objective_tree,2.0,3.0,16.0,2.0,0.0,0.0,0.0,0.333,1.0,0.75,0.25,0.2027,-0.0598,3,2
frag_00382,hybrid_optimized_tree,1.0,2.0,11.0,1.0,0.0,0.0,0.0,0.167,1.0,0.857,0.15,0.1118,-0.1871,2,1
frag_00389,source_order_tree,1.5,3.0,47.0,1.0,0.0,0.0,0.0,0.333,0.5,0.75,0.25,0.2187,0.0312,3,2
frag_00389,evidence_role_tree,2.0,5.0,53.0,3.0,0.0,1.0,0.0,0.333,0.5,0.75,0.35,0.3313,0.1588,5,2
frag_00389,question_intent_tree,2.0,4.0,48.0,2.0,0.0,0.0,0.0,0.333,1.0,0.75,0.3,0.2497,-0.0053,4,2
frag_00389,class_objective_tree,2.0,5.0,53.0,3.0,0.0,1.0,0.0,0.333,0.5,0.75,0.35,0.3313,0.1588,5,2
frag_00389,hybrid_optimized_tree,2.0,4.0,48.0,2.0,0.0,0.0,0.0,0.333,1.0,0.75,0.3,0.2497,-0.0053,4,2
frag_00390,source_order_tree,1.522,2.696,16.9,1.348,0.0,0.0,0.0,0.5,0.826,0.667,0.35,0.1896,-0.0151,4,3
frag_00390,evidence_role_tree,2.0,3.696,18.1,2.348,0.0,0.348,0.0,0.333,0.826,0.75,0.45,0.245,0.0386,7,2
frag_00390,question_intent_tree,2.0,3.348,16.4,2.0,0.0,0.0,0.0,0.333,1.0,0.75,0.4,0.2149,-0.0251,6,2
frag_00390,class_objective_tree,2.0,3.348,16.4,2.0,0.0,0.0,0.0,0.333,1.0,0.75,0.4,0.2149,-0.0251,6,2
frag_00390,hybrid_optimized_tree,1.348,2.696,13.1,1.348,0.0,0.0,0.0,0.333,1.0,0.75,0.35,0.1619,-0.0856,5,2
frag_00393,source_order_tree,1.5,3.0,19.0,1.0,0.0,0.0,0.0,0.333,0.5,0.75,0.25,0.1907,0.0032,3,2
frag_00393,evidence_role_tree,2.0,5.0,25.0,3.0,0.0,1.0,0.0,0.333,0.5,0.75,0.35,0.3033,0.1308,5,2
frag_00393,question_intent_tree,2.0,4.0,20.0,2.0,0.0,0.0,0.0,0.333,1.0,0.75,0.3,0.2217,-0.0333,4,2
frag_00393,class_objective_tree,2.0,4.0,20.0,2.0,0.0,0.0,0.0,0.333,1.0,0.75,0.3,0.2217,-0.0333,4,2
frag_00393,hybrid_optimized_tree,2.0,4.0,20.0,2.0,0.0,0.0,0.0,0.333,1.0,0.75,0.3,0.2217,-0.0333,4,2
frag_00397,source_order_tree,1.0,2.0,13.0,1.0,0.0,0.0,0.0,0.167,1.0,0.857,0.15,0.1138,-0.1851,2,1
frag_00397,evidence_role_tree,2.0,3.0,16.0,2.0,0.0,0.0,0.0,0.333,1.0,0.75,0.25,0.2027,-0.0598,3,2
frag_00397,question_intent_tree,2.0,3.0,16.0,2.0,0.0,0.0,0.0,0.333,1.0,0.75,0.25,0.2027,-0.0598,3,2
frag_00397,class_objective_tree,2.0,3.0,16.0,2.0,0.0,0.0,0.0,0.333,1.0,0.75,0.25,0.2027,-0.0598,3,2
frag_00397,hybrid_optimized_tree,1.0,2.0,11.0,1.0,0.0,0.0,0.0,0.167,1.0,0.857,0.15,0.1118,-0.1871,2,1
frag_00398,source_order_tree,1.715,2.824,20.7,1.606,0.0,0.0,0.0,0.667,0.891,0.6,0.45,0.2179,0.0318,5,4
frag_00398,evidence_role_tree,2.0,3.436,19.0,2.218,0.0,0.218,0.0,0.333,0.891,0.75,0.55,0.2396,0.0385,9,2
frag_00398,question_intent_tree,2.0,3.218,18.0,2.0,0.0,0.0,0.0,0.333,1.0,0.75,0.5,0.2198,-0.0052,8,2
frag_00398,class_objective_tree,2.0,3.218,18.0,2.0,0.0,0.0,0.0,0.333,1.0,0.75,0.45,0.2173,-0.0152,7,2
frag_00398,hybrid_optimized_tree,1.218,2.436,14.0,1.218,0.0,0.0,0.0,0.333,1.0,0.75,0.4,0.1542,-0.0858,6,2
frag_00400,source_order_tree,1.5,3.0,20.0,1.0,0.0,0.0,0.0,0.333,0.5,0.75,0.25,0.1917,0.0042,3,2
frag_00400,evidence_role_tree,2.0,5.0,26.0,3.0,0.0,1.0,0.0,0.333,0.5,0.75,0.35,0.3043,0.1318,5,2
frag_00400,question_intent_tree,2.0,4.0,21.0,2.0,0.0,0.0,0.0,0.333,1.0,0.75,0.3,0.2227,-0.0323,4,2
frag_00400,class_objective_tree,2.0,4.0,21.0,2.0,0.0,0.0,0.0,0.333,1.0,0.75,0.3,0.2227,-0.0323,4,2
frag_00400,hybrid_optimized_tree,2.0,4.0,21.0,2.0,0.0,0.0,0.0,0.333,1.0,0.75,0.3,0.2227,-0.0323,4,2
frag_00402,source_order_tree,1.686,2.915,20.8,1.457,0.0,0.0,0.0,0.5,0.771,0.667,0.35,0.2077,0.0112,4,3
frag_00402,evidence_role_tree,2.0,3.915,21.0,2.457,0.0,0.457,0.0,0.333,0.771,0.75,0.45,0.2573,0.0591,7,2
frag_00402,question_intent_tree,2.0,3.457,18.7,2.0,0.0,0.0,0.0,0.333,1.0,0.75,0.4,0.2186,-0.0214,6,2
frag_00402,class_objective_tree,2.0,3.457,18.7,2.0,0.0,0.0,0.0,0.333,1.0,0.75,0.4,0.2186,-0.0214,6,2
frag_00402,hybrid_optimized_tree,1.457,2.915,16.0,1.457,0.0,0.0,0.0,0.333,1.0,0.75,0.35,0.1741,-0.0734,5,2
frag_00408,source_order_tree,1.5,3.0,51.0,1.0,0.0,0.0,0.0,0.333,0.5,0.75,0.25,0.2227,0.0352,3,2
frag_00408,evidence_role_tree,2.0,5.0,57.0,3.0,0.0,1.0,0.0,0.333,0.5,0.75,0.35,0.3353,0.1628,5,2
frag_00408,question_intent_tree,2.0,4.0,52.0,2.0,0.0,0.0,0.0,0.333,1.0,0.75,0.3,0.2537,-0.0013,4,2
frag_00408,class_objective_tree,2.0,5.0,57.0,3.0,0.0,1.0,0.0,0.333,0.5,0.75,0.35,0.3353,0.1628,5,2
frag_00408,hybrid_optimized_tree,2.0,4.0,52.0,2.0,0.0,0.0,0.0,0.333,1.0,0.75,0.3,0.2537,-0.0013,4,2
frag_00409,source_order_tree,1.5,3.0,18.0,1.0,0.0,0.0,0.0,0.333,0.5,0.75,0.25,0.1897,0.0022,3,2
frag_00409,evidence_role_tree,2.0,5.0,24.0,3.0,0.0,1.0,0.0,0.333,0.5,0.75,0.35,0.3023,0.1298,5,2
frag_00409,question_intent_tree,2.0,4.0,19.0,2.0,0.0,0.0,0.0,0.333,1.0,0.75,0.3,0.2207,-0.0343,4,2
frag_00409,class_objective_tree,2.0,5.0,24.0,3.0,0.0,1.0,0.0,0.333,0.5,0.75,0.35,0.3023,0.1298,5,2
frag_00409,hybrid_optimized_tree,2.0,4.0,19.0,2.0,0.0,0.0,0.0,0.333,1.0,0.75,0.3,0.2207,-0.0343,4,2
frag_00415,source_order_tree,1.5,3.0,19.0,1.0,0.0,0.0,0.0,0.333,0.5,0.75,0.25,0.1907,0.0032,3,2
frag_00415,evidence_role_tree,2.0,5.0,25.0,3.0,0.0,1.0,0.0,0.333,0.5,0.75,0.35,0.3033,0.1308,5,2
frag_00415,question_intent_tree,2.0,4.0,20.0,2.0,0.0,0.0,0.0,0.333,1.0,0.75,0.3,0.2217,-0.0333,4,2
frag_00415,class_objective_tree,2.0,4.0,20.0,2.0,0.0,0.0,0.0,0.333,1.0,0.75,0.3,0.2217,-0.0333,4,2
frag_00415,hybrid_optimized_tree,2.0,4.0,20.0,2.0,0.0,0.0,0.0,0.333,1.0,0.75,0.3,0.2217,-0.0333,4,2
frag_00416,source_order_tree,1.5,3.0,19.0,1.0,0.0,0.0,0.0,0.333,0.5,0.75,0.25,0.1907,0.0032,3,2
frag_00416,evidence_role_tree,2.0,5.0,25.0,3.0,0.0,1.0,0.0,0.333,0.5,0.75,0.35,0.3033,0.1308,5,2
frag_00416,question_intent_tree,2.0,4.0,20.0,2.0,0.0,0.0,0.0,0.333,1.0,0.75,0.3,0.2217,-0.0333,4,2
frag_00416,class_objective_tree,2.0,4.0,20.0,2.0,0.0,0.0,0.0,0.333,1.0,0.75,0.3,0.2217,-0.0333,4,2
frag_00416,hybrid_optimized_tree,2.0,4.0,20.0,2.0,0.0,0.0,0.0,0.333,1.0,0.75,0.3,0.2217,-0.0333,4,2
frag_00417,source_order_tree,1.5,3.0,19.0,1.0,0.0,0.0,0.0,0.333,0.5,0.75,0.25,0.1907,0.0032,3,2
frag_00417,evidence_role_tree,2.0,5.0,25.0,3.0,0.0,1.0,0.0,0.333,0.5,0.75,0.35,0.3033,0.1308,5,2
frag_00417,question_intent_tree,2.0,4.0,20.0,2.0,0.0,0.0,0.0,0.333,1.0,0.75,0.3,0.2217,-0.0333,4,2
frag_00417,class_objective_tree,2.0,4.0,20.0,2.0,0.0,0.0,0.0,0.333,1.0,0.75,0.3,0.2217,-0.0333,4,2
frag_00417,hybrid_optimized_tree,2.0,4.0,20.0,2.0,0.0,0.0,0.0,0.333,1.0,0.75,0.3,0.2217,-0.0333,4,2
frag_00418,source_order_tree,1.5,3.0,19.0,1.0,0.0,0.0,0.0,0.333,0.5,0.75,0.25,0.1907,0.0032,3,2
frag_00418,evidence_role_tree,2.0,5.0,25.0,3.0,0.0,1.0,0.0,0.333,0.5,0.75,0.35,0.3033,0.1308,5,2
frag_00418,question_intent_tree,2.0,4.0,20.0,2.0,0.0,0.0,0.0,0.333,1.0,0.75,0.3,0.2217,-0.0333,4,2
frag_00418,class_objective_tree,2.0,4.0,20.0,2.0,0.0,0.0,0.0,0.333,1.0,0.75,0.3,0.2217,-0.0333,4,2
frag_00418,hybrid_optimized_tree,2.0,4.0,20.0,2.0,0.0,0.0,0.0,0.333,1.0,0.75,0.3,0.2217,-0.0333,4,2
frag_00419,source_order_tree,1.0,2.0,30.0,1.0,0.0,0.0,0.5,0.167,1.0,0.857,0.15,0.1808,-0.1181,2,1
frag_00419,evidence_role_tree,2.0,3.0,33.0,2.0,0.0,0.0,0.5,0.333,1.0,0.75,0.25,0.2697,0.0072,3,2
frag_00419,question_intent_tree,2.0,3.0,33.0,2.0,0.0,0.0,0.5,0.333,1.0,0.75,0.25,0.2697,0.0072,3,2
frag_00419,class_objective_tree,2.0,3.0,33.0,2.0,0.0,0.0,0.5,0.333,1.0,0.75,0.25,0.2697,0.0072,3,2
frag_00419,hybrid_optimized_tree,1.0,2.0,28.0,1.0,0.0,0.0,0.5,0.167,1.0,0.857,0.15,0.1788,-0.1201,2,1
frag_00422,source_order_tree,1.838,3.118,38.9,1.559,0.0,0.0,0.221,0.5,0.721,0.667,0.35,0.2611,0.0722,4,3
frag_00422,evidence_role_tree,2.0,4.118,29.1,2.559,0.0,0.559,0.221,0.333,0.721,0.75,0.45,0.2962,0.1057,7,2
frag_00422,question_intent_tree,2.0,3.559,26.3,2.0,0.0,0.0,0.221,0.333,1.0,0.75,0.4,0.2495,0.0095,6,2
frag_00422,class_objective_tree,2.0,3.559,26.3,2.0,0.0,0.0,0.221,0.333,1.0,0.75,0.4,0.2495,0.0095,6,2
frag_00422,hybrid_optimized_tree,1.559,3.118,24.1,1.559,0.0,0.0,0.221,0.333,1.0,0.75,0.35,0.2128,-0.0347,5,2
frag_00424,source_order_tree,1.5,3.0,19.0,1.0,0.0,0.0,0.0,0.333,0.5,0.75,0.25,0.1907,0.0032,3,2
frag_00424,evidence_role_tree,2.0,5.0,25.0,3.0,0.0,1.0,0.0,0.333,0.5,0.75,0.35,0.3033,0.1308,5,2
frag_00424,question_intent_tree,2.0,4.0,20.0,2.0,0.0,0.0,0.0,0.333,1.0,0.75,0.3,0.2217,-0.0333,4,2
frag_00424,class_objective_tree,2.0,4.0,20.0,2.0,0.0,0.0,0.0,0.333,1.0,0.75,0.3,0.2217,-0.0333,4,2
frag_00424,hybrid_optimized_tree,2.0,4.0,20.0,2.0,0.0,0.0,0.0,0.333,1.0,0.75,0.3,0.2217,-0.0333,4,2
frag_00425,source_order_tree,1.5,3.0,26.0,1.0,0.0,0.0,0.0,0.333,0.5,0.75,0.25,0.1977,0.0102,3,2
frag_00425,evidence_role_tree,2.0,5.0,32.0,3.0,0.0,1.0,0.0,0.333,0.5,0.75,0.35,0.3103,0.1378,5,2
frag_00425,question_intent_tree,2.0,4.0,27.0,2.0,0.0,0.0,0.0,0.333,1.0,0.75,0.3,0.2287,-0.0263,4,2
frag_00425,class_objective_tree,2.0,4.0,27.0,2.0,0.0,0.0,0.0,0.333,1.0,0.75,0.3,0.2287,-0.0263,4,2
frag_00425,hybrid_optimized_tree,2.0,4.0,27.0,2.0,0.0,0.0,0.0,0.333,1.0,0.75,0.3,0.2287,-0.0263,4,2
frag_00426,source_order_tree,2.556,4.056,42.4,2.056,0.0,0.0,0.0,0.667,0.5,0.6,0.45,0.3173,0.1898,5,4
frag_00426,evidence_role_tree,2.0,5.0,36.8,3.0,0.0,1.0,0.0,0.333,0.5,0.75,0.55,0.3251,0.1826,9,2
frag_00426,question_intent_tree,2.0,4.0,31.8,2.0,0.0,0.0,0.0,0.333,1.0,0.75,0.45,0.2409,0.0084,7,2
frag_00426,class_objective_tree,2.0,4.0,31.8,2.0,0.0,0.0,0.0,0.333,1.0,0.75,0.45,0.2409,0.0084,7,2
frag_00426,hybrid_optimized_tree,2.0,4.0,31.8,2.0,0.0,0.0,0.0,0.333,1.0,0.75,0.45,0.2409,0.0084,7,2
frag_00437,source_order_tree,1.838,3.118,38.9,1.559,0.0,0.0,0.221,0.5,0.721,0.667,0.35,0.2611,0.0722,4,3
frag_00437,evidence_role_tree,2.0,4.118,29.1,2.559,0.0,0.559,0.221,0.333,0.721,0.75,0.45,0.2962,0.1057,7,2
frag_00437,question_intent_tree,2.0,3.559,26.3,2.0,0.0,0.0,0.221,0.333,1.0,0.75,0.4,0.2495,0.0095,6,2
frag_00437,class_objective_tree,2.0,3.559,26.3,2.0,0.0,0.0,0.221,0.333,1.0,0.75,0.4,0.2495,0.0095,6,2
frag_00437,hybrid_optimized_tree,1.559,3.118,24.1,1.559,0.0,0.0,0.221,0.333,1.0,0.75,0.35,0.2128,-0.0347,5,2
frag_00438,source_order_tree,1.5,3.0,21.0,1.0,0.0,0.0,0.0,0.333,0.5,0.75,0.25,0.1927,0.0052,3,2
frag_00438,evidence_role_tree,2.0,5.0,27.0,3.0,0.0,1.0,0.0,0.333,0.5,0.75,0.35,0.3053,0.1328,5,2
frag_00438,question_intent_tree,2.0,4.0,22.0,2.0,0.0,0.0,0.0,0.333,1.0,0.75,0.3,0.2237,-0.0313,4,2
frag_00438,class_objective_tree,2.0,4.0,22.0,2.0,0.0,0.0,0.0,0.333,1.0,0.75,0.3,0.2237,-0.0313,4,2
frag_00438,hybrid_optimized_tree,2.0,4.0,22.0,2.0,0.0,0.0,0.0,0.333,1.0,0.75,0.3,0.2237,-0.0313,4,2
frag_00452,source_order_tree,1.686,2.915,17.9,1.457,0.0,0.0,0.0,0.5,0.771,0.667,0.35,0.2048,0.0083,4,3
frag_00452,evidence_role_tree,2.0,3.915,19.0,2.457,0.0,0.457,0.0,0.333,0.771,0.75,0.45,0.2553,0.0571,7,2
frag_00452,question_intent_tree,2.0,3.457,16.7,2.0,0.0,0.0,0.0,0.333,1.0,0.75,0.4,0.2166,-0.0234,6,2
frag_00452,class_objective_tree,2.0,3.457,16.7,2.0,0.0,0.0,0.0,0.333,1.0,0.75,0.4,0.2166,-0.0234,6,2
frag_00452,hybrid_optimized_tree,1.457,2.915,14.0,1.457,0.0,0.0,0.0,0.333,1.0,0.75,0.35,0.1721,-0.0754,5,2
frag_00454,source_order_tree,1.5,3.0,21.0,1.0,0.0,0.0,0.0,0.333,0.5,0.75,0.25,0.1927,0.0052,3,2
frag_00454,evidence_role_tree,2.0,5.0,27.0,3.0,0.0,1.0,0.0,0.333,0.5,0.75,0.35,0.3053,0.1328,5,2
frag_00454,question_intent_tree,2.0,4.0,22.0,2.0,0.0,0.0,0.0,0.333,1.0,0.75,0.3,0.2237,-0.0313,4,2
frag_00454,class_objective_tree,2.0,4.0,22.0,2.0,0.0,0.0,0.0,0.333,1.0,0.75,0.3,0.2237,-0.0313,4,2
frag_00454,hybrid_optimized_tree,2.0,4.0,22.0,2.0,0.0,0.0,0.0,0.333,1.0,0.75,0.3,0.2237,-0.0313,4,2
frag_00455,source_order_tree,1.5,3.0,19.0,1.0,0.0,0.0,0.0,0.333,0.5,0.75,0.25,0.1907,0.0032,3,2
frag_00455,evidence_role_tree,2.0,5.0,25.0,3.0,0.0,1.0,0.0,0.333,0.5,0.75,0.35,0.3033,0.1308,5,2
frag_00455,question_intent_tree,2.0,4.0,20.0,2.0,0.0,0.0,0.0,0.333,1.0,0.75,0.3,0.2217,-0.0333,4,2
frag_00455,class_objective_tree,2.0,4.0,20.0,2.0,0.0,0.0,0.0,0.333,1.0,0.75,0.3,0.2217,-0.0333,4,2
frag_00455,hybrid_optimized_tree,2.0,4.0,20.0,2.0,0.0,0.0,0.0,0.333,1.0,0.75,0.3,0.2217,-0.0333,4,2
frag_00456,source_order_tree,1.5,3.0,19.0,1.0,0.0,0.0,0.0,0.333,0.5,0.75,0.25,0.1907,0.0032,3,2
frag_00456,evidence_role_tree,2.0,5.0,25.0,3.0,0.0,1.0,0.0,0.333,0.5,0.75,0.35,0.3033,0.1308,5,2
frag_00456,question_intent_tree,2.0,4.0,20.0,2.0,0.0,0.0,0.0,0.333,1.0,0.75,0.3,0.2217,-0.0333,4,2
frag_00456,class_objective_tree,2.0,4.0,20.0,2.0,0.0,0.0,0.0,0.333,1.0,0.75,0.3,0.2217,-0.0333,4,2
frag_00456,hybrid_optimized_tree,2.0,4.0,20.0,2.0,0.0,0.0,0.0,0.333,1.0,0.75,0.3,0.2217,-0.0333,4,2
frag_00457,source_order_tree,1.5,3.0,19.0,1.0,0.0,0.0,0.0,0.333,0.5,0.75,0.25,0.1907,0.0032,3,2
frag_00457,evidence_role_tree,2.0,5.0,25.0,3.0,0.0,1.0,0.0,0.333,0.5,0.75,0.35,0.3033,0.1308,5,2
frag_00457,question_intent_tree,2.0,4.0,20.0,2.0,0.0,0.0,0.0,0.333,1.0,0.75,0.3,0.2217,-0.0333,4,2
frag_00457,class_objective_tree,2.0,4.0,20.0,2.0,0.0,0.0,0.0,0.333,1.0,0.75,0.3,0.2217,-0.0333,4,2
frag_00457,hybrid_optimized_tree,2.0,4.0,20.0,2.0,0.0,0.0,0.0,0.333,1.0,0.75,0.3,0.2217,-0.0333,4,2
frag_00458,source_order_tree,1.686,2.915,17.9,1.457,0.0,0.0,0.0,0.5,0.771,0.667,0.35,0.2048,0.0083,4,3
frag_00458,evidence_role_tree,2.0,3.915,19.0,2.457,0.0,0.457,0.0,0.333,0.771,0.75,0.45,0.2553,0.0571,7,2
frag_00458,question_intent_tree,2.0,3.457,16.7,2.0,0.0,0.0,0.0,0.333,1.0,0.75,0.4,0.2166,-0.0234,6,2
frag_00458,class_objective_tree,2.0,3.457,16.7,2.0,0.0,0.0,0.0,0.333,1.0,0.75,0.4,0.2166,-0.0234,6,2
frag_00458,hybrid_optimized_tree,1.457,2.915,14.0,1.457,0.0,0.0,0.0,0.333,1.0,0.75,0.35,0.1721,-0.0754,5,2
frag_00460,source_order_tree,1.686,2.915,20.8,1.457,0.0,0.0,0.0,0.5,0.771,0.667,0.35,0.2077,0.0112,4,3
frag_00460,evidence_role_tree,2.0,3.915,21.0,2.457,0.0,0.457,0.0,0.333,0.771,0.75,0.45,0.2573,0.0591,7,2
frag_00460,question_intent_tree,2.0,3.457,18.7,2.0,0.0,0.0,0.0,0.333,1.0,0.75,0.4,0.2186,-0.0214,6,2
frag_00460,class_objective_tree,2.0,3.457,18.7,2.0,0.0,0.0,0.0,0.333,1.0,0.75,0.4,0.2186,-0.0214,6,2
frag_00460,hybrid_optimized_tree,1.457,2.915,16.0,1.457,0.0,0.0,0.0,0.333,1.0,0.75,0.35,0.1741,-0.0734,5,2
frag_00468,source_order_tree,2.7,4.2,34.4,2.2,0.0,0.0,0.0,0.667,0.5,0.6,0.45,0.3197,0.1922,5,4
frag_00468,evidence_role_tree,2.0,5.0,27.2,3.0,0.0,1.0,0.0,0.333,0.5,0.75,0.55,0.3155,0.173,9,2
frag_00468,question_intent_tree,2.0,4.0,22.2,2.0,0.0,0.0,0.0,0.333,1.0,0.75,0.45,0.2314,-0.0011,7,2
frag_00468,class_objective_tree,2.0,4.6,25.2,2.6,0.0,0.6,0.0,0.333,0.7,0.75,0.5,0.2814,0.1014,8,2
frag_00468,hybrid_optimized_tree,2.0,4.0,22.2,2.0,0.0,0.0,0.0,0.333,1.0,0.75,0.45,0.2314,-0.0011,7,2
frag_00470,source_order_tree,2.585,3.857,30.1,2.312,0.0,0.0,0.0,0.833,0.727,0.545,0.55,0.3108,0.1751,6,5
frag_00470,evidence_role_tree,2.0,4.09,22.0,2.545,0.0,0.545,0.0,0.333,0.727,0.75,0.65,0.2759,0.1143,11,2
frag_00470,question_intent_tree,2.0,3.545,19.2,2.0,0.0,0.0,0.0,0.333,1.0,0.75,0.55,0.2277,0.0102,9,2
frag_00470,class_objective_tree,2.0,3.545,19.2,2.0,0.0,0.0,0.0,0.333,1.0,0.75,0.5,0.2252,0.0002,8,2
frag_00470,hybrid_optimized_tree,1.545,3.09,17.0,1.545,0.0,0.0,0.0,0.333,1.0,0.75,0.5,0.19,-0.035,8,2
frag_00475,source_order_tree,1.5,3.0,18.0,1.0,0.0,0.0,0.0,0.333,0.5,0.75,0.25,0.1897,0.0022,3,2
frag_00475,evidence_role_tree,2.0,5.0,24.0,3.0,0.0,1.0,0.0,0.333,0.5,0.75,0.35,0.3023,0.1298,5,2
frag_00475,question_intent_tree,2.0,4.0,19.0,2.0,0.0,0.0,0.0,0.333,1.0,0.75,0.3,0.2207,-0.0343,4,2
frag_00475,class_objective_tree,2.0,5.0,24.0,3.0,0.0,1.0,0.0,0.333,0.5,0.75,0.35,0.3023,0.1298,5,2
frag_00475,hybrid_optimized_tree,2.0,4.0,19.0,2.0,0.0,0.0,0.0,0.333,1.0,0.75,0.3,0.2207,-0.0343,4,2
frag_00476,source_order_tree,2.105,3.273,33.0,1.937,0.0,0.0,0.133,0.667,0.832,0.6,0.45,0.2744,0.0971,5,4
frag_00476,evidence_role_tree,2.0,3.672,23.5,2.336,0.0,0.336,0.133,0.333,0.832,0.75,0.55,0.2675,0.0752,9,2
frag_00476,question_intent_tree,2.0,3.336,21.8,2.0,0.0,0.0,0.133,0.333,1.0,0.75,0.5,0.2384,0.0134,8,2
frag_00476,class_objective_tree,2.0,3.336,21.8,2.0,0.0,0.0,0.133,0.333,1.0,0.75,0.45,0.2359,0.0034,7,2
frag_00476,hybrid_optimized_tree,1.336,2.672,18.5,1.336,0.0,0.0,0.133,0.333,1.0,0.75,0.4,0.182,-0.058,6,2
frag_00479,source_order_tree,1.4,2.4,22.4,1.4,0.0,0.0,0.2,0.333,1.0,0.75,0.25,0.1855,-0.077,3,2
frag_00479,evidence_role_tree,2.0,3.0,22.2,2.0,0.0,0.0,0.2,0.333,1.0,0.75,0.35,0.2338,-0.0137,5,2
frag_00479,question_intent_tree,2.0,3.0,22.2,2.0,0.0,0.0,0.2,0.333,1.0,0.75,0.35,0.2338,-0.0137,5,2
frag_00479,class_objective_tree,2.0,3.0,22.2,2.0,0.0,0.0,0.2,0.333,1.0,0.75,0.35,0.2338,-0.0137,5,2
frag_00479,hybrid_optimized_tree,1.0,2.0,17.2,1.0,0.0,0.0,0.2,0.167,1.0,0.857,0.2,0.1405,-0.1509,3,1
frag_00480,source_order_tree,1.4,2.4,21.4,1.4,0.0,0.0,0.2,0.333,1.0,0.75,0.25,0.1845,-0.078,3,2
frag_00480,evidence_role_tree,2.0,3.0,21.6,2.0,0.0,0.0,0.2,0.333,1.0,0.75,0.35,0.2332,-0.0143,5,2
frag_00480,question_intent_tree,2.0,3.0,21.6,2.0,0.0,0.0,0.2,0.333,1.0,0.75,0.35,0.2332,-0.0143,5,2
frag_00480,class_objective_tree,2.0,3.0,21.6,2.0,0.0,0.0,0.2,0.333,1.0,0.75,0.35,0.2332,-0.0143,5,2
frag_00480,hybrid_optimized_tree,1.0,2.0,16.6,1.0,0.0,0.0,0.2,0.167,1.0,0.857,0.2,0.1399,-0.1515,3,1
frag_00486,source_order_tree,1.686,2.915,19.9,1.457,0.0,0.0,0.0,0.5,0.771,0.667,0.35,0.2068,0.0103,4,3
frag_00486,evidence_role_tree,2.0,3.915,20.1,2.457,0.0,0.457,0.0,0.333,0.771,0.75,0.45,0.2564,0.0582,7,2
frag_00486,question_intent_tree,2.0,3.457,17.8,2.0,0.0,0.0,0.0,0.333,1.0,0.75,0.4,0.2177,-0.0223,6,2
frag_00486,class_objective_tree,2.0,3.457,17.8,2.0,0.0,0.0,0.0,0.333,1.0,0.75,0.4,0.2177,-0.0223,6,2
frag_00486,hybrid_optimized_tree,1.457,2.915,15.1,1.457,0.0,0.0,0.0,0.333,1.0,0.75,0.35,0.1732,-0.0743,5,2
frag_00487,source_order_tree,1.0,2.0,13.0,1.0,0.0,0.0,0.0,0.167,1.0,0.857,0.15,0.1138,-0.1851,2,1
frag_00487,evidence_role_tree,2.0,3.0,16.0,2.0,0.0,0.0,0.0,0.333,1.0,0.75,0.25,0.2027,-0.0598,3,2
frag_00487,question_intent_tree,2.0,3.0,16.0,2.0,0.0,0.0,0.0,0.333,1.0,0.75,0.25,0.2027,-0.0598,3,2
frag_00487,class_objective_tree,2.0,3.0,16.0,2.0,0.0,0.0,0.0,0.333,1.0,0.75,0.25,0.2027,-0.0598,3,2
frag_00487,hybrid_optimized_tree,1.0,2.0,11.0,1.0,0.0,0.0,0.0,0.167,1.0,0.857,0.15,0.1118,-0.1871,2,1
frag_00490,source_order_tree,1.0,2.0,13.0,1.0,0.0,0.0,0.0,0.167,1.0,0.857,0.15,0.1138,-0.1851,2,1
frag_00490,evidence_role_tree,2.0,3.0,16.0,2.0,0.0,0.0,0.0,0.333,1.0,0.75,0.25,0.2027,-0.0598,3,2
frag_00490,question_intent_tree,2.0,3.0,16.0,2.0,0.0,0.0,0.0,0.333,1.0,0.75,0.25,0.2027,-0.0598,3,2
frag_00490,class_objective_tree,2.0,3.0,16.0,2.0,0.0,0.0,0.0,0.333,1.0,0.75,0.25,0.2027,-0.0598,3,2
frag_00490,hybrid_optimized_tree,1.0,2.0,11.0,1.0,0.0,0.0,0.0,0.167,1.0,0.857,0.15,0.1118,-0.1871,2,1
frag_00497,source_order_tree,1.5,3.0,21.0,1.0,0.0,0.0,0.0,0.333,0.5,0.75,0.25,0.1927,0.0052,3,2
frag_00497,evidence_role_tree,2.0,5.0,27.0,3.0,0.0,1.0,0.0,0.333,0.5,0.75,0.35,0.3053,0.1328,5,2
frag_00497,question_intent_tree,2.0,4.0,22.0,2.0,0.0,0.0,0.0,0.333,1.0,0.75,0.3,0.2237,-0.0313,4,2
frag_00497,class_objective_tree,2.0,4.0,22.0,2.0,0.0,0.0,0.0,0.333,1.0,0.75,0.3,0.2237,-0.0313,4,2
frag_00497,hybrid_optimized_tree,2.0,4.0,22.0,2.0,0.0,0.0,0.0,0.333,1.0,0.75,0.3,0.2237,-0.0313,4,2
frag_00499,source_order_tree,2.947,4.447,30.9,2.447,0.0,0.0,0.0,0.667,0.5,0.6,0.45,0.3341,0.2066,5,4
frag_00499,evidence_role_tree,2.0,5.0,25.3,3.0,0.0,1.0,0.0,0.333,0.5,0.75,0.55,0.3136,0.1711,9,2
frag_00499,question_intent_tree,2.0,4.0,20.3,2.0,0.0,0.0,0.0,0.333,1.0,0.75,0.45,0.2294,-0.0031,7,2
frag_00499,class_objective_tree,2.0,4.0,20.3,2.0,0.0,0.0,0.0,0.333,1.0,0.75,0.45,0.2294,-0.0031,7,2
frag_00499,hybrid_optimized_tree,2.0,4.0,20.3,2.0,0.0,0.0,0.0,0.333,1.0,0.75,0.45,0.2294,-0.0031,7,2
frag_00502,source_order_tree,1.686,2.915,20.8,1.457,0.0,0.0,0.0,0.5,0.771,0.667,0.35,0.2077,0.0112,4,3
frag_00502,evidence_role_tree,2.0,3.915,21.0,2.457,0.0,0.457,0.0,0.333,0.771,0.75,0.45,0.2573,0.0591,7,2
frag_00502,question_intent_tree,2.0,3.457,18.7,2.0,0.0,0.0,0.0,0.333,1.0,0.75,0.4,0.2186,-0.0214,6,2
frag_00502,class_objective_tree,2.0,3.457,18.7,2.0,0.0,0.0,0.0,0.333,1.0,0.75,0.4,0.2186,-0.0214,6,2
frag_00502,hybrid_optimized_tree,1.457,2.915,16.0,1.457,0.0,0.0,0.0,0.333,1.0,0.75,0.35,0.1741,-0.0734,5,2
frag_00505,source_order_tree,1.5,3.0,21.0,1.0,0.0,0.0,0.0,0.333,0.5,0.75,0.25,0.1927,0.0052,3,2
frag_00505,evidence_role_tree,2.0,5.0,27.0,3.0,0.0,1.0,0.0,0.333,0.5,0.75,0.35,0.3053,0.1328,5,2
frag_00505,question_intent_tree,2.0,4.0,22.0,2.0,0.0,0.0,0.0,0.333,1.0,0.75,0.3,0.2237,-0.0313,4,2
frag_00505,class_objective_tree,2.0,4.0,22.0,2.0,0.0,0.0,0.0,0.333,1.0,0.75,0.3,0.2237,-0.0313,4,2
frag_00505,hybrid_optimized_tree,2.0,4.0,22.0,2.0,0.0,0.0,0.0,0.333,1.0,0.75,0.3,0.2237,-0.0313,4,2
frag_00509,source_order_tree,1.686,2.915,19.8,1.457,0.0,0.0,0.0,0.5,0.771,0.667,0.35,0.2067,0.0102,4,3
frag_00509,evidence_role_tree,2.0,3.915,20.5,2.457,0.0,0.457,0.0,0.333,0.771,0.75,0.45,0.2568,0.0586,7,2
frag_00509,question_intent_tree,2.0,3.457,18.2,2.0,0.0,0.0,0.0,0.333,1.0,0.75,0.4,0.2181,-0.0219,6,2
frag_00509,class_objective_tree,2.0,3.457,18.2,2.0,0.0,0.0,0.0,0.333,1.0,0.75,0.4,0.2181,-0.0219,6,2
frag_00509,hybrid_optimized_tree,1.457,2.915,15.5,1.457,0.0,0.0,0.0,0.333,1.0,0.75,0.35,0.1735,-0.074,5,2
frag_00533,source_order_tree,1.5,3.0,26.0,1.0,0.0,0.0,0.0,0.333,0.5,0.75,0.25,0.1977,0.0102,3,2
frag_00533,evidence_role_tree,2.0,5.0,32.0,3.0,0.0,1.0,0.0,0.333,0.5,0.75,0.35,0.3103,0.1378,5,2
frag_00533,question_intent_tree,2.0,4.0,27.0,2.0,0.0,0.0,0.0,0.333,1.0,0.75,0.3,0.2287,-0.0263,4,2
frag_00533,class_objective_tree,2.0,4.0,27.0,2.0,0.0,0.0,0.0,0.333,1.0,0.75,0.3,0.2287,-0.0263,4,2
frag_00533,hybrid_optimized_tree,2.0,4.0,27.0,2.0,0.0,0.0,0.0,0.333,1.0,0.75,0.3,0.2287,-0.0263,4,2
frag_00540,source_order_tree,1.5,3.0,18.0,1.0,0.0,0.0,0.0,0.333,0.5,0.75,0.25,0.1897,0.0022,3,2
frag_00540,evidence_role_tree,2.0,5.0,24.0,3.0,0.0,1.0,0.0,0.333,0.5,0.75,0.35,0.3023,0.1298,5,2
frag_00540,question_intent_tree,2.0,4.0,19.0,2.0,0.0,0.0,0.0,0.333,1.0,0.75,0.3,0.2207,-0.0343,4,2
frag_00540,class_objective_tree,2.0,5.0,24.0,3.0,0.0,1.0,0.0,0.333,0.5,0.75,0.35,0.3023,0.1298,5,2
frag_00540,hybrid_optimized_tree,2.0,4.0,19.0,2.0,0.0,0.0,0.0,0.333,1.0,0.75,0.3,0.2207,-0.0343,4,2
frag_00545,source_order_tree,1.5,3.0,22.0,1.0,0.0,0.0,0.0,0.333,0.5,0.75,0.25,0.1937,0.0062,3,2
frag_00545,evidence_role_tree,2.0,5.0,28.0,3.0,0.0,1.0,0.0,0.333,0.5,0.75,0.35,0.3063,0.1338,5,2
frag_00545,question_intent_tree,2.0,4.0,23.0,2.0,0.0,0.0,0.0,0.333,1.0,0.75,0.3,0.2247,-0.0303,4,2
frag_00545,class_objective_tree,2.0,4.0,23.0,2.0,0.0,0.0,0.0,0.333,1.0,0.75,0.3,0.2247,-0.0303,4,2
frag_00545,hybrid_optimized_tree,2.0,4.0,23.0,2.0,0.0,0.0,0.0,0.333,1.0,0.75,0.3,0.2247,-0.0303,4,2
frag_00546,source_order_tree,1.0,2.0,12.0,1.0,0.0,0.0,0.0,0.167,1.0,0.857,0.15,0.1128,-0.1861,2,1
frag_00546,evidence_role_tree,2.0,3.0,15.0,2.0,0.0,0.0,0.0,0.333,1.0,0.75,0.25,0.2017,-0.0608,3,2
frag_00546,question_intent_tree,2.0,3.0,15.0,2.0,0.0,0.0,0.0,0.333,1.0,0.75,0.25,0.2017,-0.0608,3,2
frag_00546,class_objective_tree,2.0,3.0,15.0,2.0,0.0,0.0,0.0,0.333,1.0,0.75,0.25,0.2017,-0.0608,3,2
frag_00546,hybrid_optimized_tree,1.0,2.0,10.0,1.0,0.0,0.0,0.0,0.167,1.0,0.857,0.15,0.1108,-0.1881,2,1
frag_00553,source_order_tree,2.477,3.652,67.9,2.303,0.0,0.0,0.326,0.5,0.826,0.667,0.35,0.3425,0.1378,4,3
frag_00553,evidence_role_tree,2.0,3.697,41.4,2.348,0.0,0.348,0.326,0.333,0.826,0.75,0.45,0.3008,0.0944,7,2
frag_00553,question_intent_tree,2.0,3.348,39.6,2.0,0.0,0.0,0.326,0.333,1.0,0.75,0.4,0.2707,0.0307,6,2
frag_00553,class_objective_tree,2.0,3.348,39.6,2.0,0.0,0.0,0.326,0.333,1.0,0.75,0.4,0.2707,0.0307,6,2
frag_00553,hybrid_optimized_tree,1.348,2.697,36.4,1.348,0.0,0.0,0.326,0.333,1.0,0.75,0.35,0.2177,-0.0298,5,2
frag_00554,source_order_tree,1.0,2.0,30.0,1.0,0.0,0.0,0.5,0.167,1.0,0.857,0.15,0.1808,-0.1181,2,1
frag_00554,evidence_role_tree,2.0,3.0,33.0,2.0,0.0,0.0,0.5,0.333,1.0,0.75,0.25,0.2697,0.0072,3,2
frag_00554,question_intent_tree,2.0,3.0,33.0,2.0,0.0,0.0,0.5,0.333,1.0,0.75,0.25,0.2697,0.0072,3,2
frag_00554,class_objective_tree,2.0,3.0,33.0,2.0,0.0,0.0,0.5,0.333,1.0,0.75,0.25,0.2697,0.0072,3,2
frag_00554,hybrid_optimized_tree,1.0,2.0,28.0,1.0,0.0,0.0,0.5,0.167,1.0,0.857,0.15,0.1788,-0.1201,2,1
frag_00576,source_order_tree,1.0,2.0,13.0,1.0,0.0,0.0,0.0,0.167,1.0,0.857,0.15,0.1138,-0.1851,2,1
frag_00576,evidence_role_tree,2.0,3.0,16.0,2.0,0.0,0.0,0.0,0.333,1.0,0.75,0.25,0.2027,-0.0598,3,2
frag_00576,question_intent_tree,2.0,3.0,16.0,2.0,0.0,0.0,0.0,0.333,1.0,0.75,0.25,0.2027,-0.0598,3,2
frag_00576,class_objective_tree,2.0,3.0,16.0,2.0,0.0,0.0,0.0,0.333,1.0,0.75,0.25,0.2027,-0.0598,3,2
frag_00576,hybrid_optimized_tree,1.0,2.0,11.0,1.0,0.0,0.0,0.0,0.167,1.0,0.857,0.15,0.1118,-0.1871,2,1
frag_00577,source_order_tree,1.0,2.0,13.0,1.0,0.0,0.0,0.0,0.167,1.0,0.857,0.15,0.1138,-0.1851,2,1
frag_00577,evidence_role_tree,2.0,3.0,16.0,2.0,0.0,0.0,0.0,0.333,1.0,0.75,0.25,0.2027,-0.0598,3,2
frag_00577,question_intent_tree,2.0,3.0,16.0,2.0,0.0,0.0,0.0,0.333,1.0,0.75,0.25,0.2027,-0.0598,3,2
frag_00577,class_objective_tree,2.0,3.0,16.0,2.0,0.0,0.0,0.0,0.333,1.0,0.75,0.25,0.2027,-0.0598,3,2
frag_00577,hybrid_optimized_tree,1.0,2.0,11.0,1.0,0.0,0.0,0.0,0.167,1.0,0.857,0.15,0.1118,-0.1871,2,1
frag_00579,source_order_tree,1.0,2.0,14.0,1.0,0.0,0.0,0.0,0.167,1.0,0.857,0.15,0.1148,-0.1841,2,1
frag_00579,evidence_role_tree,2.0,3.0,17.0,2.0,0.0,0.0,0.0,0.333,1.0,0.75,0.25,0.2037,-0.0588,3,2
frag_00579,question_intent_tree,2.0,3.0,17.0,2.0,0.0,0.0,0.0,0.333,1.0,0.75,0.25,0.2037,-0.0588,3,2
frag_00579,class_objective_tree,2.0,3.0,17.0,2.0,0.0,0.0,0.0,0.333,1.0,0.75,0.25,0.2037,-0.0588,3,2
frag_00579,hybrid_optimized_tree,1.0,2.0,12.0,1.0,0.0,0.0,0.0,0.167,1.0,0.857,0.15,0.1128,-0.1861,2,1
frag_00581,source_order_tree,2.578,3.868,25.8,2.289,0.0,0.0,0.0,0.833,0.71,0.545,0.55,0.3067,0.1735,6,5
frag_00581,evidence_role_tree,2.0,4.158,20.9,2.579,0.0,0.579,0.0,0.333,0.71,0.75,0.65,0.2778,0.1187,11,2
frag_00581,question_intent_tree,2.0,3.579,18.0,2.0,0.0,0.0,0.0,0.333,1.0,0.75,0.55,0.2269,0.0094,9,2
frag_00581,class_objective_tree,2.0,3.579,18.0,2.0,0.0,0.0,0.0,0.333,1.0,0.75,0.5,0.2244,-0.0006,8,2
frag_00581,hybrid_optimized_tree,1.579,3.158,15.9,1.579,0.0,0.0,0.0,0.333,1.0,0.75,0.5,0.1918,-0.0332,8,2
frag_00584,source_order_tree,1.0,2.0,11.0,1.0,0.0,0.0,0.0,0.167,1.0,0.857,0.15,0.1118,-0.1871,2,1
frag_00584,evidence_role_tree,2.0,3.0,14.0,2.0,0.0,0.0,0.0,0.333,1.0,0.75,0.25,0.2007,-0.0618,3,2
frag_00584,question_intent_tree,2.0,3.0,14.0,2.0,0.0,0.0,0.0,0.333,1.0,0.75,0.25,0.2007,-0.0618,3,2
frag_00584,class_objective_tree,2.0,3.0,14.0,2.0,0.0,0.0,0.0,0.333,1.0,0.75,0.25,0.2007,-0.0618,3,2
frag_00584,hybrid_optimized_tree,1.0,2.0,9.0,1.0,0.0,0.0,0.0,0.167,1.0,0.857,0.15,0.1098,-0.1891,2,1
frag_00585,source_order_tree,1.0,2.0,30.0,1.0,0.0,0.0,0.5,0.167,1.0,0.857,0.15,0.1808,-0.1181,2,1
frag_00585,evidence_role_tree,2.0,3.0,33.0,2.0,0.0,0.0,0.5,0.333,1.0,0.75,0.25,0.2697,0.0072,3,2
frag_00585,question_intent_tree,2.0,3.0,33.0,2.0,0.0,0.0,0.5,0.333,1.0,0.75,0.25,0.2697,0.0072,3,2
frag_00585,class_objective_tree,2.0,3.0,33.0,2.0,0.0,0.0,0.5,0.333,1.0,0.75,0.25,0.2697,0.0072,3,2
frag_00585,hybrid_optimized_tree,1.0,2.0,28.0,1.0,0.0,0.0,0.5,0.167,1.0,0.857,0.15,0.1788,-0.1201,2,1
frag_00586,source_order_tree,1.4,2.4,21.4,1.4,0.0,0.0,0.2,0.333,1.0,0.75,0.25,0.1845,-0.078,3,2
frag_00586,evidence_role_tree,2.0,3.0,21.6,2.0,0.0,0.0,0.2,0.333,1.0,0.75,0.35,0.2332,-0.0143,5,2
frag_00586,question_intent_tree,2.0,3.0,21.6,2.0,0.0,0.0,0.2,0.333,1.0,0.75,0.35,0.2332,-0.0143,5,2
frag_00586,class_objective_tree,2.0,3.0,21.6,2.0,0.0,0.0,0.2,0.333,1.0,0.75,0.35,0.2332,-0.0143,5,2
frag_00586,hybrid_optimized_tree,1.0,2.0,16.6,1.0,0.0,0.0,0.2,0.167,1.0,0.857,0.2,0.1399,-0.1515,3,1
frag_00588,source_order_tree,2.477,3.652,42.9,2.303,0.0,0.0,0.326,0.5,0.826,0.667,0.35,0.3175,0.1128,4,3
frag_00588,evidence_role_tree,2.0,3.697,32.7,2.348,0.0,0.348,0.326,0.333,0.826,0.75,0.45,0.2921,0.0857,7,2
frag_00588,question_intent_tree,2.0,3.348,30.9,2.0,0.0,0.0,0.326,0.333,1.0,0.75,0.4,0.262,0.022,6,2
frag_00588,class_objective_tree,2.0,3.348,30.9,2.0,0.0,0.0,0.326,0.333,1.0,0.75,0.4,0.262,0.022,6,2
frag_00588,hybrid_optimized_tree,1.348,2.697,27.7,1.348,0.0,0.0,0.326,0.333,1.0,0.75,0.35,0.209,-0.0385,5,2
frag_00590,source_order_tree,1.5,3.0,26.0,1.0,0.0,0.0,0.0,0.333,0.5,0.75,0.25,0.1977,0.0102,3,2
frag_00590,evidence_role_tree,2.0,5.0,32.0,3.0,0.0,1.0,0.0,0.333,0.5,0.75,0.35,0.3103,0.1378,5,2
frag_00590,question_intent_tree,2.0,4.0,27.0,2.0,0.0,0.0,0.0,0.333,1.0,0.75,0.3,0.2287,-0.0263,4,2
frag_00590,class_objective_tree,2.0,4.0,27.0,2.0,0.0,0.0,0.0,0.333,1.0,0.75,0.3,0.2287,-0.0263,4,2
frag_00590,hybrid_optimized_tree,2.0,4.0,27.0,2.0,0.0,0.0,0.0,0.333,1.0,0.75,0.3,0.2287,-0.0263,4,2
frag_00592,source_order_tree,1.5,3.0,26.0,1.0,0.0,0.0,0.0,0.333,0.5,0.75,0.25,0.1977,0.0102,3,2
frag_00592,evidence_role_tree,2.0,5.0,32.0,3.0,0.0,1.0,0.0,0.333,0.5,0.75,0.35,0.3103,0.1378,5,2
frag_00592,question_intent_tree,2.0,4.0,27.0,2.0,0.0,0.0,0.0,0.333,1.0,0.75,0.3,0.2287,-0.0263,4,2
frag_00592,class_objective_tree,2.0,4.0,27.0,2.0,0.0,0.0,0.0,0.333,1.0,0.75,0.3,0.2287,-0.0263,4,2
frag_00592,hybrid_optimized_tree,2.0,4.0,27.0,2.0,0.0,0.0,0.0,0.333,1.0,0.75,0.3,0.2287,-0.0263,4,2
frag_00602,source_order_tree,1.0,2.0,30.0,1.0,0.0,0.0,0.0,0.167,1.0,0.857,0.15,0.1308,-0.1681,2,1
frag_00602,evidence_role_tree,2.0,3.0,33.0,2.0,0.0,0.0,0.0,0.333,1.0,0.75,0.25,0.2197,-0.0428,3,2
frag_00602,question_intent_tree,2.0,3.0,33.0,2.0,0.0,0.0,0.0,0.333,1.0,0.75,0.25,0.2197,-0.0428,3,2
frag_00602,class_objective_tree,2.0,3.0,33.0,2.0,0.0,0.0,0.0,0.333,1.0,0.75,0.25,0.2197,-0.0428,3,2
frag_00602,hybrid_optimized_tree,1.0,2.0,28.0,1.0,0.0,0.0,0.0,0.167,1.0,0.857,0.15,0.1288,-0.1701,2,1
frag_00605,source_order_tree,1.0,2.0,28.0,1.0,0.0,0.0,0.5,0.167,1.0,0.857,0.15,0.1788,-0.1201,2,1
frag_00605,evidence_role_tree,2.0,3.0,31.0,2.0,0.0,0.0,0.5,0.333,1.0,0.75,0.25,0.2677,0.0052,3,2
frag_00605,question_intent_tree,2.0,3.0,31.0,2.0,0.0,0.0,0.5,0.333,1.0,0.75,0.25,0.2677,0.0052,3,2
frag_00605,class_objective_tree,2.0,3.0,31.0,2.0,0.0,0.0,0.5,0.333,1.0,0.75,0.25,0.2677,0.0052,3,2
frag_00605,hybrid_optimized_tree,1.0,2.0,26.0,1.0,0.0,0.0,0.5,0.167,1.0,0.857,0.15,0.1768,-0.1221,2,1
frag_00609,source_order_tree,1.0,2.0,28.0,1.0,0.0,0.0,0.5,0.167,1.0,0.857,0.15,0.1788,-0.1201,2,1
frag_00609,evidence_role_tree,2.0,3.0,31.0,2.0,0.0,0.0,0.5,0.333,1.0,0.75,0.25,0.2677,0.0052,3,2
frag_00609,question_intent_tree,2.0,3.0,31.0,2.0,0.0,0.0,0.5,0.333,1.0,0.75,0.25,0.2677,0.0052,3,2
frag_00609,class_objective_tree,2.0,3.0,31.0,2.0,0.0,0.0,0.5,0.333,1.0,0.75,0.25,0.2677,0.0052,3,2
frag_00609,hybrid_optimized_tree,1.0,2.0,26.0,1.0,0.0,0.0,0.5,0.167,1.0,0.857,0.15,0.1768,-0.1221,2,1
frag_00615,source_order_tree,1.5,3.0,35.0,1.0,0.0,0.0,0.0,0.333,0.5,0.75,0.25,0.2067,0.0192,3,2
frag_00615,evidence_role_tree,2.0,5.0,41.0,3.0,0.0,1.0,0.0,0.333,0.5,0.75,0.35,0.3193,0.1468,5,2
frag_00615,question_intent_tree,2.0,4.0,36.0,2.0,0.0,0.0,0.0,0.333,1.0,0.75,0.3,0.2377,-0.0173,4,2
frag_00615,class_objective_tree,2.0,4.0,36.0,2.0,0.0,0.0,0.0,0.333,1.0,0.75,0.3,0.2377,-0.0173,4,2
frag_00615,hybrid_optimized_tree,2.0,4.0,36.0,2.0,0.0,0.0,0.0,0.333,1.0,0.75,0.3,0.2377,-0.0173,4,2
frag_00618,source_order_tree,1.0,2.0,30.0,1.0,0.0,0.0,0.5,0.167,1.0,0.857,0.15,0.1808,-0.1181,2,1
frag_00618,evidence_role_tree,2.0,3.0,33.0,2.0,0.0,0.0,0.5,0.333,1.0,0.75,0.25,0.2697,0.0072,3,2
frag_00618,question_intent_tree,2.0,3.0,33.0,2.0,0.0,0.0,0.5,0.333,1.0,0.75,0.25,0.2697,0.0072,3,2
frag_00618,class_objective_tree,2.0,3.0,33.0,2.0,0.0,0.0,0.5,0.333,1.0,0.75,0.25,0.2697,0.0072,3,2
frag_00618,hybrid_optimized_tree,1.0,2.0,28.0,1.0,0.0,0.0,0.5,0.167,1.0,0.857,0.15,0.1788,-0.1201,2,1
frag_00619,source_order_tree,1.5,3.0,26.0,1.0,0.0,0.0,0.0,0.333,0.5,0.75,0.25,0.1977,0.0102,3,2
frag_00619,evidence_role_tree,2.0,5.0,32.0,3.0,0.0,1.0,0.0,0.333,0.5,0.75,0.35,0.3103,0.1378,5,2
frag_00619,question_intent_tree,2.0,4.0,27.0,2.0,0.0,0.0,0.0,0.333,1.0,0.75,0.3,0.2287,-0.0263,4,2
frag_00619,class_objective_tree,2.0,5.0,32.0,3.0,0.0,1.0,0.0,0.333,0.5,0.75,0.35,0.3103,0.1378,5,2
frag_00619,hybrid_optimized_tree,2.0,4.0,27.0,2.0,0.0,0.0,0.0,0.333,1.0,0.75,0.3,0.2287,-0.0263,4,2
frag_00622,source_order_tree,1.0,2.0,30.0,1.0,0.0,0.0,0.5,0.167,1.0,0.857,0.15,0.1808,-0.1181,2,1
frag_00622,evidence_role_tree,2.0,3.0,33.0,2.0,0.0,0.0,0.5,0.333,1.0,0.75,0.25,0.2697,0.0072,3,2
frag_00622,question_intent_tree,2.0,3.0,33.0,2.0,0.0,0.0,0.5,0.333,1.0,0.75,0.25,0.2697,0.0072,3,2
frag_00622,class_objective_tree,2.0,3.0,33.0,2.0,0.0,0.0,0.5,0.333,1.0,0.75,0.25,0.2697,0.0072,3,2
frag_00622,hybrid_optimized_tree,1.0,2.0,28.0,1.0,0.0,0.0,0.5,0.167,1.0,0.857,0.15,0.1788,-0.1201,2,1
frag_00624,source_order_tree,2.055,3.555,40.4,1.555,0.0,0.0,0.0,0.5,0.5,0.667,0.35,0.2657,0.1098,4,3
frag_00624,evidence_role_tree,2.0,5.0,40.3,3.0,0.0,1.0,0.0,0.333,0.5,0.75,0.45,0.3237,0.1662,7,2
frag_00624,question_intent_tree,2.0,4.445,37.5,2.445,0.5,0.445,0.0,0.333,0.777,0.75,0.45,0.3297,0.1306,7,2
frag_00624,class_objective_tree,2.0,4.445,37.5,2.445,0.0,0.445,0.0,0.333,0.777,0.75,0.4,0.2772,0.0706,6,2
frag_00624,hybrid_optimized_tree,1.777,4.0,35.3,2.0,0.0,0.445,0.0,0.333,0.703,0.75,0.35,0.2528,0.0498,5,2
frag_00627,source_order_tree,1.686,2.915,19.3,1.457,0.0,0.0,0.0,0.5,0.771,0.667,0.35,0.2063,0.0098,4,3
frag_00627,evidence_role_tree,2.0,3.915,20.0,2.457,0.0,0.457,0.0,0.333,0.771,0.75,0.45,0.2563,0.0581,7,2
frag_00627,question_intent_tree,2.0,3.457,17.7,2.0,0.0,0.0,0.0,0.333,1.0,0.75,0.4,0.2176,-0.0224,6,2
frag_00627,class_objective_tree,2.0,3.457,17.7,2.0,0.0,0.0,0.0,0.333,1.0,0.75,0.4,0.2176,-0.0224,6,2
frag_00627,hybrid_optimized_tree,1.457,2.915,15.0,1.457,0.0,0.0,0.0,0.333,1.0,0.75,0.35,0.1731,-0.0744,5,2
frag_00628,source_order_tree,2.125,3.324,23.0,1.926,0.0,0.0,0.0,0.667,0.801,0.6,0.45,0.2539,0.0812,5,4
frag_00628,evidence_role_tree,2.0,3.795,19.6,2.398,0.0,0.398,0.0,0.333,0.801,0.75,0.55,0.2557,0.068,9,2
frag_00628,question_intent_tree,2.0,3.398,17.6,2.0,0.0,0.0,0.0,0.333,1.0,0.75,0.5,0.2217,-0.0033,8,2
frag_00628,class_objective_tree,2.0,3.398,17.6,2.0,0.0,0.0,0.0,0.333,1.0,0.75,0.45,0.2192,-0.0133,7,2
frag_00628,hybrid_optimized_tree,1.398,2.795,14.6,1.398,0.0,0.0,0.0,0.333,1.0,0.75,0.4,0.17,-0.07,6,2
frag_00632,source_order_tree,1.0,2.0,28.0,1.0,0.0,0.0,0.5,0.167,1.0,0.857,0.15,0.1788,-0.1201,2,1
frag_00632,evidence_role_tree,2.0,3.0,31.0,2.0,0.0,0.0,0.5,0.333,1.0,0.75,0.25,0.2677,0.0052,3,2
frag_00632,question_intent_tree,2.0,3.0,31.0,2.0,0.0,0.0,0.5,0.333,1.0,0.75,0.25,0.2677,0.0052,3,2
frag_00632,class_objective_tree,2.0,3.0,31.0,2.0,0.0,0.0,0.5,0.333,1.0,0.75,0.25,0.2677,0.0052,3,2
frag_00632,hybrid_optimized_tree,1.0,2.0,26.0,1.0,0.0,0.0,0.5,0.167,1.0,0.857,0.15,0.1768,-0.1221,2,1
frag_00635,source_order_tree,1.885,3.18,32.3,1.59,0.0,0.0,0.0,0.5,0.705,0.667,0.35,0.2365,0.0499,4,3
frag_00635,evidence_role_tree,2.0,4.18,31.2,2.59,0.0,0.59,0.0,0.333,0.705,0.75,0.45,0.279,0.0907,7,2
frag_00635,question_intent_tree,2.0,3.59,28.2,2.0,0.0,0.0,0.0,0.333,1.0,0.75,0.4,0.2298,-0.0102,6,2
frag_00635,class_objective_tree,2.0,3.59,28.2,2.0,0.0,0.0,0.0,0.333,1.0,0.75,0.4,0.2298,-0.0102,6,2
frag_00635,hybrid_optimized_tree,1.59,3.18,26.2,1.59,0.0,0.0,0.0,0.333,1.0,0.75,0.35,0.1955,-0.052,5,2
frag_00636,source_order_tree,1.0,2.0,28.0,1.0,0.0,0.0,0.5,0.167,1.0,0.857,0.15,0.1788,-0.1201,2,1
frag_00636,evidence_role_tree,2.0,3.0,31.0,2.0,0.0,0.0,0.5,0.333,1.0,0.75,0.25,0.2677,0.0052,3,2
frag_00636,question_intent_tree,2.0,3.0,31.0,2.0,0.0,0.0,0.5,0.333,1.0,0.75,0.25,0.2677,0.0052,3,2
frag_00636,class_objective_tree,2.0,3.0,31.0,2.0,0.0,0.0,0.5,0.333,1.0,0.75,0.25,0.2677,0.0052,3,2
frag_00636,hybrid_optimized_tree,1.0,2.0,26.0,1.0,0.0,0.0,0.5,0.167,1.0,0.857,0.15,0.1768,-0.1221,2,1
frag_00641,source_order_tree,1.0,2.0,28.0,1.0,0.0,0.0,0.5,0.167,1.0,0.857,0.15,0.1788,-0.1201,2,1
frag_00641,evidence_role_tree,2.0,3.0,31.0,2.0,0.0,0.0,0.5,0.333,1.0,0.75,0.25,0.2677,0.0052,3,2
frag_00641,question_intent_tree,2.0,3.0,31.0,2.0,0.0,0.0,0.5,0.333,1.0,0.75,0.25,0.2677,0.0052,3,2
frag_00641,class_objective_tree,2.0,3.0,31.0,2.0,0.0,0.0,0.5,0.333,1.0,0.75,0.25,0.2677,0.0052,3,2
frag_00641,hybrid_optimized_tree,1.0,2.0,26.0,1.0,0.0,0.0,0.5,0.167,1.0,0.857,0.15,0.1768,-0.1221,2,1
frag_00643,source_order_tree,1.0,2.0,23.0,1.0,0.0,0.0,0.5,0.167,1.0,0.857,0.15,0.1738,-0.1251,2,1
frag_00643,evidence_role_tree,2.0,3.0,26.0,2.0,0.0,0.0,0.5,0.333,1.0,0.75,0.25,0.2627,0.0002,3,2
frag_00643,question_intent_tree,2.0,3.0,26.0,2.0,0.0,0.0,0.5,0.333,1.0,0.75,0.25,0.2627,0.0002,3,2
frag_00643,class_objective_tree,2.0,3.0,26.0,2.0,0.0,0.0,0.5,0.333,1.0,0.75,0.25,0.2627,0.0002,3,2
frag_00643,hybrid_optimized_tree,1.0,2.0,21.0,1.0,0.0,0.0,0.5,0.167,1.0,0.857,0.15,0.1718,-0.1271,2,1
frag_00645,source_order_tree,2.329,3.553,27.2,2.106,0.0,0.0,0.276,0.5,0.776,0.667,0.35,0.2882,0.0909,4,3
frag_00645,evidence_role_tree,2.0,3.894,22.7,2.447,0.0,0.447,0.276,0.333,0.776,0.75,0.45,0.2857,0.0868,7,2
frag_00645,question_intent_tree,2.0,3.447,20.4,2.0,0.0,0.0,0.276,0.333,1.0,0.75,0.4,0.2478,0.0078,6,2
frag_00645,class_objective_tree,2.0,3.447,20.4,2.0,0.0,0.0,0.276,0.333,1.0,0.75,0.4,0.2478,0.0078,6,2
frag_00645,hybrid_optimized_tree,1.447,2.894,17.7,1.447,0.0,0.0,0.276,0.333,1.0,0.75,0.35,0.2025,-0.045,5,2
frag_00648,source_order_tree,1.5,3.0,18.0,1.0,0.0,0.0,0.0,0.333,0.5,0.75,0.25,0.1897,0.0022,3,2
frag_00648,evidence_role_tree,2.0,5.0,24.0,3.0,0.0,1.0,0.0,0.333,0.5,0.75,0.35,0.3023,0.1298,5,2
frag_00648,question_intent_tree,2.0,4.0,19.0,2.0,0.0,0.0,0.0,0.333,1.0,0.75,0.3,0.2207,-0.0343,4,2
frag_00648,class_objective_tree,2.0,5.0,24.0,3.0,0.0,1.0,0.0,0.333,0.5,0.75,0.35,0.3023,0.1298,5,2
frag_00648,hybrid_optimized_tree,2.0,4.0,19.0,2.0,0.0,0.0,0.0,0.333,1.0,0.75,0.3,0.2207,-0.0343,4,2
frag_00650,source_order_tree,1.0,2.0,12.0,1.0,0.0,0.0,0.0,0.167,1.0,0.857,0.15,0.1128,-0.1861,2,1
frag_00650,evidence_role_tree,2.0,3.0,15.0,2.0,0.0,0.0,0.0,0.333,1.0,0.75,0.25,0.2017,-0.0608,3,2
frag_00650,question_intent_tree,2.0,3.0,15.0,2.0,0.0,0.0,0.0,0.333,1.0,0.75,0.25,0.2017,-0.0608,3,2
frag_00650,class_objective_tree,2.0,3.0,15.0,2.0,0.0,0.0,0.0,0.333,1.0,0.75,0.25,0.2017,-0.0608,3,2
frag_00650,hybrid_optimized_tree,1.0,2.0,10.0,1.0,0.0,0.0,0.0,0.167,1.0,0.857,0.15,0.1108,-0.1881,2,1
frag_00651,source_order_tree,1.0,2.0,14.0,1.0,0.0,0.0,0.0,0.167,1.0,0.857,0.15,0.1148,-0.1841,2,1
frag_00651,evidence_role_tree,2.0,3.0,17.0,2.0,0.0,0.0,0.0,0.333,1.0,0.75,0.25,0.2037,-0.0588,3,2
frag_00651,question_intent_tree,2.0,3.0,17.0,2.0,0.0,0.0,0.0,0.333,1.0,0.75,0.25,0.2037,-0.0588,3,2
frag_00651,class_objective_tree,2.0,3.0,17.0,2.0,0.0,0.0,0.0,0.333,1.0,0.75,0.25,0.2037,-0.0588,3,2
frag_00651,hybrid_optimized_tree,1.0,2.0,12.0,1.0,0.0,0.0,0.0,0.167,1.0,0.857,0.15,0.1128,-0.1861,2,1
frag_00656,source_order_tree,1.5,3.0,18.0,1.0,0.0,0.0,0.0,0.333,0.5,0.75,0.25,0.1897,0.0022,3,2
frag_00656,evidence_role_tree,2.0,5.0,24.0,3.0,0.0,1.0,0.0,0.333,0.5,0.75,0.35,0.3023,0.1298,5,2
frag_00656,question_intent_tree,2.0,4.0,19.0,2.0,0.0,0.0,0.0,0.333,1.0,0.75,0.3,0.2207,-0.0343,4,2
frag_00656,class_objective_tree,2.0,5.0,24.0,3.0,0.0,1.0,0.0,0.333,0.5,0.75,0.35,0.3023,0.1298,5,2
frag_00656,hybrid_optimized_tree,2.0,4.0,19.0,2.0,0.0,0.0,0.0,0.333,1.0,0.75,0.3,0.2207,-0.0343,4,2
frag_00661,source_order_tree,1.5,3.0,18.0,1.0,0.0,0.0,0.0,0.333,0.5,0.75,0.25,0.1897,0.0022,3,2
frag_00661,evidence_role_tree,2.0,5.0,24.0,3.0,0.0,1.0,0.0,0.333,0.5,0.75,0.35,0.3023,0.1298,5,2
frag_00661,question_intent_tree,2.0,4.0,19.0,2.0,0.0,0.0,0.0,0.333,1.0,0.75,0.3,0.2207,-0.0343,4,2
frag_00661,class_objective_tree,2.0,5.0,24.0,3.0,0.0,1.0,0.0,0.333,0.5,0.75,0.35,0.3023,0.1298,5,2
frag_00661,hybrid_optimized_tree,2.0,4.0,19.0,2.0,0.0,0.0,0.0,0.333,1.0,0.75,0.3,0.2207,-0.0343,4,2
frag_00662,source_order_tree,2.255,3.673,43.4,1.837,0.0,0.0,0.0,0.5,0.582,0.667,0.35,0.2796,0.1116,4,3
frag_00662,evidence_role_tree,2.0,4.673,27.1,2.837,0.0,0.837,0.0,0.333,0.582,0.75,0.45,0.2963,0.1266,7,2
frag_00662,question_intent_tree,2.0,3.837,23.0,2.0,0.0,0.0,0.0,0.333,1.0,0.75,0.4,0.2276,-0.0124,6,2
frag_00662,class_objective_tree,2.0,3.837,23.0,2.0,0.0,0.0,0.0,0.333,1.0,0.75,0.4,0.2276,-0.0124,6,2
frag_00662,hybrid_optimized_tree,1.837,3.673,22.1,1.837,0.0,0.0,0.0,0.333,1.0,0.75,0.35,0.2124,-0.0351,5,2
frag_00663,source_order_tree,1.745,3.163,20.1,1.327,0.0,0.0,0.0,0.5,0.582,0.667,0.35,0.2194,0.0514,4,3
frag_00663,evidence_role_tree,2.0,4.673,23.2,2.837,0.0,0.837,0.0,0.333,0.582,0.75,0.45,0.2924,0.1226,7,2
frag_00663,question_intent_tree,2.0,3.837,19.0,2.0,0.0,0.0,0.0,0.333,1.0,0.75,0.4,0.2236,-0.0164,6,2
frag_00663,class_objective_tree,2.0,3.837,19.0,2.0,0.0,0.0,0.0,0.333,1.0,0.75,0.4,0.2236,-0.0164,6,2
frag_00663,hybrid_optimized_tree,1.837,3.673,18.2,1.837,0.0,0.0,0.0,0.333,1.0,0.75,0.35,0.2085,-0.039,5,2
frag_00664,source_order_tree,1.5,3.0,18.0,1.0,0.0,0.0,0.0,0.333,0.5,0.75,0.25,0.1897,0.0022,3,2
frag_00664,evidence_role_tree,2.0,5.0,24.0,3.0,0.0,1.0,0.0,0.333,0.5,0.75,0.35,0.3023,0.1298,5,2
frag_00664,question_intent_tree,2.0,4.0,19.0,2.0,0.0,0.0,0.0,0.333,1.0,0.75,0.3,0.2207,-0.0343,4,2
frag_00664,class_objective_tree,2.0,5.0,24.0,3.0,0.0,1.0,0.0,0.333,0.5,0.75,0.35,0.3023,0.1298,5,2
frag_00664,hybrid_optimized_tree,2.0,4.0,19.0,2.0,0.0,0.0,0.0,0.333,1.0,0.75,0.3,0.2207,-0.0343,4,2
frag_00665,source_order_tree,2.255,3.673,43.4,1.837,0.0,0.0,0.0,0.5,0.582,0.667,0.35,0.2796,0.1116,4,3
frag_00665,evidence_role_tree,2.0,4.673,27.1,2.837,0.0,0.837,0.0,0.333,0.582,0.75,0.45,0.2963,0.1266,7,2
frag_00665,question_intent_tree,2.0,3.837,23.0,2.0,0.0,0.0,0.0,0.333,1.0,0.75,0.4,0.2276,-0.0124,6,2
frag_00665,class_objective_tree,2.0,3.837,23.0,2.0,0.0,0.0,0.0,0.333,1.0,0.75,0.4,0.2276,-0.0124,6,2
frag_00665,hybrid_optimized_tree,1.837,3.673,22.1,1.837,0.0,0.0,0.0,0.333,1.0,0.75,0.35,0.2124,-0.0351,5,2
frag_00666,source_order_tree,2.051,3.303,39.7,1.799,0.0,0.0,0.199,0.667,0.748,0.6,0.45,0.2873,0.1226,5,4
frag_00666,evidence_role_tree,2.0,4.008,27.1,2.504,0.0,0.504,0.199,0.333,0.748,0.75,0.55,0.2923,0.1126,9,2
frag_00666,question_intent_tree,2.0,3.504,24.6,2.0,0.0,0.0,0.199,0.333,1.0,0.75,0.5,0.2499,0.0249,8,2
frag_00666,class_objective_tree,2.0,3.504,24.6,2.0,0.0,0.0,0.199,0.333,1.0,0.75,0.45,0.2474,0.0149,7,2
frag_00666,hybrid_optimized_tree,1.504,3.008,22.1,1.504,0.0,0.0,0.199,0.333,1.0,0.75,0.4,0.2065,-0.0335,6,2
frag_00667,source_order_tree,2.142,3.642,28.9,1.642,0.0,0.0,0.0,0.667,0.5,0.6,0.45,0.2738,0.1463,5,4
frag_00667,evidence_role_tree,2.0,5.0,30.1,3.0,0.0,1.0,0.0,0.333,0.5,0.75,0.55,0.3185,0.176,9,2
frag_00667,question_intent_tree,2.0,4.0,25.1,2.0,0.0,0.0,0.0,0.333,1.0,0.75,0.45,0.2343,0.0018,7,2
frag_00667,class_objective_tree,2.0,4.0,25.1,2.0,0.0,0.0,0.0,0.333,1.0,0.75,0.45,0.2343,0.0018,7,2
frag_00667,hybrid_optimized_tree,2.0,4.0,25.1,2.0,0.0,0.0,0.0,0.333,1.0,0.75,0.45,0.2343,0.0018,7,2
frag_00668,source_order_tree,1.5,3.0,19.0,1.0,0.0,0.0,0.0,0.333,0.5,0.75,0.25,0.1907,0.0032,3,2
frag_00668,evidence_role_tree,2.0,5.0,25.0,3.0,0.0,1.0,0.0,0.333,0.5,0.75,0.35,0.3033,0.1308,5,2
frag_00668,question_intent_tree,2.0,4.0,20.0,2.0,0.0,0.0,0.0,0.333,1.0,0.75,0.3,0.2217,-0.0333,4,2
frag_00668,class_objective_tree,2.0,4.0,20.0,2.0,0.0,0.0,0.0,0.333,1.0,0.75,0.3,0.2217,-0.0333,4,2
frag_00668,hybrid_optimized_tree,2.0,4.0,20.0,2.0,0.0,0.0,0.0,0.333,1.0,0.75,0.3,0.2217,-0.0333,4,2
frag_00671,source_order_tree,1.0,2.0,12.0,1.0,0.0,0.0,0.0,0.167,1.0,0.857,0.15,0.1128,-0.1861,2,1
frag_00671,evidence_role_tree,2.0,3.0,15.0,2.0,0.0,0.0,0.0,0.333,1.0,0.75,0.25,0.2017,-0.0608,3,2
frag_00671,question_intent_tree,2.0,3.0,15.0,2.0,0.0,0.0,0.0,0.333,1.0,0.75,0.25,0.2017,-0.0608,3,2
frag_00671,class_objective_tree,2.0,3.0,15.0,2.0,0.0,0.0,0.0,0.333,1.0,0.75,0.25,0.2017,-0.0608,3,2
frag_00671,hybrid_optimized_tree,1.0,2.0,10.0,1.0,0.0,0.0,0.0,0.167,1.0,0.857,0.15,0.1108,-0.1881,2,1
frag_00685,source_order_tree,1.981,3.321,27.7,1.642,0.0,0.0,0.16,0.5,0.66,0.667,0.35,0.2568,0.0769,4,3
frag_00685,evidence_role_tree,2.0,4.358,27.6,2.679,0.0,0.679,0.16,0.333,0.66,0.75,0.45,0.2992,0.1176,7,2
frag_00685,question_intent_tree,2.0,3.679,24.2,2.0,0.0,0.0,0.16,0.333,1.0,0.75,0.4,0.2429,0.0029,6,2
frag_00685,class_objective_tree,2.0,3.679,24.2,2.0,0.0,0.0,0.16,0.333,1.0,0.75,0.4,0.2429,0.0029,6,2
frag_00685,hybrid_optimized_tree,1.679,3.358,22.6,1.679,0.0,0.0,0.16,0.333,1.0,0.75,0.35,0.2155,-0.032,5,2
frag_00686,source_order_tree,1.686,2.915,19.3,1.457,0.0,0.0,0.0,0.5,0.771,0.667,0.35,0.2063,0.0098,4,3
frag_00686,evidence_role_tree,2.0,3.915,20.0,2.457,0.0,0.457,0.0,0.333,0.771,0.75,0.45,0.2563,0.0581,7,2
frag_00686,question_intent_tree,2.0,3.457,17.7,2.0,0.0,0.0,0.0,0.333,1.0,0.75,0.4,0.2176,-0.0224,6,2
frag_00686,class_objective_tree,2.0,3.457,17.7,2.0,0.0,0.0,0.0,0.333,1.0,0.75,0.4,0.2176,-0.0224,6,2
frag_00686,hybrid_optimized_tree,1.457,2.915,15.0,1.457,0.0,0.0,0.0,0.333,1.0,0.75,0.35,0.1731,-0.0744,5,2
frag_00691,source_order_tree,2.477,3.652,42.9,2.303,0.0,0.0,0.326,0.5,0.826,0.667,0.35,0.3175,0.1128,4,3
frag_00691,evidence_role_tree,2.0,3.697,32.7,2.348,0.0,0.348,0.326,0.333,0.826,0.75,0.45,0.2921,0.0857,7,2
frag_00691,question_intent_tree,2.0,3.348,30.9,2.0,0.0,0.0,0.326,0.333,1.0,0.75,0.4,0.262,0.022,6,2
frag_00691,class_objective_tree,2.0,3.348,30.9,2.0,0.0,0.0,0.326,0.333,1.0,0.75,0.4,0.262,0.022,6,2
frag_00691,hybrid_optimized_tree,1.348,2.697,27.7,1.348,0.0,0.0,0.326,0.333,1.0,0.75,0.35,0.209,-0.0385,5,2
frag_00697,source_order_tree,4.818,6.166,60.5,4.471,0.0,0.0,0.152,1.167,0.652,0.462,0.75,0.5481,0.4705,8,7
frag_00697,evidence_role_tree,2.0,4.391,28.4,2.696,0.0,0.696,0.152,0.333,0.652,0.75,0.85,0.3206,0.2003,15,2
frag_00697,question_intent_tree,2.0,3.696,24.9,2.0,0.0,0.0,0.152,0.333,1.0,0.75,0.7,0.258,0.063,12,2
frag_00697,class_objective_tree,2.0,3.696,24.9,2.0,0.0,0.0,0.152,0.333,1.0,0.75,0.6,0.253,0.043,10,2
frag_00697,hybrid_optimized_tree,1.696,3.391,23.4,1.696,0.0,0.0,0.152,0.333,1.0,0.75,0.65,0.2319,0.0294,11,2
frag_00698,source_order_tree,1.5,3.0,21.0,1.0,0.0,0.0,0.0,0.333,0.5,0.75,0.25,0.1927,0.0052,3,2
frag_00698,evidence_role_tree,2.0,5.0,27.0,3.0,0.0,1.0,0.0,0.333,0.5,0.75,0.35,0.3053,0.1328,5,2
frag_00698,question_intent_tree,2.0,4.0,22.0,2.0,0.0,0.0,0.0,0.333,1.0,0.75,0.3,0.2237,-0.0313,4,2
frag_00698,class_objective_tree,2.0,4.0,22.0,2.0,0.0,0.0,0.0,0.333,1.0,0.75,0.3,0.2237,-0.0313,4,2
frag_00698,hybrid_optimized_tree,2.0,4.0,22.0,2.0,0.0,0.0,0.0,0.333,1.0,0.75,0.3,0.2237,-0.0313,4,2
frag_00699,source_order_tree,1.5,3.0,21.0,1.0,0.0,0.0,0.0,0.333,0.5,0.75,0.25,0.1927,0.0052,3,2
frag_00699,evidence_role_tree,2.0,5.0,27.0,3.0,0.0,1.0,0.0,0.333,0.5,0.75,0.35,0.3053,0.1328,5,2
frag_00699,question_intent_tree,2.0,4.0,22.0,2.0,0.0,0.0,0.0,0.333,1.0,0.75,0.3,0.2237,-0.0313,4,2
frag_00699,class_objective_tree,2.0,4.0,22.0,2.0,0.0,0.0,0.0,0.333,1.0,0.75,0.3,0.2237,-0.0313,4,2
frag_00699,hybrid_optimized_tree,2.0,4.0,22.0,2.0,0.0,0.0,0.0,0.333,1.0,0.75,0.3,0.2237,-0.0313,4,2
frag_00701,source_order_tree,1.5,3.0,18.0,1.0,0.0,0.0,0.0,0.333,0.5,0.75,0.25,0.1897,0.0022,3,2
frag_00701,evidence_role_tree,2.0,5.0,24.0,3.0,0.0,1.0,0.0,0.333,0.5,0.75,0.35,0.3023,0.1298,5,2
frag_00701,question_intent_tree,2.0,4.0,19.0,2.0,0.0,0.0,0.0,0.333,1.0,0.75,0.3,0.2207,-0.0343,4,2
frag_00701,class_objective_tree,2.0,5.0,24.0,3.0,0.0,1.0,0.0,0.333,0.5,0.75,0.35,0.3023,0.1298,5,2
frag_00701,hybrid_optimized_tree,2.0,4.0,19.0,2.0,0.0,0.0,0.0,0.333,1.0,0.75,0.3,0.2207,-0.0343,4,2
frag_00702,source_order_tree,1.0,2.0,13.0,1.0,0.0,0.0,0.0,0.167,1.0,0.857,0.15,0.1138,-0.1851,2,1
frag_00702,evidence_role_tree,2.0,3.0,16.0,2.0,0.0,0.0,0.0,0.333,1.0,0.75,0.25,0.2027,-0.0598,3,2
frag_00702,question_intent_tree,2.0,3.0,16.0,2.0,0.0,0.0,0.0,0.333,1.0,0.75,0.25,0.2027,-0.0598,3,2
frag_00702,class_objective_tree,2.0,3.0,16.0,2.0,0.0,0.0,0.0,0.333,1.0,0.75,0.25,0.2027,-0.0598,3,2
frag_00702,hybrid_optimized_tree,1.0,2.0,11.0,1.0,0.0,0.0,0.0,0.167,1.0,0.857,0.15,0.1118,-0.1871,2,1
frag_00704,source_order_tree,1.0,2.0,11.0,1.0,0.0,0.0,0.0,0.167,1.0,0.857,0.15,0.1118,-0.1871,2,1
frag_00704,evidence_role_tree,2.0,3.0,14.0,2.0,0.0,0.0,0.0,0.333,1.0,0.75,0.25,0.2007,-0.0618,3,2
frag_00704,question_intent_tree,2.0,3.0,14.0,2.0,0.0,0.0,0.0,0.333,1.0,0.75,0.25,0.2007,-0.0618,3,2
frag_00704,class_objective_tree,2.0,3.0,14.0,2.0,0.0,0.0,0.0,0.333,1.0,0.75,0.25,0.2007,-0.0618,3,2
frag_00704,hybrid_optimized_tree,1.0,2.0,9.0,1.0,0.0,0.0,0.0,0.167,1.0,0.857,0.15,0.1098,-0.1891,2,1
frag_00706,source_order_tree,1.5,3.0,22.0,1.0,0.0,0.0,0.0,0.333,0.5,0.75,0.25,0.1937,0.0062,3,2
frag_00706,evidence_role_tree,2.0,5.0,28.0,3.0,0.0,1.0,0.0,0.333,0.5,0.75,0.35,0.3063,0.1338,5,2
frag_00706,question_intent_tree,2.0,4.0,23.0,2.0,0.0,0.0,0.0,0.333,1.0,0.75,0.3,0.2247,-0.0303,4,2
frag_00706,class_objective_tree,2.0,4.0,23.0,2.0,0.0,0.0,0.0,0.333,1.0,0.75,0.3,0.2247,-0.0303,4,2
frag_00706,hybrid_optimized_tree,2.0,4.0,23.0,2.0,0.0,0.0,0.0,0.333,1.0,0.75,0.3,0.2247,-0.0303,4,2
frag_00709,source_order_tree,1.0,2.0,11.0,1.0,0.0,0.0,0.0,0.167,1.0,0.857,0.15,0.1118,-0.1871,2,1
frag_00709,evidence_role_tree,2.0,3.0,14.0,2.0,0.0,0.0,0.0,0.333,1.0,0.75,0.25,0.2007,-0.0618,3,2
frag_00709,question_intent_tree,2.0,3.0,14.0,2.0,0.0,0.0,0.0,0.333,1.0,0.75,0.25,0.2007,-0.0618,3,2
frag_00709,class_objective_tree,2.0,3.0,14.0,2.0,0.0,0.0,0.0,0.333,1.0,0.75,0.25,0.2007,-0.0618,3,2
frag_00709,hybrid_optimized_tree,1.0,2.0,9.0,1.0,0.0,0.0,0.0,0.167,1.0,0.857,0.15,0.1098,-0.1891,2,1
frag_00710,source_order_tree,1.0,2.0,12.0,1.0,0.0,0.0,0.0,0.167,1.0,0.857,0.15,0.1128,-0.1861,2,1
frag_00710,evidence_role_tree,2.0,3.0,15.0,2.0,0.0,0.0,0.0,0.333,1.0,0.75,0.25,0.2017,-0.0608,3,2
frag_00710,question_intent_tree,2.0,3.0,15.0,2.0,0.0,0.0,0.0,0.333,1.0,0.75,0.25,0.2017,-0.0608,3,2
frag_00710,class_objective_tree,2.0,3.0,15.0,2.0,0.0,0.0,0.0,0.333,1.0,0.75,0.25,0.2017,-0.0608,3,2
frag_00710,hybrid_optimized_tree,1.0,2.0,10.0,1.0,0.0,0.0,0.0,0.167,1.0,0.857,0.15,0.1108,-0.1881,2,1
frag_00711,source_order_tree,1.5,3.0,26.0,1.0,0.0,0.0,0.0,0.333,0.5,0.75,0.25,0.1977,0.0102,3,2
frag_00711,evidence_role_tree,2.0,5.0,32.0,3.0,0.0,1.0,0.0,0.333,0.5,0.75,0.35,0.3103,0.1378,5,2
frag_00711,question_intent_tree,2.0,4.0,27.0,2.0,0.0,0.0,0.0,0.333,1.0,0.75,0.3,0.2287,-0.0263,4,2
frag_00711,class_objective_tree,2.0,4.0,27.0,2.0,0.0,0.0,0.0,0.333,1.0,0.75,0.3,0.2287,-0.0263,4,2
frag_00711,hybrid_optimized_tree,2.0,4.0,27.0,2.0,0.0,0.0,0.0,0.333,1.0,0.75,0.3,0.2287,-0.0263,4,2
frag_00713,source_order_tree,1.5,3.0,26.0,1.0,0.0,0.0,0.0,0.333,0.5,0.75,0.25,0.1977,0.0102,3,2
frag_00713,evidence_role_tree,2.0,5.0,32.0,3.0,0.0,1.0,0.0,0.333,0.5,0.75,0.35,0.3103,0.1378,5,2
frag_00713,question_intent_tree,2.0,4.0,27.0,2.0,0.0,0.0,0.0,0.333,1.0,0.75,0.3,0.2287,-0.0263,4,2
frag_00713,class_objective_tree,2.0,4.0,27.0,2.0,0.0,0.0,0.0,0.333,1.0,0.75,0.3,0.2287,-0.0263,4,2
frag_00713,hybrid_optimized_tree,2.0,4.0,27.0,2.0,0.0,0.0,0.0,0.333,1.0,0.75,0.3,0.2287,-0.0263,4,2
frag_00714,source_order_tree,1.5,3.0,18.0,1.0,0.0,0.0,0.0,0.333,0.5,0.75,0.25,0.1897,0.0022,3,2
frag_00714,evidence_role_tree,2.0,5.0,24.0,3.0,0.0,1.0,0.0,0.333,0.5,0.75,0.35,0.3023,0.1298,5,2
frag_00714,question_intent_tree,2.0,4.0,19.0,2.0,0.0,0.0,0.0,0.333,1.0,0.75,0.3,0.2207,-0.0343,4,2
frag_00714,class_objective_tree,2.0,5.0,24.0,3.0,0.0,1.0,0.0,0.333,0.5,0.75,0.35,0.3023,0.1298,5,2
frag_00714,hybrid_optimized_tree,2.0,4.0,19.0,2.0,0.0,0.0,0.0,0.333,1.0,0.75,0.3,0.2207,-0.0343,4,2
frag_00716,source_order_tree,1.5,3.0,51.0,1.0,0.0,0.0,0.0,0.333,0.5,0.75,0.25,0.2227,0.0352,3,2
frag_00716,evidence_role_tree,2.0,5.0,57.0,3.0,0.0,1.0,0.0,0.333,0.5,0.75,0.35,0.3353,0.1628,5,2
frag_00716,question_intent_tree,2.0,4.0,52.0,2.0,0.0,0.0,0.0,0.333,1.0,0.75,0.3,0.2537,-0.0013,4,2
frag_00716,class_objective_tree,2.0,5.0,57.0,3.0,0.0,1.0,0.0,0.333,0.5,0.75,0.35,0.3353,0.1628,5,2
frag_00716,hybrid_optimized_tree,2.0,4.0,52.0,2.0,0.0,0.0,0.0,0.333,1.0,0.75,0.3,0.2537,-0.0013,4,2
frag_00719,source_order_tree,1.0,2.0,12.0,1.0,0.0,0.0,0.0,0.167,1.0,0.857,0.15,0.1128,-0.1861,2,1
frag_00719,evidence_role_tree,2.0,3.0,15.0,2.0,0.0,0.0,0.0,0.333,1.0,0.75,0.25,0.2017,-0.0608,3,2
frag_00719,question_intent_tree,2.0,3.0,15.0,2.0,0.0,0.0,0.0,0.333,1.0,0.75,0.25,0.2017,-0.0608,3,2
frag_00719,class_objective_tree,2.0,3.0,15.0,2.0,0.0,0.0,0.0,0.333,1.0,0.75,0.25,0.2017,-0.0608,3,2
frag_00719,hybrid_optimized_tree,1.0,2.0,10.0,1.0,0.0,0.0,0.0,0.167,1.0,0.857,0.15,0.1108,-0.1881,2,1
frag_00722,source_order_tree,1.0,2.0,13.0,1.0,0.0,0.0,0.0,0.167,1.0,0.857,0.15,0.1138,-0.1851,2,1
frag_00722,evidence_role_tree,2.0,3.0,16.0,2.0,0.0,0.0,0.0,0.333,1.0,0.75,0.25,0.2027,-0.0598,3,2
frag_00722,question_intent_tree,2.0,3.0,16.0,2.0,0.0,0.0,0.0,0.333,1.0,0.75,0.25,0.2027,-0.0598,3,2
frag_00722,class_objective_tree,2.0,3.0,16.0,2.0,0.0,0.0,0.0,0.333,1.0,0.75,0.25,0.2027,-0.0598,3,2
frag_00722,hybrid_optimized_tree,1.0,2.0,11.0,1.0,0.0,0.0,0.0,0.167,1.0,0.857,0.15,0.1118,-0.1871,2,1
frag_00735,source_order_tree,2.0,3.0,22.0,2.0,1.0,0.0,0.0,0.333,1.0,0.75,0.25,0.3087,0.0462,3,2
frag_00735,evidence_role_tree,2.0,3.0,16.0,2.0,1.0,0.0,0.0,0.333,1.0,0.75,0.3,0.3052,0.0502,4,2
frag_00735,question_intent_tree,2.0,3.0,16.0,2.0,1.0,0.0,0.0,0.333,1.0,0.75,0.3,0.3052,0.0502,4,2
frag_00735,class_objective_tree,2.0,3.0,16.0,2.0,1.0,0.0,0.0,0.333,1.0,0.75,0.3,0.3052,0.0502,4,2
frag_00735,hybrid_optimized_tree,1.0,2.0,11.0,1.0,1.0,0.0,0.0,0.167,1.0,0.857,0.2,0.2143,-0.0771,3,1
frag_00737,source_order_tree,1.0,2.0,11.0,1.0,0.0,0.0,0.0,0.167,1.0,0.857,0.15,0.1118,-0.1871,2,1
frag_00737,evidence_role_tree,2.0,3.0,14.0,2.0,0.0,0.0,0.0,0.333,1.0,0.75,0.25,0.2007,-0.0618,3,2
frag_00737,question_intent_tree,2.0,3.0,14.0,2.0,0.0,0.0,0.0,0.333,1.0,0.75,0.25,0.2007,-0.0618,3,2
frag_00737,class_objective_tree,2.0,3.0,14.0,2.0,0.0,0.0,0.0,0.333,1.0,0.75,0.25,0.2007,-0.0618,3,2
frag_00737,hybrid_optimized_tree,1.0,2.0,9.0,1.0,0.0,0.0,0.0,0.167,1.0,0.857,0.15,0.1098,-0.1891,2,1
frag_00738,source_order_tree,1.0,2.0,30.0,1.0,0.0,0.0,0.5,0.167,1.0,0.857,0.15,0.1808,-0.1181,2,1
frag_00738,evidence_role_tree,2.0,3.0,33.0,2.0,0.0,0.0,0.5,0.333,1.0,0.75,0.25,0.2697,0.0072,3,2
frag_00738,question_intent_tree,2.0,3.0,33.0,2.0,0.0,0.0,0.5,0.333,1.0,0.75,0.25,0.2697,0.0072,3,2
frag_00738,class_objective_tree,2.0,3.0,33.0,2.0,0.0,0.0,0.5,0.333,1.0,0.75,0.25,0.2697,0.0072,3,2
frag_00738,hybrid_optimized_tree,1.0,2.0,28.0,1.0,0.0,0.0,0.5,0.167,1.0,0.857,0.15,0.1788,-0.1201,2,1
frag_00753,source_order_tree,1.0,2.0,13.0,1.0,0.0,0.0,0.0,0.167,1.0,0.857,0.15,0.1138,-0.1851,2,1
frag_00753,evidence_role_tree,2.0,3.0,16.0,2.0,0.0,0.0,0.0,0.333,1.0,0.75,0.25,0.2027,-0.0598,3,2
frag_00753,question_intent_tree,2.0,3.0,16.0,2.0,0.0,0.0,0.0,0.333,1.0,0.75,0.25,0.2027,-0.0598,3,2
frag_00753,class_objective_tree,2.0,3.0,16.0,2.0,0.0,0.0,0.0,0.333,1.0,0.75,0.25,0.2027,-0.0598,3,2
frag_00753,hybrid_optimized_tree,1.0,2.0,11.0,1.0,0.0,0.0,0.0,0.167,1.0,0.857,0.15,0.1118,-0.1871,2,1
frag_00754,source_order_tree,1.0,2.0,11.0,1.0,0.0,0.0,0.0,0.167,1.0,0.857,0.15,0.1118,-0.1871,2,1
frag_00754,evidence_role_tree,2.0,3.0,14.0,2.0,0.0,0.0,0.0,0.333,1.0,0.75,0.25,0.2007,-0.0618,3,2
frag_00754,question_intent_tree,2.0,3.0,14.0,2.0,0.0,0.0,0.0,0.333,1.0,0.75,0.25,0.2007,-0.0618,3,2
frag_00754,class_objective_tree,2.0,3.0,14.0,2.0,0.0,0.0,0.0,0.333,1.0,0.75,0.25,0.2007,-0.0618,3,2
frag_00754,hybrid_optimized_tree,1.0,2.0,9.0,1.0,0.0,0.0,0.0,0.167,1.0,0.857,0.15,0.1098,-0.1891,2,1
frag_00759,source_order_tree,1.5,3.0,21.0,1.0,0.0,0.0,0.0,0.333,0.5,0.75,0.25,0.1927,0.0052,3,2
frag_00759,evidence_role_tree,2.0,5.0,27.0,3.0,0.0,1.0,0.0,0.333,0.5,0.75,0.35,0.3053,0.1328,5,2
frag_00759,question_intent_tree,2.0,4.0,22.0,2.0,0.0,0.0,0.0,0.333,1.0,0.75,0.3,0.2237,-0.0313,4,2
frag_00759,class_objective_tree,2.0,4.0,22.0,2.0,0.0,0.0,0.0,0.333,1.0,0.75,0.3,0.2237,-0.0313,4,2
frag_00759,hybrid_optimized_tree,2.0,4.0,22.0,2.0,0.0,0.0,0.0,0.333,1.0,0.75,0.3,0.2237,-0.0313,4,2
frag_00760,source_order_tree,1.0,2.0,12.0,1.0,0.0,0.0,0.0,0.167,1.0,0.857,0.15,0.1128,-0.1861,2,1
frag_00760,evidence_role_tree,2.0,3.0,15.0,2.0,0.0,0.0,0.0,0.333,1.0,0.75,0.25,0.2017,-0.0608,3,2
frag_00760,question_intent_tree,2.0,3.0,15.0,2.0,0.0,0.0,0.0,0.333,1.0,0.75,0.25,0.2017,-0.0608,3,2
frag_00760,class_objective_tree,2.0,3.0,15.0,2.0,0.0,0.0,0.0,0.333,1.0,0.75,0.25,0.2017,-0.0608,3,2
frag_00760,hybrid_optimized_tree,1.0,2.0,10.0,1.0,0.0,0.0,0.0,0.167,1.0,0.857,0.15,0.1108,-0.1881,2,1
frag_00761,source_order_tree,1.0,2.0,13.0,1.0,0.0,0.0,0.0,0.167,1.0,0.857,0.15,0.1138,-0.1851,2,1
frag_00761,evidence_role_tree,2.0,3.0,16.0,2.0,0.0,0.0,0.0,0.333,1.0,0.75,0.25,0.2027,-0.0598,3,2
frag_00761,question_intent_tree,2.0,3.0,16.0,2.0,0.0,0.0,0.0,0.333,1.0,0.75,0.25,0.2027,-0.0598,3,2
frag_00761,class_objective_tree,2.0,3.0,16.0,2.0,0.0,0.0,0.0,0.333,1.0,0.75,0.25,0.2027,-0.0598,3,2
frag_00761,hybrid_optimized_tree,1.0,2.0,11.0,1.0,0.0,0.0,0.0,0.167,1.0,0.857,0.15,0.1118,-0.1871,2,1
frag_00764,source_order_tree,1.0,2.0,24.0,1.0,0.0,0.0,0.5,0.167,1.0,0.857,0.15,0.1748,-0.1241,2,1
frag_00764,evidence_role_tree,2.0,3.0,27.0,2.0,0.0,0.0,0.5,0.333,1.0,0.75,0.25,0.2637,0.0012,3,2
frag_00764,question_intent_tree,2.0,3.0,27.0,2.0,0.0,0.0,0.5,0.333,1.0,0.75,0.25,0.2637,0.0012,3,2
frag_00764,class_objective_tree,2.0,3.0,27.0,2.0,0.0,0.0,0.5,0.333,1.0,0.75,0.25,0.2637,0.0012,3,2
frag_00764,hybrid_optimized_tree,1.0,2.0,22.0,1.0,0.0,0.0,0.5,0.167,1.0,0.857,0.15,0.1728,-0.1261,2,1
frag_00765,source_order_tree,1.0,2.0,11.0,1.0,0.0,0.0,0.5,0.167,1.0,0.857,0.15,0.1618,-0.1371,2,1
frag_00765,evidence_role_tree,2.0,3.0,14.0,2.0,0.0,0.0,0.5,0.333,1.0,0.75,0.25,0.2507,-0.0118,3,2
frag_00765,question_intent_tree,2.0,3.0,14.0,2.0,0.0,0.0,0.5,0.333,1.0,0.75,0.25,0.2507,-0.0118,3,2
frag_00765,class_objective_tree,2.0,3.0,14.0,2.0,0.0,0.0,0.5,0.333,1.0,0.75,0.25,0.2507,-0.0118,3,2
frag_00765,hybrid_optimized_tree,1.0,2.0,9.0,1.0,0.0,0.0,0.5,0.167,1.0,0.857,0.15,0.1598,-0.1391,2,1
frag_00766,source_order_tree,1.0,2.0,11.0,1.0,0.0,0.0,0.5,0.167,1.0,0.857,0.15,0.1618,-0.1371,2,1
frag_00766,evidence_role_tree,2.0,3.0,14.0,2.0,0.0,0.0,0.5,0.333,1.0,0.75,0.25,0.2507,-0.0118,3,2
frag_00766,question_intent_tree,2.0,3.0,14.0,2.0,0.0,0.0,0.5,0.333,1.0,0.75,0.25,0.2507,-0.0118,3,2
frag_00766,class_objective_tree,2.0,3.0,14.0,2.0,0.0,0.0,0.5,0.333,1.0,0.75,0.25,0.2507,-0.0118,3,2
frag_00766,hybrid_optimized_tree,1.0,2.0,9.0,1.0,0.0,0.0,0.5,0.167,1.0,0.857,0.15,0.1598,-0.1391,2,1
frag_00769,source_order_tree,1.5,3.0,19.0,1.0,0.0,0.0,0.0,0.333,0.5,0.75,0.25,0.1907,0.0032,3,2
frag_00769,evidence_role_tree,2.0,5.0,25.0,3.0,0.0,1.0,0.0,0.333,0.5,0.75,0.35,0.3033,0.1308,5,2
frag_00769,question_intent_tree,2.0,4.0,20.0,2.0,0.0,0.0,0.0,0.333,1.0,0.75,0.3,0.2217,-0.0333,4,2
frag_00769,class_objective_tree,2.0,4.0,20.0,2.0,0.0,0.0,0.0,0.333,1.0,0.75,0.3,0.2217,-0.0333,4,2
frag_00769,hybrid_optimized_tree,2.0,4.0,20.0,2.0,0.0,0.0,0.0,0.333,1.0,0.75,0.3,0.2217,-0.0333,4,2
frag_00772,source_order_tree,1.5,3.0,19.0,1.0,0.0,0.0,0.0,0.333,0.5,0.75,0.25,0.1907,0.0032,3,2
frag_00772,evidence_role_tree,2.0,5.0,25.0,3.0,0.0,1.0,0.0,0.333,0.5,0.75,0.35,0.3033,0.1308,5,2
frag_00772,question_intent_tree,2.0,4.0,20.0,2.0,0.0,0.0,0.0,0.333,1.0,0.75,0.3,0.2217,-0.0333,4,2
frag_00772,class_objective_tree,2.0,4.0,20.0,2.0,0.0,0.0,0.0,0.333,1.0,0.75,0.3,0.2217,-0.0333,4,2
frag_00772,hybrid_optimized_tree,2.0,4.0,20.0,2.0,0.0,0.0,0.0,0.333,1.0,0.75,0.3,0.2217,-0.0333,4,2
frag_00778,source_order_tree,1.5,3.0,21.0,1.0,0.0,0.0,0.0,0.333,0.5,0.75,0.25,0.1927,0.0052,3,2
frag_00778,evidence_role_tree,2.0,5.0,27.0,3.0,0.0,1.0,0.0,0.333,0.5,0.75,0.35,0.3053,0.1328,5,2
frag_00778,question_intent_tree,2.0,4.0,22.0,2.0,0.0,0.0,0.0,0.333,1.0,0.75,0.3,0.2237,-0.0313,4,2
frag_00778,class_objective_tree,2.0,4.0,22.0,2.0,0.0,0.0,0.0,0.333,1.0,0.75,0.3,0.2237,-0.0313,4,2
frag_00778,hybrid_optimized_tree,2.0,4.0,22.0,2.0,0.0,0.0,0.0,0.333,1.0,0.75,0.3,0.2237,-0.0313,4,2
frag_00779,source_order_tree,1.5,3.0,22.0,1.0,0.0,0.0,0.0,0.333,0.5,0.75,0.25,0.1937,0.0062,3,2
frag_00779,evidence_role_tree,2.0,5.0,28.0,3.0,0.0,1.0,0.0,0.333,0.5,0.75,0.35,0.3063,0.1338,5,2
frag_00779,question_intent_tree,2.0,4.0,23.0,2.0,0.0,0.0,0.0,0.333,1.0,0.75,0.3,0.2247,-0.0303,4,2
frag_00779,class_objective_tree,2.0,4.0,23.0,2.0,0.0,0.0,0.0,0.333,1.0,0.75,0.3,0.2247,-0.0303,4,2
frag_00779,hybrid_optimized_tree,2.0,4.0,23.0,2.0,0.0,0.0,0.0,0.333,1.0,0.75,0.3,0.2247,-0.0303,4,2
frag_00780,source_order_tree,1.0,2.0,12.0,1.0,0.0,0.0,0.0,0.167,1.0,0.857,0.15,0.1128,-0.1861,2,1
frag_00780,evidence_role_tree,2.0,3.0,15.0,2.0,0.0,0.0,0.0,0.333,1.0,0.75,0.25,0.2017,-0.0608,3,2
frag_00780,question_intent_tree,2.0,3.0,15.0,2.0,0.0,0.0,0.0,0.333,1.0,0.75,0.25,0.2017,-0.0608,3,2
frag_00780,class_objective_tree,2.0,3.0,15.0,2.0,0.0,0.0,0.0,0.333,1.0,0.75,0.25,0.2017,-0.0608,3,2
frag_00780,hybrid_optimized_tree,1.0,2.0,10.0,1.0,0.0,0.0,0.0,0.167,1.0,0.857,0.15,0.1108,-0.1881,2,1
frag_00785,source_order_tree,1.0,2.0,12.0,1.0,0.0,0.0,0.0,0.167,1.0,0.857,0.15,0.1128,-0.1861,2,1
frag_00785,evidence_role_tree,2.0,3.0,15.0,2.0,0.0,0.0,0.0,0.333,1.0,0.75,0.25,0.2017,-0.0608,3,2
frag_00785,question_intent_tree,2.0,3.0,15.0,2.0,0.0,0.0,0.0,0.333,1.0,0.75,0.25,0.2017,-0.0608,3,2
frag_00785,class_objective_tree,2.0,3.0,15.0,2.0,0.0,0.0,0.0,0.333,1.0,0.75,0.25,0.2017,-0.0608,3,2
frag_00785,hybrid_optimized_tree,1.0,2.0,10.0,1.0,0.0,0.0,0.0,0.167,1.0,0.857,0.15,0.1108,-0.1881,2,1
frag_00790,source_order_tree,1.686,2.915,19.3,1.457,0.0,0.0,0.0,0.5,0.771,0.667,0.35,0.2063,0.0098,4,3
frag_00790,evidence_role_tree,2.0,3.915,20.0,2.457,0.0,0.457,0.0,0.333,0.771,0.75,0.45,0.2563,0.0581,7,2
frag_00790,question_intent_tree,2.0,3.457,17.7,2.0,0.0,0.0,0.0,0.333,1.0,0.75,0.4,0.2176,-0.0224,6,2
frag_00790,class_objective_tree,2.0,3.457,17.7,2.0,0.0,0.0,0.0,0.333,1.0,0.75,0.4,0.2176,-0.0224,6,2
frag_00790,hybrid_optimized_tree,1.457,2.915,15.0,1.457,0.0,0.0,0.0,0.333,1.0,0.75,0.35,0.1731,-0.0744,5,2
frag_00792,source_order_tree,1.0,2.0,13.0,1.0,0.0,0.0,0.0,0.167,1.0,0.857,0.15,0.1138,-0.1851,2,1
frag_00792,evidence_role_tree,2.0,3.0,16.0,2.0,0.0,0.0,0.0,0.333,1.0,0.75,0.25,0.2027,-0.0598,3,2
frag_00792,question_intent_tree,2.0,3.0,16.0,2.0,0.0,0.0,0.0,0.333,1.0,0.75,0.25,0.2027,-0.0598,3,2
frag_00792,class_objective_tree,2.0,3.0,16.0,2.0,0.0,0.0,0.0,0.333,1.0,0.75,0.25,0.2027,-0.0598,3,2
frag_00792,hybrid_optimized_tree,1.0,2.0,11.0,1.0,0.0,0.0,0.0,0.167,1.0,0.857,0.15,0.1118,-0.1871,2,1
frag_00796,source_order_tree,1.0,2.0,12.0,1.0,0.0,0.0,0.0,0.167,1.0,0.857,0.15,0.1128,-0.1861,2,1
frag_00796,evidence_role_tree,2.0,3.0,15.0,2.0,0.0,0.0,0.0,0.333,1.0,0.75,0.25,0.2017,-0.0608,3,2
frag_00796,question_intent_tree,2.0,3.0,15.0,2.0,0.0,0.0,0.0,0.333,1.0,0.75,0.25,0.2017,-0.0608,3,2
frag_00796,class_objective_tree,2.0,3.0,15.0,2.0,0.0,0.0,0.0,0.333,1.0,0.75,0.25,0.2017,-0.0608,3,2
frag_00796,hybrid_optimized_tree,1.0,2.0,10.0,1.0,0.0,0.0,0.0,0.167,1.0,0.857,0.15,0.1108,-0.1881,2,1
frag_00797,source_order_tree,1.0,2.0,30.0,1.0,0.0,0.0,0.5,0.167,1.0,0.857,0.15,0.1808,-0.1181,2,1
frag_00797,evidence_role_tree,2.0,3.0,33.0,2.0,0.0,0.0,0.5,0.333,1.0,0.75,0.25,0.2697,0.0072,3,2
frag_00797,question_intent_tree,2.0,3.0,33.0,2.0,0.0,0.0,0.5,0.333,1.0,0.75,0.25,0.2697,0.0072,3,2
frag_00797,class_objective_tree,2.0,3.0,33.0,2.0,0.0,0.0,0.5,0.333,1.0,0.75,0.25,0.2697,0.0072,3,2
frag_00797,hybrid_optimized_tree,1.0,2.0,28.0,1.0,0.0,0.0,0.5,0.167,1.0,0.857,0.15,0.1788,-0.1201,2,1
frag_00799,source_order_tree,1.686,2.915,17.9,1.457,0.0,0.0,0.0,0.5,0.771,0.667,0.35,0.2048,0.0083,4,3
frag_00799,evidence_role_tree,2.0,3.915,19.0,2.457,0.0,0.457,0.0,0.333,0.771,0.75,0.45,0.2553,0.0571,7,2
frag_00799,question_intent_tree,2.0,3.457,16.7,2.0,0.0,0.0,0.0,0.333,1.0,0.75,0.4,0.2166,-0.0234,6,2
frag_00799,class_objective_tree,2.0,3.457,16.7,2.0,0.0,0.0,0.0,0.333,1.0,0.75,0.4,0.2166,-0.0234,6,2
frag_00799,hybrid_optimized_tree,1.457,2.915,14.0,1.457,0.0,0.0,0.0,0.333,1.0,0.75,0.35,0.1721,-0.0754,5,2
frag_00808,source_order_tree,1.5,3.0,20.0,1.0,0.0,0.0,0.0,0.333,0.5,0.75,0.25,0.1917,0.0042,3,2
frag_00808,evidence_role_tree,2.0,5.0,26.0,3.0,0.0,1.0,0.0,0.333,0.5,0.75,0.35,0.3043,0.1318,5,2
frag_00808,question_intent_tree,2.0,4.0,21.0,2.0,0.0,0.0,0.0,0.333,1.0,0.75,0.3,0.2227,-0.0323,4,2
frag_00808,class_objective_tree,2.0,4.0,21.0,2.0,0.0,0.0,0.0,0.333,1.0,0.75,0.3,0.2227,-0.0323,4,2
frag_00808,hybrid_optimized_tree,2.0,4.0,21.0,2.0,0.0,0.0,0.0,0.333,1.0,0.75,0.3,0.2227,-0.0323,4,2
frag_00820,source_order_tree,1.0,2.0,14.0,1.0,0.0,0.0,0.0,0.167,1.0,0.857,0.15,0.1148,-0.1841,2,1
frag_00820,evidence_role_tree,2.0,3.0,17.0,2.0,0.0,0.0,0.0,0.333,1.0,0.75,0.25,0.2037,-0.0588,3,2
frag_00820,question_intent_tree,2.0,3.0,17.0,2.0,0.0,0.0,0.0,0.333,1.0,0.75,0.25,0.2037,-0.0588,3,2
frag_00820,class_objective_tree,2.0,3.0,17.0,2.0,0.0,0.0,0.0,0.333,1.0,0.75,0.25,0.2037,-0.0588,3,2
frag_00820,hybrid_optimized_tree,1.0,2.0,12.0,1.0,0.0,0.0,0.0,0.167,1.0,0.857,0.15,0.1128,-0.1861,2,1
frag_00822,source_order_tree,1.0,2.0,30.0,1.0,0.0,0.0,0.5,0.167,1.0,0.857,0.15,0.1808,-0.1181,2,1
frag_00822,evidence_role_tree,2.0,3.0,33.0,2.0,0.0,0.0,0.5,0.333,1.0,0.75,0.25,0.2697,0.0072,3,2
frag_00822,question_intent_tree,2.0,3.0,33.0,2.0,0.0,0.0,0.5,0.333,1.0,0.75,0.25,0.2697,0.0072,3,2
frag_00822,class_objective_tree,2.0,3.0,33.0,2.0,0.0,0.0,0.5,0.333,1.0,0.75,0.25,0.2697,0.0072,3,2
frag_00822,hybrid_optimized_tree,1.0,2.0,28.0,1.0,0.0,0.0,0.5,0.167,1.0,0.857,0.15,0.1788,-0.1201,2,1
frag_00826,source_order_tree,1.838,3.118,38.9,1.559,0.0,0.0,0.221,0.5,0.721,0.667,0.35,0.2611,0.0722,4,3
frag_00826,evidence_role_tree,2.0,4.118,29.1,2.559,0.0,0.559,0.221,0.333,0.721,0.75,0.45,0.2962,0.1057,7,2
frag_00826,question_intent_tree,2.0,3.559,26.3,2.0,0.0,0.0,0.221,0.333,1.0,0.75,0.4,0.2495,0.0095,6,2
frag_00826,class_objective_tree,2.0,3.559,26.3,2.0,0.0,0.0,0.221,0.333,1.0,0.75,0.4,0.2495,0.0095,6,2
frag_00826,hybrid_optimized_tree,1.559,3.118,24.1,1.559,0.0,0.0,0.221,0.333,1.0,0.75,0.35,0.2128,-0.0347,5,2
frag_00832,source_order_tree,1.5,3.0,18.0,1.0,0.0,0.0,0.0,0.333,0.5,0.75,0.25,0.1897,0.0022,3,2
frag_00832,evidence_role_tree,2.0,5.0,24.0,3.0,0.0,1.0,0.0,0.333,0.5,0.75,0.35,0.3023,0.1298,5,2
frag_00832,question_intent_tree,2.0,4.0,19.0,2.0,0.0,0.0,0.0,0.333,1.0,0.75,0.3,0.2207,-0.0343,4,2
frag_00832,class_objective_tree,2.0,5.0,24.0,3.0,0.0,1.0,0.0,0.333,0.5,0.75,0.35,0.3023,0.1298,5,2
frag_00832,hybrid_optimized_tree,2.0,4.0,19.0,2.0,0.0,0.0,0.0,0.333,1.0,0.75,0.3,0.2207,-0.0343,4,2
frag_00833,source_order_tree,1.5,3.0,26.0,1.0,0.0,0.0,0.0,0.333,0.5,0.75,0.25,0.1977,0.0102,3,2
frag_00833,evidence_role_tree,2.0,5.0,32.0,3.0,0.0,1.0,0.0,0.333,0.5,0.75,0.35,0.3103,0.1378,5,2
frag_00833,question_intent_tree,2.0,4.0,27.0,2.0,0.0,0.0,0.0,0.333,1.0,0.75,0.3,0.2287,-0.0263,4,2
frag_00833,class_objective_tree,2.0,5.0,32.0,3.0,0.0,1.0,0.0,0.333,0.5,0.75,0.35,0.3103,0.1378,5,2
frag_00833,hybrid_optimized_tree,2.0,4.0,27.0,2.0,0.0,0.0,0.0,0.333,1.0,0.75,0.3,0.2287,-0.0263,4,2
frag_00834,source_order_tree,1.5,3.0,26.0,1.0,0.0,0.0,0.0,0.333,0.5,0.75,0.25,0.1977,0.0102,3,2
frag_00834,evidence_role_tree,2.0,5.0,32.0,3.0,0.0,1.0,0.0,0.333,0.5,0.75,0.35,0.3103,0.1378,5,2
frag_00834,question_intent_tree,2.0,4.0,27.0,2.0,0.0,0.0,0.0,0.333,1.0,0.75,0.3,0.2287,-0.0263,4,2
frag_00834,class_objective_tree,2.0,5.0,32.0,3.0,0.0,1.0,0.0,0.333,0.5,0.75,0.35,0.3103,0.1378,5,2
frag_00834,hybrid_optimized_tree,2.0,4.0,27.0,2.0,0.0,0.0,0.0,0.333,1.0,0.75,0.3,0.2287,-0.0263,4,2
frag_00835,source_order_tree,1.522,2.696,17.9,1.348,0.0,0.0,0.0,0.5,0.826,0.667,0.35,0.1906,-0.0141,4,3
frag_00835,evidence_role_tree,2.0,3.696,18.8,2.348,0.0,0.348,0.0,0.333,0.826,0.75,0.45,0.2456,0.0392,7,2
frag_00835,question_intent_tree,2.0,3.348,17.0,2.0,0.0,0.0,0.0,0.333,1.0,0.75,0.4,0.2156,-0.0244,6,2
frag_00835,class_objective_tree,2.0,3.348,17.0,2.0,0.0,0.0,0.0,0.333,1.0,0.75,0.4,0.2156,-0.0244,6,2
frag_00835,hybrid_optimized_tree,1.348,2.696,13.8,1.348,0.0,0.0,0.0,0.333,1.0,0.75,0.35,0.1625,-0.085,5,2
frag_00836,source_order_tree,1.0,2.0,30.0,1.0,0.0,0.0,0.5,0.167,1.0,0.857,0.15,0.1808,-0.1181,2,1
frag_00836,evidence_role_tree,2.0,3.0,33.0,2.0,0.0,0.0,0.5,0.333,1.0,0.75,0.25,0.2697,0.0072,3,2
frag_00836,question_intent_tree,2.0,3.0,33.0,2.0,0.0,0.0,0.5,0.333,1.0,0.75,0.25,0.2697,0.0072,3,2
frag_00836,class_objective_tree,2.0,3.0,33.0,2.0,0.0,0.0,0.5,0.333,1.0,0.75,0.25,0.2697,0.0072,3,2
frag_00836,hybrid_optimized_tree,1.0,2.0,28.0,1.0,0.0,0.0,0.5,0.167,1.0,0.857,0.15,0.1788,-0.1201,2,1
frag_00839,source_order_tree,1.4,2.4,21.4,1.4,0.0,0.0,0.2,0.333,1.0,0.75,0.25,0.1845,-0.078,3,2
frag_00839,evidence_role_tree,2.0,3.0,21.6,2.0,0.0,0.0,0.2,0.333,1.0,0.75,0.35,0.2332,-0.0143,5,2
frag_00839,question_intent_tree,2.0,3.0,21.6,2.0,0.0,0.0,0.2,0.333,1.0,0.75,0.35,0.2332,-0.0143,5,2
frag_00839,class_objective_tree,2.0,3.0,21.6,2.0,0.0,0.0,0.2,0.333,1.0,0.75,0.35,0.2332,-0.0143,5,2
frag_00839,hybrid_optimized_tree,1.0,2.0,16.6,1.0,0.0,0.0,0.2,0.167,1.0,0.857,0.2,0.1399,-0.1515,3,1
frag_00849,source_order_tree,1.5,3.0,20.0,1.0,0.0,0.0,0.0,0.333,0.5,0.75,0.25,0.1917,0.0042,3,2
frag_00849,evidence_role_tree,2.0,5.0,26.0,3.0,0.0,1.0,0.0,0.333,0.5,0.75,0.35,0.3043,0.1318,5,2
frag_00849,question_intent_tree,2.0,4.0,21.0,2.0,0.0,0.0,0.0,0.333,1.0,0.75,0.3,0.2227,-0.0323,4,2
frag_00849,class_objective_tree,2.0,4.0,21.0,2.0,0.0,0.0,0.0,0.333,1.0,0.75,0.3,0.2227,-0.0323,4,2
frag_00849,hybrid_optimized_tree,2.0,4.0,21.0,2.0,0.0,0.0,0.0,0.333,1.0,0.75,0.3,0.2227,-0.0323,4,2
frag_00850,source_order_tree,1.5,3.0,19.0,1.0,0.0,0.0,0.0,0.333,0.5,0.75,0.25,0.1907,0.0032,3,2
frag_00850,evidence_role_tree,2.0,5.0,25.0,3.0,0.0,1.0,0.0,0.333,0.5,0.75,0.35,0.3033,0.1308,5,2
frag_00850,question_intent_tree,2.0,4.0,20.0,2.0,0.0,0.0,0.0,0.333,1.0,0.75,0.3,0.2217,-0.0333,4,2
frag_00850,class_objective_tree,2.0,4.0,20.0,2.0,0.0,0.0,0.0,0.333,1.0,0.75,0.3,0.2217,-0.0333,4,2
frag_00850,hybrid_optimized_tree,2.0,4.0,20.0,2.0,0.0,0.0,0.0,0.333,1.0,0.75,0.3,0.2217,-0.0333,4,2
frag_00851,source_order_tree,2.578,3.868,25.8,2.289,0.0,0.0,0.0,0.833,0.71,0.545,0.55,0.3067,0.1735,6,5
frag_00851,evidence_role_tree,2.0,4.158,20.9,2.579,0.0,0.579,0.0,0.333,0.71,0.75,0.65,0.2778,0.1187,11,2
frag_00851,question_intent_tree,2.0,3.579,18.0,2.0,0.0,0.0,0.0,0.333,1.0,0.75,0.55,0.2269,0.0094,9,2
frag_00851,class_objective_tree,2.0,3.579,18.0,2.0,0.0,0.0,0.0,0.333,1.0,0.75,0.5,0.2244,-0.0006,8,2
frag_00851,hybrid_optimized_tree,1.579,3.158,15.9,1.579,0.0,0.0,0.0,0.333,1.0,0.75,0.5,0.1918,-0.0332,8,2
frag_00852,source_order_tree,1.5,3.0,19.0,1.0,0.0,0.0,0.0,0.333,0.5,0.75,0.25,0.1907,0.0032,3,2
frag_00852,evidence_role_tree,2.0,5.0,25.0,3.0,0.0,1.0,0.0,0.333,0.5,0.75,0.35,0.3033,0.1308,5,2
frag_00852,question_intent_tree,2.0,4.0,20.0,2.0,0.0,0.0,0.0,0.333,1.0,0.75,0.3,0.2217,-0.0333,4,2
frag_00852,class_objective_tree,2.0,4.0,20.0,2.0,0.0,0.0,0.0,0.333,1.0,0.75,0.3,0.2217,-0.0333,4,2
frag_00852,hybrid_optimized_tree,2.0,4.0,20.0,2.0,0.0,0.0,0.0,0.333,1.0,0.75,0.3,0.2217,-0.0333,4,2
frag_00854,source_order_tree,2.578,3.868,25.8,2.289,0.0,0.0,0.0,0.833,0.71,0.545,0.55,0.3067,0.1735,6,5
frag_00854,evidence_role_tree,2.0,4.158,20.9,2.579,0.0,0.579,0.0,0.333,0.71,0.75,0.65,0.2778,0.1187,11,2
frag_00854,question_intent_tree,2.0,3.579,18.0,2.0,0.0,0.0,0.0,0.333,1.0,0.75,0.55,0.2269,0.0094,9,2
frag_00854,class_objective_tree,2.0,3.579,18.0,2.0,0.0,0.0,0.0,0.333,1.0,0.75,0.5,0.2244,-0.0006,8,2
frag_00854,hybrid_optimized_tree,1.579,3.158,15.9,1.579,0.0,0.0,0.0,0.333,1.0,0.75,0.5,0.1918,-0.0332,8,2
frag_00861,source_order_tree,1.745,3.163,24.2,1.327,0.0,0.0,0.0,0.5,0.582,0.667,0.35,0.2235,0.0555,4,3
frag_00861,evidence_role_tree,2.0,4.673,27.1,2.837,0.0,0.837,0.0,0.333,0.582,0.75,0.45,0.2963,0.1266,7,2
frag_00861,question_intent_tree,2.0,3.837,23.0,2.0,0.0,0.0,0.0,0.333,1.0,0.75,0.4,0.2276,-0.0124,6,2
frag_00861,class_objective_tree,2.0,3.837,23.0,2.0,0.0,0.0,0.0,0.333,1.0,0.75,0.4,0.2276,-0.0124,6,2
frag_00861,hybrid_optimized_tree,1.837,3.673,22.1,1.837,0.0,0.0,0.0,0.333,1.0,0.75,0.35,0.2124,-0.0351,5,2
frag_00862,source_order_tree,1.0,2.0,19.0,1.0,0.0,0.0,0.5,0.167,1.0,0.857,0.15,0.1698,-0.1291,2,1
frag_00862,evidence_role_tree,2.0,3.0,22.0,2.0,0.0,0.0,0.5,0.333,1.0,0.75,0.25,0.2587,-0.0038,3,2
frag_00862,question_intent_tree,2.0,3.0,22.0,2.0,0.0,0.0,0.5,0.333,1.0,0.75,0.25,0.2587,-0.0038,3,2
frag_00862,class_objective_tree,2.0,3.0,22.0,2.0,0.0,0.0,0.5,0.333,1.0,0.75,0.25,0.2587,-0.0038,3,2
frag_00862,hybrid_optimized_tree,1.0,2.0,17.0,1.0,0.0,0.0,0.5,0.167,1.0,0.857,0.15,0.1678,-0.1311,2,1
frag_00869,source_order_tree,1.5,3.0,19.0,1.0,0.0,0.0,0.0,0.333,0.5,0.75,0.25,0.1907,0.0032,3,2
frag_00869,evidence_role_tree,2.0,5.0,25.0,3.0,0.0,1.0,0.0,0.333,0.5,0.75,0.35,0.3033,0.1308,5,2
frag_00869,question_intent_tree,2.0,4.0,20.0,2.0,0.0,0.0,0.0,0.333,1.0,0.75,0.3,0.2217,-0.0333,4,2
frag_00869,class_objective_tree,2.0,4.0,20.0,2.0,0.0,0.0,0.0,0.333,1.0,0.75,0.3,0.2217,-0.0333,4,2
frag_00869,hybrid_optimized_tree,2.0,4.0,20.0,2.0,0.0,0.0,0.0,0.333,1.0,0.75,0.3,0.2217,-0.0333,4,2
frag_00877,source_order_tree,1.5,3.0,18.0,1.0,0.0,0.0,0.0,0.333,0.5,0.75,0.25,0.1897,0.0022,3,2
frag_00877,evidence_role_tree,2.0,5.0,24.0,3.0,0.0,1.0,0.0,0.333,0.5,0.75,0.35,0.3023,0.1298,5,2
frag_00877,question_intent_tree,2.0,4.0,19.0,2.0,0.0,0.0,0.0,0.333,1.0,0.75,0.3,0.2207,-0.0343,4,2
frag_00877,class_objective_tree,2.0,5.0,24.0,3.0,0.0,1.0,0.0,0.333,0.5,0.75,0.35,0.3023,0.1298,5,2
frag_00877,hybrid_optimized_tree,2.0,4.0,19.0,2.0,0.0,0.0,0.0,0.333,1.0,0.75,0.3,0.2207,-0.0343,4,2
frag_00880,source_order_tree,1.4,2.4,23.4,1.4,0.0,0.0,0.2,0.333,1.0,0.75,0.25,0.1865,-0.076,3,2
frag_00880,evidence_role_tree,2.0,3.0,22.8,2.0,0.0,0.0,0.2,0.333,1.0,0.75,0.35,0.2344,-0.0131,5,2
frag_00880,question_intent_tree,2.0,3.0,22.8,2.0,0.0,0.0,0.2,0.333,1.0,0.75,0.35,0.2344,-0.0131,5,2
frag_00880,class_objective_tree,2.0,3.0,22.8,2.0,0.0,0.0,0.2,0.333,1.0,0.75,0.35,0.2344,-0.0131,5,2
frag_00880,hybrid_optimized_tree,1.0,2.0,17.8,1.0,0.0,0.0,0.2,0.167,1.0,0.857,0.2,0.1411,-0.1503,3,1
frag_00881,source_order_tree,1.4,2.4,23.4,1.4,0.0,0.0,0.2,0.333,1.0,0.75,0.25,0.1865,-0.076,3,2
frag_00881,evidence_role_tree,2.0,3.0,22.8,2.0,0.0,0.0,0.2,0.333,1.0,0.75,0.35,0.2344,-0.0131,5,2
frag_00881,question_intent_tree,2.0,3.0,22.8,2.0,0.0,0.0,0.2,0.333,1.0,0.75,0.35,0.2344,-0.0131,5,2
frag_00881,class_objective_tree,2.0,3.0,22.8,2.0,0.0,0.0,0.2,0.333,1.0,0.75,0.35,0.2344,-0.0131,5,2
frag_00881,hybrid_optimized_tree,1.0,2.0,17.8,1.0,0.0,0.0,0.2,0.167,1.0,0.857,0.2,0.1411,-0.1503,3,1
frag_00897,source_order_tree,1.5,3.0,21.0,1.0,0.0,0.0,0.0,0.333,0.5,0.75,0.25,0.1927,0.0052,3,2
frag_00897,evidence_role_tree,2.0,5.0,27.0,3.0,0.0,1.0,0.0,0.333,0.5,0.75,0.35,0.3053,0.1328,5,2
frag_00897,question_intent_tree,2.0,4.0,22.0,2.0,0.0,0.0,0.0,0.333,1.0,0.75,0.3,0.2237,-0.0313,4,2
frag_00897,class_objective_tree,2.0,4.0,22.0,2.0,0.0,0.0,0.0,0.333,1.0,0.75,0.3,0.2237,-0.0313,4,2
frag_00897,hybrid_optimized_tree,2.0,4.0,22.0,2.0,0.0,0.0,0.0,0.333,1.0,0.75,0.3,0.2237,-0.0313,4,2
frag_00902,source_order_tree,1.0,2.0,28.0,1.0,0.0,0.0,0.5,0.167,1.0,0.857,0.15,0.1788,-0.1201,2,1
frag_00902,evidence_role_tree,2.0,3.0,31.0,2.0,0.0,0.0,0.5,0.333,1.0,0.75,0.25,0.2677,0.0052,3,2
frag_00902,question_intent_tree,2.0,3.0,31.0,2.0,0.0,0.0,0.5,0.333,1.0,0.75,0.25,0.2677,0.0052,3,2
frag_00902,class_objective_tree,2.0,3.0,31.0,2.0,0.0,0.0,0.5,0.333,1.0,0.75,0.25,0.2677,0.0052,3,2
frag_00902,hybrid_optimized_tree,1.0,2.0,26.0,1.0,0.0,0.0,0.5,0.167,1.0,0.857,0.15,0.1768,-0.1221,2,1
frag_00906,source_order_tree,1.0,2.0,28.0,1.0,0.0,0.0,0.5,0.167,1.0,0.857,0.15,0.1788,-0.1201,2,1
frag_00906,evidence_role_tree,2.0,3.0,31.0,2.0,0.0,0.0,0.5,0.333,1.0,0.75,0.25,0.2677,0.0052,3,2
frag_00906,question_intent_tree,2.0,3.0,31.0,2.0,0.0,0.0,0.5,0.333,1.0,0.75,0.25,0.2677,0.0052,3,2
frag_00906,class_objective_tree,2.0,3.0,31.0,2.0,0.0,0.0,0.5,0.333,1.0,0.75,0.25,0.2677,0.0052,3,2
frag_00906,hybrid_optimized_tree,1.0,2.0,26.0,1.0,0.0,0.0,0.5,0.167,1.0,0.857,0.15,0.1768,-0.1221,2,1
frag_00907,source_order_tree,2.947,4.447,30.6,2.447,0.0,0.0,0.0,0.667,0.5,0.6,0.45,0.3338,0.2063,5,4
frag_00907,evidence_role_tree,2.0,5.0,25.7,3.0,0.0,1.0,0.0,0.333,0.5,0.75,0.55,0.3141,0.1716,9,2
frag_00907,question_intent_tree,2.0,4.0,20.7,2.0,0.0,0.0,0.0,0.333,1.0,0.75,0.45,0.2299,-0.0026,7,2
frag_00907,class_objective_tree,2.0,4.0,20.7,2.0,0.0,0.0,0.0,0.333,1.0,0.75,0.45,0.2299,-0.0026,7,2
frag_00907,hybrid_optimized_tree,2.0,4.0,20.7,2.0,0.0,0.0,0.0,0.333,1.0,0.75,0.45,0.2299,-0.0026,7,2
frag_00924,source_order_tree,1.5,3.0,22.0,1.0,0.0,0.0,0.0,0.333,0.5,0.75,0.25,0.1937,0.0062,3,2
frag_00924,evidence_role_tree,2.0,5.0,28.0,3.0,0.0,1.0,0.0,0.333,0.5,0.75,0.35,0.3063,0.1338,5,2
frag_00924,question_intent_tree,2.0,4.0,23.0,2.0,0.0,0.0,0.0,0.333,1.0,0.75,0.3,0.2247,-0.0303,4,2
frag_00924,class_objective_tree,2.0,4.0,23.0,2.0,0.0,0.0,0.0,0.333,1.0,0.75,0.3,0.2247,-0.0303,4,2
frag_00924,hybrid_optimized_tree,2.0,4.0,23.0,2.0,0.0,0.0,0.0,0.333,1.0,0.75,0.3,0.2247,-0.0303,4,2
frag_00931,source_order_tree,1.0,2.0,30.0,1.0,0.0,0.0,0.5,0.167,1.0,0.857,0.15,0.1808,-0.1181,2,1
frag_00931,evidence_role_tree,2.0,3.0,33.0,2.0,0.0,0.0,0.5,0.333,1.0,0.75,0.25,0.2697,0.0072,3,2
frag_00931,question_intent_tree,2.0,3.0,33.0,2.0,0.0,0.0,0.5,0.333,1.0,0.75,0.25,0.2697,0.0072,3,2
frag_00931,class_objective_tree,2.0,3.0,33.0,2.0,0.0,0.0,0.5,0.333,1.0,0.75,0.25,0.2697,0.0072,3,2
frag_00931,hybrid_optimized_tree,1.0,2.0,28.0,1.0,0.0,0.0,0.5,0.167,1.0,0.857,0.15,0.1788,-0.1201,2,1
frag_00933,source_order_tree,1.5,3.0,26.0,1.0,0.0,0.0,0.0,0.333,0.5,0.75,0.25,0.1977,0.0102,3,2
frag_00933,evidence_role_tree,2.0,5.0,32.0,3.0,0.0,1.0,0.0,0.333,0.5,0.75,0.35,0.3103,0.1378,5,2
frag_00933,question_intent_tree,2.0,4.0,27.0,2.0,0.0,0.0,0.0,0.333,1.0,0.75,0.3,0.2287,-0.0263,4,2
frag_00933,class_objective_tree,2.0,4.0,27.0,2.0,0.0,0.0,0.0,0.333,1.0,0.75,0.3,0.2287,-0.0263,4,2
frag_00933,hybrid_optimized_tree,2.0,4.0,27.0,2.0,0.0,0.0,0.0,0.333,1.0,0.75,0.3,0.2287,-0.0263,4,2
frag_00934,source_order_tree,2.511,3.674,36.5,2.348,0.0,0.0,0.337,0.5,0.837,0.667,0.35,0.3142,0.1078,4,3
frag_00934,evidence_role_tree,2.0,3.652,30.4,2.326,0.0,0.326,0.337,0.333,0.837,0.75,0.45,0.289,0.081,7,2
frag_00934,question_intent_tree,2.0,3.326,28.8,2.0,0.0,0.0,0.337,0.333,1.0,0.75,0.4,0.2607,0.0207,6,2
frag_00934,class_objective_tree,2.0,3.326,28.8,2.0,0.0,0.0,0.337,0.333,1.0,0.75,0.4,0.2607,0.0207,6,2
frag_00934,hybrid_optimized_tree,1.326,2.652,25.4,1.326,0.0,0.0,0.337,0.333,1.0,0.75,0.35,0.206,-0.0415,5,2
frag_00936,source_order_tree,1.0,2.0,30.0,1.0,0.0,0.0,0.5,0.167,1.0,0.857,0.15,0.1808,-0.1181,2,1
frag_00936,evidence_role_tree,2.0,3.0,33.0,2.0,0.0,0.0,0.5,0.333,1.0,0.75,0.25,0.2697,0.0072,3,2
frag_00936,question_intent_tree,2.0,3.0,33.0,2.0,0.0,0.0,0.5,0.333,1.0,0.75,0.25,0.2697,0.0072,3,2
frag_00936,class_objective_tree,2.0,3.0,33.0,2.0,0.0,0.0,0.5,0.333,1.0,0.75,0.25,0.2697,0.0072,3,2
frag_00936,hybrid_optimized_tree,1.0,2.0,28.0,1.0,0.0,0.0,0.5,0.167,1.0,0.857,0.15,0.1788,-0.1201,2,1
frag_00940,source_order_tree,1.0,2.0,30.0,1.0,0.0,0.0,0.5,0.167,1.0,0.857,0.15,0.1808,-0.1181,2,1
frag_00940,evidence_role_tree,2.0,3.0,33.0,2.0,0.0,0.0,0.5,0.333,1.0,0.75,0.25,0.2697,0.0072,3,2
frag_00940,question_intent_tree,2.0,3.0,33.0,2.0,0.0,0.0,0.5,0.333,1.0,0.75,0.25,0.2697,0.0072,3,2
frag_00940,class_objective_tree,2.0,3.0,33.0,2.0,0.0,0.0,0.5,0.333,1.0,0.75,0.25,0.2697,0.0072,3,2
frag_00940,hybrid_optimized_tree,1.0,2.0,28.0,1.0,0.0,0.0,0.5,0.167,1.0,0.857,0.15,0.1788,-0.1201,2,1
frag_00942,source_order_tree,1.0,2.0,30.0,1.0,0.0,0.0,0.5,0.167,1.0,0.857,0.15,0.1808,-0.1181,2,1
frag_00942,evidence_role_tree,2.0,3.0,33.0,2.0,0.0,0.0,0.5,0.333,1.0,0.75,0.25,0.2697,0.0072,3,2
frag_00942,question_intent_tree,2.0,3.0,33.0,2.0,0.0,0.0,0.5,0.333,1.0,0.75,0.25,0.2697,0.0072,3,2
frag_00942,class_objective_tree,2.0,3.0,33.0,2.0,0.0,0.0,0.5,0.333,1.0,0.75,0.25,0.2697,0.0072,3,2
frag_00942,hybrid_optimized_tree,1.0,2.0,28.0,1.0,0.0,0.0,0.5,0.167,1.0,0.857,0.15,0.1788,-0.1201,2,1
frag_00956,source_order_tree,2.055,3.555,38.4,1.555,0.0,0.0,0.0,0.5,0.5,0.667,0.35,0.2637,0.1078,4,3
frag_00956,evidence_role_tree,2.0,5.0,38.9,3.0,0.0,1.0,0.0,0.333,0.5,0.75,0.45,0.3222,0.1647,7,2
frag_00956,question_intent_tree,2.0,4.445,36.1,2.445,0.5,0.445,0.0,0.333,0.777,0.75,0.45,0.3283,0.1292,7,2
frag_00956,class_objective_tree,2.0,4.445,36.1,2.445,0.0,0.445,0.0,0.333,0.777,0.75,0.4,0.2758,0.0692,6,2
frag_00956,hybrid_optimized_tree,1.777,4.0,33.9,2.0,0.0,0.445,0.0,0.333,0.703,0.75,0.35,0.2514,0.0484,5,2
frag_00957,source_order_tree,3.47,4.97,47.9,2.97,0.0,0.0,0.0,0.833,0.5,0.545,0.55,0.4024,0.3008,6,5
frag_00957,evidence_role_tree,2.0,5.0,34.0,3.0,0.0,1.0,0.0,0.333,0.5,0.75,0.65,0.3273,0.1998,11,2
frag_00957,question_intent_tree,2.0,4.343,30.7,2.343,0.386,0.343,0.0,0.333,0.828,0.75,0.6,0.3114,0.1271,10,2
frag_00957,class_objective_tree,2.0,4.343,30.7,2.343,0.0,0.343,0.0,0.333,0.828,0.75,0.55,0.2703,0.0785,9,2
frag_00957,hybrid_optimized_tree,1.828,4.0,29.0,2.0,0.0,0.343,0.0,0.333,0.771,0.75,0.5,0.2509,0.0602,8,2
frag_00960,source_order_tree,1.0,2.0,30.0,1.0,0.0,0.0,0.5,0.167,1.0,0.857,0.15,0.1808,-0.1181,2,1
frag_00960,evidence_role_tree,2.0,3.0,33.0,2.0,0.0,0.0,0.5,0.333,1.0,0.75,0.25,0.2697,0.0072,3,2
frag_00960,question_intent_tree,2.0,3.0,33.0,2.0,0.0,0.0,0.5,0.333,1.0,0.75,0.25,0.2697,0.0072,3,2
frag_00960,class_objective_tree,2.0,3.0,33.0,2.0,0.0,0.0,0.5,0.333,1.0,0.75,0.25,0.2697,0.0072,3,2
frag_00960,hybrid_optimized_tree,1.0,2.0,28.0,1.0,0.0,0.0,0.5,0.167,1.0,0.857,0.15,0.1788,-0.1201,2,1
frag_00962,source_order_tree,1.0,2.0,12.0,1.0,0.0,0.0,0.5,0.167,1.0,0.857,0.15,0.1628,-0.1361,2,1
frag_00962,evidence_role_tree,2.0,3.0,15.0,2.0,0.0,0.0,0.5,0.333,1.0,0.75,0.25,0.2517,-0.0108,3,2
frag_00962,question_intent_tree,2.0,3.0,15.0,2.0,0.0,0.0,0.5,0.333,1.0,0.75,0.25,0.2517,-0.0108,3,2
frag_00962,class_objective_tree,2.0,3.0,15.0,2.0,0.0,0.0,0.5,0.333,1.0,0.75,0.25,0.2517,-0.0108,3,2
frag_00962,hybrid_optimized_tree,1.0,2.0,10.0,1.0,0.0,0.0,0.5,0.167,1.0,0.857,0.15,0.1608,-0.1381,2,1
frag_00964,source_order_tree,1.0,2.0,11.0,1.0,0.0,0.0,0.5,0.167,1.0,0.857,0.15,0.1618,-0.1371,2,1
frag_00964,evidence_role_tree,2.0,3.0,14.0,2.0,0.0,0.0,0.5,0.333,1.0,0.75,0.25,0.2507,-0.0118,3,2
frag_00964,question_intent_tree,2.0,3.0,14.0,2.0,0.0,0.0,0.5,0.333,1.0,0.75,0.25,0.2507,-0.0118,3,2
frag_00964,class_objective_tree,2.0,3.0,14.0,2.0,0.0,0.0,0.5,0.333,1.0,0.75,0.25,0.2507,-0.0118,3,2
frag_00964,hybrid_optimized_tree,1.0,2.0,9.0,1.0,0.0,0.0,0.5,0.167,1.0,0.857,0.15,0.1598,-0.1391,2,1
frag_00966,source_order_tree,1.0,2.0,11.0,1.0,0.0,0.0,0.5,0.167,1.0,0.857,0.15,0.1618,-0.1371,2,1
frag_00966,evidence_role_tree,2.0,3.0,14.0,2.0,0.0,0.0,0.5,0.333,1.0,0.75,0.25,0.2507,-0.0118,3,2
frag_00966,question_intent_tree,2.0,3.0,14.0,2.0,0.0,0.0,0.5,0.333,1.0,0.75,0.25,0.2507,-0.0118,3,2
frag_00966,class_objective_tree,2.0,3.0,14.0,2.0,0.0,0.0,0.5,0.333,1.0,0.75,0.25,0.2507,-0.0118,3,2
frag_00966,hybrid_optimized_tree,1.0,2.0,9.0,1.0,0.0,0.0,0.5,0.167,1.0,0.857,0.15,0.1598,-0.1391,2,1
frag_00967,source_order_tree,1.5,3.0,22.0,1.0,0.0,0.0,0.0,0.333,0.5,0.75,0.25,0.1937,0.0062,3,2
frag_00967,evidence_role_tree,2.0,5.0,28.0,3.0,0.0,1.0,0.0,0.333,0.5,0.75,0.35,0.3063,0.1338,5,2
frag_00967,question_intent_tree,2.0,4.0,23.0,2.0,0.0,0.0,0.0,0.333,1.0,0.75,0.3,0.2247,-0.0303,4,2
frag_00967,class_objective_tree,2.0,4.0,23.0,2.0,0.0,0.0,0.0,0.333,1.0,0.75,0.3,0.2247,-0.0303,4,2
frag_00967,hybrid_optimized_tree,2.0,4.0,23.0,2.0,0.0,0.0,0.0,0.333,1.0,0.75,0.3,0.2247,-0.0303,4,2
frag_00968,source_order_tree,1.5,3.0,20.0,1.0,0.0,0.0,0.0,0.333,0.5,0.75,0.25,0.1917,0.0042,3,2
frag_00968,evidence_role_tree,2.0,5.0,26.0,3.0,0.0,1.0,0.0,0.333,0.5,0.75,0.35,0.3043,0.1318,5,2
frag_00968,question_intent_tree,2.0,4.0,21.0,2.0,0.0,0.0,0.0,0.333,1.0,0.75,0.3,0.2227,-0.0323,4,2
frag_00968,class_objective_tree,2.0,4.0,21.0,2.0,0.0,0.0,0.0,0.333,1.0,0.75,0.3,0.2227,-0.0323,4,2
frag_00968,hybrid_optimized_tree,2.0,4.0,21.0,2.0,0.0,0.0,0.0,0.333,1.0,0.75,0.3,0.2227,-0.0323,4,2
frag_00983,source_order_tree,1.686,2.915,20.8,1.457,0.0,0.0,0.0,0.5,0.771,0.667,0.35,0.2077,0.0112,4,3
frag_00983,evidence_role_tree,2.0,3.915,21.0,2.457,0.0,0.457,0.0,0.333,0.771,0.75,0.45,0.2573,0.0591,7,2
frag_00983,question_intent_tree,2.0,3.457,18.7,2.0,0.0,0.0,0.0,0.333,1.0,0.75,0.4,0.2186,-0.0214,6,2
frag_00983,class_objective_tree,2.0,3.457,18.7,2.0,0.0,0.0,0.0,0.333,1.0,0.75,0.4,0.2186,-0.0214,6,2
frag_00983,hybrid_optimized_tree,1.457,2.915,16.0,1.457,0.0,0.0,0.0,0.333,1.0,0.75,0.35,0.1741,-0.0734,5,2
frag_00984,source_order_tree,1.686,2.915,18.8,1.457,0.0,0.0,0.0,0.5,0.771,0.667,0.35,0.2057,0.0092,4,3
frag_00984,evidence_role_tree,2.0,3.915,19.9,2.457,0.0,0.457,0.0,0.333,0.771,0.75,0.45,0.2563,0.0581,7,2
frag_00984,question_intent_tree,2.0,3.457,17.7,2.0,0.0,0.0,0.0,0.333,1.0,0.75,0.4,0.2175,-0.0225,6,2
frag_00984,class_objective_tree,2.0,3.457,17.7,2.0,0.0,0.0,0.0,0.333,1.0,0.75,0.4,0.2175,-0.0225,6,2
frag_00984,hybrid_optimized_tree,1.457,2.915,14.9,1.457,0.0,0.0,0.0,0.333,1.0,0.75,0.35,0.173,-0.0745,5,2
frag_00985,source_order_tree,1.0,2.0,30.0,1.0,0.0,0.0,0.5,0.167,1.0,0.857,0.15,0.1808,-0.1181,2,1
frag_00985,evidence_role_tree,2.0,3.0,33.0,2.0,0.0,0.0,0.5,0.333,1.0,0.75,0.25,0.2697,0.0072,3,2
frag_00985,question_intent_tree,2.0,3.0,33.0,2.0,0.0,0.0,0.5,0.333,1.0,0.75,0.25,0.2697,0.0072,3,2
frag_00985,class_objective_tree,2.0,3.0,33.0,2.0,0.0,0.0,0.5,0.333,1.0,0.75,0.25,0.2697,0.0072,3,2
frag_00985,hybrid_optimized_tree,1.0,2.0,28.0,1.0,0.0,0.0,0.5,0.167,1.0,0.857,0.15,0.1788,-0.1201,2,1
frag_00989,source_order_tree,1.5,3.0,19.0,1.0,0.0,0.0,0.0,0.333,0.5,0.75,0.25,0.1907,0.0032,3,2
frag_00989,evidence_role_tree,2.0,5.0,25.0,3.0,0.0,1.0,0.0,0.333,0.5,0.75,0.35,0.3033,0.1308,5,2
frag_00989,question_intent_tree,2.0,4.0,20.0,2.0,0.0,0.0,0.0,0.333,1.0,0.75,0.3,0.2217,-0.0333,4,2
frag_00989,class_objective_tree,2.0,4.0,20.0,2.0,0.0,0.0,0.0,0.333,1.0,0.75,0.3,0.2217,-0.0333,4,2
frag_00989,hybrid_optimized_tree,2.0,4.0,20.0,2.0,0.0,0.0,0.0,0.333,1.0,0.75,0.3,0.2217,-0.0333,4,2
frag_00990,source_order_tree,2.129,3.506,26.8,1.753,0.0,0.0,0.0,0.5,0.624,0.667,0.35,0.2522,0.0778,4,3
frag_00990,evidence_role_tree,2.0,4.506,24.5,2.753,0.0,0.753,0.0,0.333,0.624,0.75,0.45,0.2864,0.1104,7,2
frag_00990,question_intent_tree,2.0,3.753,20.8,2.0,0.0,0.0,0.0,0.333,1.0,0.75,0.4,0.2243,-0.0157,6,2
frag_00990,class_objective_tree,2.0,3.753,20.8,2.0,0.0,0.0,0.0,0.333,1.0,0.75,0.4,0.2243,-0.0157,6,2
frag_00990,hybrid_optimized_tree,1.753,3.506,19.5,1.753,0.0,0.0,0.0,0.333,1.0,0.75,0.35,0.2027,-0.0448,5,2
frag_00992,source_order_tree,1.0,2.0,14.0,1.0,0.0,0.0,0.0,0.167,1.0,0.857,0.15,0.1148,-0.1841,2,1
frag_00992,evidence_role_tree,2.0,3.0,17.0,2.0,0.0,0.0,0.0,0.333,1.0,0.75,0.25,0.2037,-0.0588,3,2
frag_00992,question_intent_tree,2.0,3.0,17.0,2.0,0.0,0.0,0.0,0.333,1.0,0.75,0.25,0.2037,-0.0588,3,2
frag_00992,class_objective_tree,2.0,3.0,17.0,2.0,0.0,0.0,0.0,0.333,1.0,0.75,0.25,0.2037,-0.0588,3,2
frag_00992,hybrid_optimized_tree,1.0,2.0,12.0,1.0,0.0,0.0,0.0,0.167,1.0,0.857,0.15,0.1128,-0.1861,2,1
frag_00996,source_order_tree,1.5,3.0,20.0,1.0,0.0,0.0,0.0,0.333,0.5,0.75,0.25,0.1917,0.0042,3,2
frag_00996,evidence_role_tree,2.0,5.0,26.0,3.0,0.0,1.0,0.0,0.333,0.5,0.75,0.35,0.3043,0.1318,5,2
frag_00996,question_intent_tree,2.0,4.0,21.0,2.0,0.0,0.0,0.0,0.333,1.0,0.75,0.3,0.2227,-0.0323,4,2
frag_00996,class_objective_tree,2.0,4.0,21.0,2.0,0.0,0.0,0.0,0.333,1.0,0.75,0.3,0.2227,-0.0323,4,2
frag_00996,hybrid_optimized_tree,2.0,4.0,21.0,2.0,0.0,0.0,0.0,0.333,1.0,0.75,0.3,0.2227,-0.0323,4,2
frag_00999,source_order_tree,3.427,4.745,50.3,3.108,0.0,0.0,0.182,0.833,0.682,0.545,0.55,0.4121,0.2832,6,5
frag_00999,evidence_role_tree,2.0,4.273,29.2,2.636,0.0,0.636,0.182,0.333,0.682,0.75,0.65,0.3092,0.1544,11,2
frag_00999,question_intent_tree,2.0,3.636,26.0,2.0,0.0,0.0,0.182,0.333,1.0,0.75,0.55,0.2538,0.0363,9,2
frag_00999,class_objective_tree,2.0,3.636,26.0,2.0,0.0,0.0,0.182,0.333,1.0,0.75,0.5,0.2513,0.0263,8,2
frag_00999,hybrid_optimized_tree,1.636,3.273,24.2,1.636,0.0,0.0,0.182,0.333,1.0,0.75,0.5,0.2231,-0.0019,8,2
frag_01002,source_order_tree,1.5,3.0,26.0,1.0,0.0,0.0,0.0,0.333,0.5,0.75,0.25,0.1977,0.0102,3,2
frag_01002,evidence_role_tree,2.0,5.0,32.0,3.0,0.0,1.0,0.0,0.333,0.5,0.75,0.35,0.3103,0.1378,5,2
frag_01002,question_intent_tree,2.0,4.0,27.0,2.0,0.0,0.0,0.0,0.333,1.0,0.75,0.3,0.2287,-0.0263,4,2
frag_01002,class_objective_tree,2.0,5.0,32.0,3.0,0.0,1.0,0.0,0.333,0.5,0.75,0.35,0.3103,0.1378,5,2
frag_01002,hybrid_optimized_tree,2.0,4.0,27.0,2.0,0.0,0.0,0.0,0.333,1.0,0.75,0.3,0.2287,-0.0263,4,2
frag_01003,source_order_tree,2.578,3.868,29.1,2.289,0.0,0.0,0.0,0.833,0.71,0.545,0.55,0.31,0.1768,6,5
frag_01003,evidence_role_tree,2.0,4.158,21.9,2.579,0.0,0.579,0.0,0.333,0.71,0.75,0.65,0.2788,0.1198,11,2
frag_01003,question_intent_tree,2.0,3.579,19.0,2.0,0.0,0.0,0.0,0.333,1.0,0.75,0.55,0.228,0.0105,9,2
frag_01003,class_objective_tree,2.0,3.579,19.0,2.0,0.0,0.0,0.0,0.333,1.0,0.75,0.5,0.2255,0.0005,8,2
frag_01003,hybrid_optimized_tree,1.579,3.158,16.9,1.579,0.0,0.0,0.0,0.333,1.0,0.75,0.5,0.1928,-0.0322,8,2
frag_01013,source_order_tree,1.5,3.0,20.0,1.0,0.0,0.0,0.0,0.333,0.5,0.75,0.25,0.1917,0.0042,3,2
frag_01013,evidence_role_tree,2.0,5.0,26.0,3.0,0.0,1.0,0.0,0.333,0.5,0.75,0.35,0.3043,0.1318,5,2
frag_01013,question_intent_tree,2.0,4.0,21.0,2.0,0.0,0.0,0.0,0.333,1.0,0.75,0.3,0.2227,-0.0323,4,2
frag_01013,class_objective_tree,2.0,4.0,21.0,2.0,0.0,0.0,0.0,0.333,1.0,0.75,0.3,0.2227,-0.0323,4,2
frag_01013,hybrid_optimized_tree,2.0,4.0,21.0,2.0,0.0,0.0,0.0,0.333,1.0,0.75,0.3,0.2227,-0.0323,4,2
frag_01019,source_order_tree,1.0,2.0,12.0,1.0,0.0,0.0,0.0,0.167,1.0,0.857,0.15,0.1128,-0.1861,2,1
frag_01019,evidence_role_tree,2.0,3.0,15.0,2.0,0.0,0.0,0.0,0.333,1.0,0.75,0.25,0.2017,-0.0608,3,2
frag_01019,question_intent_tree,2.0,3.0,15.0,2.0,0.0,0.0,0.0,0.333,1.0,0.75,0.25,0.2017,-0.0608,3,2
frag_01019,class_objective_tree,2.0,3.0,15.0,2.0,0.0,0.0,0.0,0.333,1.0,0.75,0.25,0.2017,-0.0608,3,2
frag_01019,hybrid_optimized_tree,1.0,2.0,10.0,1.0,0.0,0.0,0.0,0.167,1.0,0.857,0.15,0.1108,-0.1881,2,1
frag_01032,source_order_tree,1.0,2.0,13.0,1.0,0.0,0.0,0.0,0.167,1.0,0.857,0.15,0.1138,-0.1851,2,1
frag_01032,evidence_role_tree,2.0,3.0,16.0,2.0,0.0,0.0,0.0,0.333,1.0,0.75,0.25,0.2027,-0.0598,3,2
frag_01032,question_intent_tree,2.0,3.0,16.0,2.0,0.0,0.0,0.0,0.333,1.0,0.75,0.25,0.2027,-0.0598,3,2
frag_01032,class_objective_tree,2.0,3.0,16.0,2.0,0.0,0.0,0.0,0.333,1.0,0.75,0.25,0.2027,-0.0598,3,2
frag_01032,hybrid_optimized_tree,1.0,2.0,11.0,1.0,0.0,0.0,0.0,0.167,1.0,0.857,0.15,0.1118,-0.1871,2,1
frag_01033,source_order_tree,1.0,2.0,13.0,1.0,0.0,0.0,0.0,0.167,1.0,0.857,0.15,0.1138,-0.1851,2,1
frag_01033,evidence_role_tree,2.0,3.0,16.0,2.0,0.0,0.0,0.0,0.333,1.0,0.75,0.25,0.2027,-0.0598,3,2
frag_01033,question_intent_tree,2.0,3.0,16.0,2.0,0.0,0.0,0.0,0.333,1.0,0.75,0.25,0.2027,-0.0598,3,2
frag_01033,class_objective_tree,2.0,3.0,16.0,2.0,0.0,0.0,0.0,0.333,1.0,0.75,0.25,0.2027,-0.0598,3,2
frag_01033,hybrid_optimized_tree,1.0,2.0,11.0,1.0,0.0,0.0,0.0,0.167,1.0,0.857,0.15,0.1118,-0.1871,2,1
frag_01040,source_order_tree,2.477,3.652,42.9,2.303,0.0,0.0,0.326,0.5,0.826,0.667,0.35,0.3175,0.1128,4,3
frag_01040,evidence_role_tree,2.0,3.697,32.7,2.348,0.0,0.348,0.326,0.333,0.826,0.75,0.45,0.2921,0.0857,7,2
frag_01040,question_intent_tree,2.0,3.348,30.9,2.0,0.0,0.0,0.326,0.333,1.0,0.75,0.4,0.262,0.022,6,2
frag_01040,class_objective_tree,2.0,3.348,30.9,2.0,0.0,0.0,0.326,0.333,1.0,0.75,0.4,0.262,0.022,6,2
frag_01040,hybrid_optimized_tree,1.348,2.697,27.7,1.348,0.0,0.0,0.326,0.333,1.0,0.75,0.35,0.209,-0.0385,5,2
frag_01042,source_order_tree,1.0,2.0,14.0,1.0,0.0,0.0,0.0,0.167,1.0,0.857,0.15,0.1148,-0.1841,2,1
frag_01042,evidence_role_tree,2.0,3.0,17.0,2.0,0.0,0.0,0.0,0.333,1.0,0.75,0.25,0.2037,-0.0588,3,2
frag_01042,question_intent_tree,2.0,3.0,17.0,2.0,0.0,0.0,0.0,0.333,1.0,0.75,0.25,0.2037,-0.0588,3,2
frag_01042,class_objective_tree,2.0,3.0,17.0,2.0,0.0,0.0,0.0,0.333,1.0,0.75,0.25,0.2037,-0.0588,3,2
frag_01042,hybrid_optimized_tree,1.0,2.0,12.0,1.0,0.0,0.0,0.0,0.167,1.0,0.857,0.15,0.1128,-0.1861,2,1
frag_01043,source_order_tree,2.947,4.447,32.6,2.447,0.0,0.0,0.0,0.667,0.5,0.6,0.45,0.3358,0.2083,5,4
frag_01043,evidence_role_tree,2.0,5.0,26.3,3.0,0.0,1.0,0.0,0.333,0.5,0.75,0.55,0.3146,0.1721,9,2
frag_01043,question_intent_tree,2.0,4.0,21.3,2.0,0.0,0.0,0.0,0.333,1.0,0.75,0.45,0.2304,-0.0021,7,2
frag_01043,class_objective_tree,2.0,4.0,21.3,2.0,0.0,0.0,0.0,0.333,1.0,0.75,0.45,0.2304,-0.0021,7,2
frag_01043,hybrid_optimized_tree,2.0,4.0,21.3,2.0,0.0,0.0,0.0,0.333,1.0,0.75,0.45,0.2304,-0.0021,7,2
frag_01049,source_order_tree,1.0,2.0,12.0,1.0,0.0,0.0,0.0,0.167,1.0,0.857,0.15,0.1128,-0.1861,2,1
frag_01049,evidence_role_tree,2.0,3.0,15.0,2.0,0.0,0.0,0.0,0.333,1.0,0.75,0.25,0.2017,-0.0608,3,2
frag_01049,question_intent_tree,2.0,3.0,15.0,2.0,0.0,0.0,0.0,0.333,1.0,0.75,0.25,0.2017,-0.0608,3,2
frag_01049,class_objective_tree,2.0,3.0,15.0,2.0,0.0,0.0,0.0,0.333,1.0,0.75,0.25,0.2017,-0.0608,3,2
frag_01049,hybrid_optimized_tree,1.0,2.0,10.0,1.0,0.0,0.0,0.0,0.167,1.0,0.857,0.15,0.1108,-0.1881,2,1
frag_01051,source_order_tree,1.0,2.0,30.0,1.0,0.0,0.0,0.5,0.167,1.0,0.857,0.15,0.1808,-0.1181,2,1
frag_01051,evidence_role_tree,2.0,3.0,33.0,2.0,0.0,0.0,0.5,0.333,1.0,0.75,0.25,0.2697,0.0072,3,2
frag_01051,question_intent_tree,2.0,3.0,33.0,2.0,0.0,0.0,0.5,0.333,1.0,0.75,0.25,0.2697,0.0072,3,2
frag_01051,class_objective_tree,2.0,3.0,33.0,2.0,0.0,0.0,0.5,0.333,1.0,0.75,0.25,0.2697,0.0072,3,2
frag_01051,hybrid_optimized_tree,1.0,2.0,28.0,1.0,0.0,0.0,0.5,0.167,1.0,0.857,0.15,0.1788,-0.1201,2,1
frag_01052,source_order_tree,1.0,2.0,30.0,1.0,0.0,0.0,0.5,0.167,1.0,0.857,0.15,0.1808,-0.1181,2,1
frag_01052,evidence_role_tree,2.0,3.0,33.0,2.0,0.0,0.0,0.5,0.333,1.0,0.75,0.25,0.2697,0.0072,3,2
frag_01052,question_intent_tree,2.0,3.0,33.0,2.0,0.0,0.0,0.5,0.333,1.0,0.75,0.25,0.2697,0.0072,3,2
frag_01052,class_objective_tree,2.0,3.0,33.0,2.0,0.0,0.0,0.5,0.333,1.0,0.75,0.25,0.2697,0.0072,3,2
frag_01052,hybrid_optimized_tree,1.0,2.0,28.0,1.0,0.0,0.0,0.5,0.167,1.0,0.857,0.15,0.1788,-0.1201,2,1
frag_01054,source_order_tree,1.0,2.0,30.0,1.0,0.0,0.0,0.5,0.167,1.0,0.857,0.15,0.1808,-0.1181,2,1
frag_01054,evidence_role_tree,2.0,3.0,33.0,2.0,0.0,0.0,0.5,0.333,1.0,0.75,0.25,0.2697,0.0072,3,2
frag_01054,question_intent_tree,2.0,3.0,33.0,2.0,0.0,0.0,0.5,0.333,1.0,0.75,0.25,0.2697,0.0072,3,2
frag_01054,class_objective_tree,2.0,3.0,33.0,2.0,0.0,0.0,0.5,0.333,1.0,0.75,0.25,0.2697,0.0072,3,2
frag_01054,hybrid_optimized_tree,1.0,2.0,28.0,1.0,0.0,0.0,0.5,0.167,1.0,0.857,0.15,0.1788,-0.1201,2,1
frag_01055,source_order_tree,1.838,3.118,39.5,1.559,0.0,0.0,0.221,0.5,0.721,0.667,0.35,0.2617,0.0728,4,3
frag_01055,evidence_role_tree,2.0,4.118,29.6,2.559,0.0,0.559,0.221,0.333,0.721,0.75,0.45,0.2968,0.1062,7,2
frag_01055,question_intent_tree,2.0,3.559,26.9,2.0,0.0,0.0,0.221,0.333,1.0,0.75,0.4,0.2501,0.0101,6,2
frag_01055,class_objective_tree,2.0,3.559,26.9,2.0,0.0,0.0,0.221,0.333,1.0,0.75,0.4,0.2501,0.0101,6,2
frag_01055,hybrid_optimized_tree,1.559,3.118,24.6,1.559,0.0,0.0,0.221,0.333,1.0,0.75,0.35,0.2134,-0.0341,5,2
frag_01056,source_order_tree,1.5,3.0,19.0,1.0,0.0,0.0,0.0,0.333,0.5,0.75,0.25,0.1907,0.0032,3,2
frag_01056,evidence_role_tree,2.0,5.0,25.0,3.0,0.0,1.0,0.0,0.333,0.5,0.75,0.35,0.3033,0.1308,5,2
frag_01056,question_intent_tree,2.0,4.0,20.0,2.0,0.0,0.0,0.0,0.333,1.0,0.75,0.3,0.2217,-0.0333,4,2
frag_01056,class_objective_tree,2.0,4.0,20.0,2.0,0.0,0.0,0.0,0.333,1.0,0.75,0.3,0.2217,-0.0333,4,2
frag_01056,hybrid_optimized_tree,2.0,4.0,20.0,2.0,0.0,0.0,0.0,0.333,1.0,0.75,0.3,0.2217,-0.0333,4,2
frag_01064,source_order_tree,2.947,4.447,30.6,2.447,0.0,0.0,0.0,0.667,0.5,0.6,0.45,0.3338,0.2063,5,4
frag_01064,evidence_role_tree,2.0,5.0,25.7,3.0,0.0,1.0,0.0,0.333,0.5,0.75,0.55,0.3141,0.1716,9,2
frag_01064,question_intent_tree,2.0,4.0,20.7,2.0,0.0,0.0,0.0,0.333,1.0,0.75,0.45,0.2299,-0.0026,7,2
frag_01064,class_objective_tree,2.0,4.0,20.7,2.0,0.0,0.0,0.0,0.333,1.0,0.75,0.45,0.2299,-0.0026,7,2
frag_01064,hybrid_optimized_tree,2.0,4.0,20.7,2.0,0.0,0.0,0.0,0.333,1.0,0.75,0.45,0.2299,-0.0026,7,2
frag_01069,source_order_tree,1.0,2.0,13.0,1.0,0.0,0.0,0.0,0.167,1.0,0.857,0.15,0.1138,-0.1851,2,1
frag_01069,evidence_role_tree,2.0,3.0,16.0,2.0,0.0,0.0,0.0,0.333,1.0,0.75,0.25,0.2027,-0.0598,3,2
frag_01069,question_intent_tree,2.0,3.0,16.0,2.0,0.0,0.0,0.0,0.333,1.0,0.75,0.25,0.2027,-0.0598,3,2
frag_01069,class_objective_tree,2.0,3.0,16.0,2.0,0.0,0.0,0.0,0.333,1.0,0.75,0.25,0.2027,-0.0598,3,2
frag_01069,hybrid_optimized_tree,1.0,2.0,11.0,1.0,0.0,0.0,0.0,0.167,1.0,0.857,0.15,0.1118,-0.1871,2,1
frag_01075,source_order_tree,1.5,3.0,18.0,1.0,0.0,0.0,0.0,0.333,0.5,0.75,0.25,0.1897,0.0022,3,2
frag_01075,evidence_role_tree,2.0,5.0,24.0,3.0,0.0,1.0,0.0,0.333,0.5,0.75,0.35,0.3023,0.1298,5,2
frag_01075,question_intent_tree,2.0,4.0,19.0,2.0,0.0,0.0,0.0,0.333,1.0,0.75,0.3,0.2207,-0.0343,4,2
frag_01075,class_objective_tree,2.0,5.0,24.0,3.0,0.0,1.0,0.0,0.333,0.5,0.75,0.35,0.3023,0.1298,5,2
frag_01075,hybrid_optimized_tree,2.0,4.0,19.0,2.0,0.0,0.0,0.0,0.333,1.0,0.75,0.3,0.2207,-0.0343,4,2
frag_01076,source_order_tree,1.0,2.0,13.0,1.0,0.0,0.0,0.0,0.167,1.0,0.857,0.15,0.1138,-0.1851,2,1
frag_01076,evidence_role_tree,2.0,3.0,16.0,2.0,0.0,0.0,0.0,0.333,1.0,0.75,0.25,0.2027,-0.0598,3,2
frag_01076,question_intent_tree,2.0,3.0,16.0,2.0,0.0,0.0,0.0,0.333,1.0,0.75,0.25,0.2027,-0.0598,3,2
frag_01076,class_objective_tree,2.0,3.0,16.0,2.0,0.0,0.0,0.0,0.333,1.0,0.75,0.25,0.2027,-0.0598,3,2
frag_01076,hybrid_optimized_tree,1.0,2.0,11.0,1.0,0.0,0.0,0.0,0.167,1.0,0.857,0.15,0.1118,-0.1871,2,1
frag_01077,source_order_tree,1.5,3.0,22.0,1.0,0.0,0.0,0.0,0.333,0.5,0.75,0.25,0.1937,0.0062,3,2
frag_01077,evidence_role_tree,2.0,5.0,28.0,3.0,0.0,1.0,0.0,0.333,0.5,0.75,0.35,0.3063,0.1338,5,2
frag_01077,question_intent_tree,2.0,4.0,23.0,2.0,0.0,0.0,0.0,0.333,1.0,0.75,0.3,0.2247,-0.0303,4,2
frag_01077,class_objective_tree,2.0,4.0,23.0,2.0,0.0,0.0,0.0,0.333,1.0,0.75,0.3,0.2247,-0.0303,4,2
frag_01077,hybrid_optimized_tree,2.0,4.0,23.0,2.0,0.0,0.0,0.0,0.333,1.0,0.75,0.3,0.2247,-0.0303,4,2
frag_01081,source_order_tree,2.0,3.0,56.0,2.0,0.5,0.0,0.5,0.333,1.0,0.75,0.25,0.3427,0.0802,3,2
frag_01081,evidence_role_tree,2.0,3.0,33.0,2.0,0.5,0.0,0.5,0.333,1.0,0.75,0.3,0.3222,0.0672,4,2
frag_01081,question_intent_tree,2.0,3.0,33.0,2.0,0.5,0.0,0.5,0.333,1.0,0.75,0.3,0.3222,0.0672,4,2
frag_01081,class_objective_tree,2.0,3.0,33.0,2.0,0.5,0.0,0.5,0.333,1.0,0.75,0.3,0.3222,0.0672,4,2
frag_01081,hybrid_optimized_tree,1.0,2.0,28.0,1.0,0.5,0.0,0.5,0.167,1.0,0.857,0.2,0.2313,-0.0601,3,1
frag_01082,source_order_tree,1.0,2.0,30.0,1.0,0.0,0.0,0.5,0.167,1.0,0.857,0.15,0.1808,-0.1181,2,1
frag_01082,evidence_role_tree,2.0,3.0,33.0,2.0,0.0,0.0,0.5,0.333,1.0,0.75,0.25,0.2697,0.0072,3,2
frag_01082,question_intent_tree,2.0,3.0,33.0,2.0,0.0,0.0,0.5,0.333,1.0,0.75,0.25,0.2697,0.0072,3,2
frag_01082,class_objective_tree,2.0,3.0,33.0,2.0,0.0,0.0,0.5,0.333,1.0,0.75,0.25,0.2697,0.0072,3,2
frag_01082,hybrid_optimized_tree,1.0,2.0,28.0,1.0,0.0,0.0,0.5,0.167,1.0,0.857,0.15,0.1788,-0.1201,2,1
frag_01089,source_order_tree,1.0,2.0,11.0,1.0,0.0,0.0,0.0,0.167,1.0,0.857,0.15,0.1118,-0.1871,2,1
frag_01089,evidence_role_tree,2.0,3.0,14.0,2.0,0.0,0.0,0.0,0.333,1.0,0.75,0.25,0.2007,-0.0618,3,2
frag_01089,question_intent_tree,2.0,3.0,14.0,2.0,0.0,0.0,0.0,0.333,1.0,0.75,0.25,0.2007,-0.0618,3,2
frag_01089,class_objective_tree,2.0,3.0,14.0,2.0,0.0,0.0,0.0,0.333,1.0,0.75,0.25,0.2007,-0.0618,3,2
frag_01089,hybrid_optimized_tree,1.0,2.0,9.0,1.0,0.0,0.0,0.0,0.167,1.0,0.857,0.15,0.1098,-0.1891,2,1
frag_01094,source_order_tree,1.5,3.0,26.0,1.0,0.0,0.0,0.0,0.333,0.5,0.75,0.25,0.1977,0.0102,3,2
frag_01094,evidence_role_tree,2.0,5.0,32.0,3.0,0.0,1.0,0.0,0.333,0.5,0.75,0.35,0.3103,0.1378,5,2
frag_01094,question_intent_tree,2.0,4.0,27.0,2.0,0.0,0.0,0.0,0.333,1.0,0.75,0.3,0.2287,-0.0263,4,2
frag_01094,class_objective_tree,2.0,4.0,27.0,2.0,0.0,0.0,0.0,0.333,1.0,0.75,0.3,0.2287,-0.0263,4,2
frag_01094,hybrid_optimized_tree,2.0,4.0,27.0,2.0,0.0,0.0,0.0,0.333,1.0,0.75,0.3,0.2287,-0.0263,4,2
frag_01098,source_order_tree,1.5,3.0,19.0,1.0,0.0,0.0,0.0,0.333,0.5,0.75,0.25,0.1907,0.0032,3,2
frag_01098,evidence_role_tree,2.0,5.0,25.0,3.0,0.0,1.0,0.0,0.333,0.5,0.75,0.35,0.3033,0.1308,5,2
frag_01098,question_intent_tree,2.0,4.0,20.0,2.0,0.0,0.0,0.0,0.333,1.0,0.75,0.3,0.2217,-0.0333,4,2
frag_01098,class_objective_tree,2.0,4.0,20.0,2.0,0.0,0.0,0.0,0.333,1.0,0.75,0.3,0.2217,-0.0333,4,2
frag_01098,hybrid_optimized_tree,2.0,4.0,20.0,2.0,0.0,0.0,0.0,0.333,1.0,0.75,0.3,0.2217,-0.0333,4,2
frag_01102,source_order_tree,1.0,2.0,28.0,1.0,0.0,0.0,0.5,0.167,1.0,0.857,0.15,0.1788,-0.1201,2,1
frag_01102,evidence_role_tree,2.0,3.0,31.0,2.0,0.0,0.0,0.5,0.333,1.0,0.75,0.25,0.2677,0.0052,3,2
frag_01102,question_intent_tree,2.0,3.0,31.0,2.0,0.0,0.0,0.5,0.333,1.0,0.75,0.25,0.2677,0.0052,3,2
frag_01102,class_objective_tree,2.0,3.0,31.0,2.0,0.0,0.0,0.5,0.333,1.0,0.75,0.25,0.2677,0.0052,3,2
frag_01102,hybrid_optimized_tree,1.0,2.0,26.0,1.0,0.0,0.0,0.5,0.167,1.0,0.857,0.15,0.1768,-0.1221,2,1
frag_01106,source_order_tree,1.0,2.0,28.0,1.0,0.0,0.0,0.5,0.167,1.0,0.857,0.15,0.1788,-0.1201,2,1
frag_01106,evidence_role_tree,2.0,3.0,31.0,2.0,0.0,0.0,0.5,0.333,1.0,0.75,0.25,0.2677,0.0052,3,2
frag_01106,question_intent_tree,2.0,3.0,31.0,2.0,0.0,0.0,0.5,0.333,1.0,0.75,0.25,0.2677,0.0052,3,2
frag_01106,class_objective_tree,2.0,3.0,31.0,2.0,0.0,0.0,0.5,0.333,1.0,0.75,0.25,0.2677,0.0052,3,2
frag_01106,hybrid_optimized_tree,1.0,2.0,26.0,1.0,0.0,0.0,0.5,0.167,1.0,0.857,0.15,0.1768,-0.1221,2,1
frag_01107,source_order_tree,2.947,4.447,30.6,2.447,0.0,0.0,0.0,0.667,0.5,0.6,0.45,0.3338,0.2063,5,4
frag_01107,evidence_role_tree,2.0,5.0,25.7,3.0,0.0,1.0,0.0,0.333,0.5,0.75,0.55,0.3141,0.1716,9,2
frag_01107,question_intent_tree,2.0,4.0,20.7,2.0,0.0,0.0,0.0,0.333,1.0,0.75,0.45,0.2299,-0.0026,7,2
frag_01107,class_objective_tree,2.0,4.0,20.7,2.0,0.0,0.0,0.0,0.333,1.0,0.75,0.45,0.2299,-0.0026,7,2
frag_01107,hybrid_optimized_tree,2.0,4.0,20.7,2.0,0.0,0.0,0.0,0.333,1.0,0.75,0.45,0.2299,-0.0026,7,2
frag_01116,source_order_tree,1.981,3.321,27.7,1.642,0.0,0.0,0.16,0.5,0.66,0.667,0.35,0.2568,0.0769,4,3
frag_01116,evidence_role_tree,2.0,4.358,27.6,2.679,0.0,0.679,0.16,0.333,0.66,0.75,0.45,0.2992,0.1176,7,2
frag_01116,question_intent_tree,2.0,3.679,24.2,2.0,0.0,0.0,0.16,0.333,1.0,0.75,0.4,0.2429,0.0029,6,2
frag_01116,class_objective_tree,2.0,3.679,24.2,2.0,0.0,0.0,0.16,0.333,1.0,0.75,0.4,0.2429,0.0029,6,2
frag_01116,hybrid_optimized_tree,1.679,3.358,22.6,1.679,0.0,0.0,0.16,0.333,1.0,0.75,0.35,0.2155,-0.032,5,2
frag_01118,source_order_tree,1.427,2.57,16.1,1.285,0.0,0.0,0.0,0.5,0.858,0.667,0.35,0.1807,-0.0288,4,3
frag_01118,evidence_role_tree,2.0,3.57,18.0,2.285,0.0,0.285,0.0,0.333,0.858,0.75,0.45,0.2393,0.0282,7,2
frag_01118,question_intent_tree,2.0,3.285,16.6,2.0,0.0,0.0,0.0,0.333,1.0,0.75,0.4,0.2143,-0.0257,6,2
frag_01118,class_objective_tree,2.0,3.285,16.6,2.0,0.0,0.0,0.0,0.333,1.0,0.75,0.4,0.2143,-0.0257,6,2
frag_01118,hybrid_optimized_tree,1.285,2.57,13.0,1.285,0.0,0.0,0.0,0.333,1.0,0.75,0.35,0.1564,-0.0911,5,2
frag_01119,source_order_tree,1.5,3.0,20.0,1.0,0.0,0.0,0.0,0.333,0.5,0.75,0.25,0.1917,0.0042,3,2
frag_01119,evidence_role_tree,2.0,5.0,26.0,3.0,0.0,1.0,0.0,0.333,0.5,0.75,0.35,0.3043,0.1318,5,2
frag_01119,question_intent_tree,2.0,4.0,21.0,2.0,0.0,0.0,0.0,0.333,1.0,0.75,0.3,0.2227,-0.0323,4,2
frag_01119,class_objective_tree,2.0,4.0,21.0,2.0,0.0,0.0,0.0,0.333,1.0,0.75,0.3,0.2227,-0.0323,4,2
frag_01119,hybrid_optimized_tree,2.0,4.0,21.0,2.0,0.0,0.0,0.0,0.333,1.0,0.75,0.3,0.2227,-0.0323,4,2
frag_01134,source_order_tree,1.0,2.0,11.0,1.0,0.0,0.0,0.0,0.167,1.0,0.857,0.15,0.1118,-0.1871,2,1
frag_01134,evidence_role_tree,2.0,3.0,14.0,2.0,0.0,0.0,0.0,0.333,1.0,0.75,0.25,0.2007,-0.0618,3,2
frag_01134,question_intent_tree,2.0,3.0,14.0,2.0,0.0,0.0,0.0,0.333,1.0,0.75,0.25,0.2007,-0.0618,3,2
frag_01134,class_objective_tree,2.0,3.0,14.0,2.0,0.0,0.0,0.0,0.333,1.0,0.75,0.25,0.2007,-0.0618,3,2
frag_01134,hybrid_optimized_tree,1.0,2.0,9.0,1.0,0.0,0.0,0.0,0.167,1.0,0.857,0.15,0.1098,-0.1891,2,1
frag_01138,source_order_tree,1.0,2.0,12.0,1.0,0.0,0.0,0.0,0.167,1.0,0.857,0.15,0.1128,-0.1861,2,1
frag_01138,evidence_role_tree,2.0,3.0,15.0,2.0,0.0,0.0,0.0,0.333,1.0,0.75,0.25,0.2017,-0.0608,3,2
frag_01138,question_intent_tree,2.0,3.0,15.0,2.0,0.0,0.0,0.0,0.333,1.0,0.75,0.25,0.2017,-0.0608,3,2
frag_01138,class_objective_tree,2.0,3.0,15.0,2.0,0.0,0.0,0.0,0.333,1.0,0.75,0.25,0.2017,-0.0608,3,2
frag_01138,hybrid_optimized_tree,1.0,2.0,10.0,1.0,0.0,0.0,0.0,0.167,1.0,0.857,0.15,0.1108,-0.1881,2,1
frag_01139,source_order_tree,1.0,2.0,13.0,1.0,0.0,0.0,0.0,0.167,1.0,0.857,0.15,0.1138,-0.1851,2,1
frag_01139,evidence_role_tree,2.0,3.0,16.0,2.0,0.0,0.0,0.0,0.333,1.0,0.75,0.25,0.2027,-0.0598,3,2
frag_01139,question_intent_tree,2.0,3.0,16.0,2.0,0.0,0.0,0.0,0.333,1.0,0.75,0.25,0.2027,-0.0598,3,2
frag_01139,class_objective_tree,2.0,3.0,16.0,2.0,0.0,0.0,0.0,0.333,1.0,0.75,0.25,0.2027,-0.0598,3,2
frag_01139,hybrid_optimized_tree,1.0,2.0,11.0,1.0,0.0,0.0,0.0,0.167,1.0,0.857,0.15,0.1118,-0.1871,2,1
frag_01140,source_order_tree,1.0,2.0,11.0,1.0,0.0,0.0,0.0,0.167,1.0,0.857,0.15,0.1118,-0.1871,2,1
frag_01140,evidence_role_tree,2.0,3.0,14.0,2.0,0.0,0.0,0.0,0.333,1.0,0.75,0.25,0.2007,-0.0618,3,2
frag_01140,question_intent_tree,2.0,3.0,14.0,2.0,0.0,0.0,0.0,0.333,1.0,0.75,0.25,0.2007,-0.0618,3,2
frag_01140,class_objective_tree,2.0,3.0,14.0,2.0,0.0,0.0,0.0,0.333,1.0,0.75,0.25,0.2007,-0.0618,3,2
frag_01140,hybrid_optimized_tree,1.0,2.0,9.0,1.0,0.0,0.0,0.0,0.167,1.0,0.857,0.15,0.1098,-0.1891,2,1
frag_01145,source_order_tree,1.0,2.0,30.0,1.0,0.0,0.0,0.5,0.167,1.0,0.857,0.15,0.1808,-0.1181,2,1
frag_01145,evidence_role_tree,2.0,3.0,33.0,2.0,0.0,0.0,0.5,0.333,1.0,0.75,0.25,0.2697,0.0072,3,2
frag_01145,question_intent_tree,2.0,3.0,33.0,2.0,0.0,0.0,0.5,0.333,1.0,0.75,0.25,0.2697,0.0072,3,2
frag_01145,class_objective_tree,2.0,3.0,33.0,2.0,0.0,0.0,0.5,0.333,1.0,0.75,0.25,0.2697,0.0072,3,2
frag_01145,hybrid_optimized_tree,1.0,2.0,28.0,1.0,0.0,0.0,0.5,0.167,1.0,0.857,0.15,0.1788,-0.1201,2,1
frag_01146,source_order_tree,1.0,2.0,30.0,1.0,0.0,0.0,0.5,0.167,1.0,0.857,0.15,0.1808,-0.1181,2,1
frag_01146,evidence_role_tree,2.0,3.0,33.0,2.0,0.0,0.0,0.5,0.333,1.0,0.75,0.25,0.2697,0.0072,3,2
frag_01146,question_intent_tree,2.0,3.0,33.0,2.0,0.0,0.0,0.5,0.333,1.0,0.75,0.25,0.2697,0.0072,3,2
frag_01146,class_objective_tree,2.0,3.0,33.0,2.0,0.0,0.0,0.5,0.333,1.0,0.75,0.25,0.2697,0.0072,3,2
frag_01146,hybrid_optimized_tree,1.0,2.0,28.0,1.0,0.0,0.0,0.5,0.167,1.0,0.857,0.15,0.1788,-0.1201,2,1
frag_01147,source_order_tree,1.0,2.0,13.0,1.0,0.0,0.0,0.0,0.167,1.0,0.857,0.15,0.1138,-0.1851,2,1
frag_01147,evidence_role_tree,2.0,3.0,16.0,2.0,0.0,0.0,0.0,0.333,1.0,0.75,0.25,0.2027,-0.0598,3,2
frag_01147,question_intent_tree,2.0,3.0,16.0,2.0,0.0,0.0,0.0,0.333,1.0,0.75,0.25,0.2027,-0.0598,3,2
frag_01147,class_objective_tree,2.0,3.0,16.0,2.0,0.0,0.0,0.0,0.333,1.0,0.75,0.25,0.2027,-0.0598,3,2
frag_01147,hybrid_optimized_tree,1.0,2.0,11.0,1.0,0.0,0.0,0.0,0.167,1.0,0.857,0.15,0.1118,-0.1871,2,1
frag_01153,source_order_tree,1.0,2.0,13.0,1.0,0.0,0.0,0.0,0.167,1.0,0.857,0.15,0.1138,-0.1851,2,1
frag_01153,evidence_role_tree,2.0,3.0,16.0,2.0,0.0,0.0,0.0,0.333,1.0,0.75,0.25,0.2027,-0.0598,3,2
frag_01153,question_intent_tree,2.0,3.0,16.0,2.0,0.0,0.0,0.0,0.333,1.0,0.75,0.25,0.2027,-0.0598,3,2
frag_01153,class_objective_tree,2.0,3.0,16.0,2.0,0.0,0.0,0.0,0.333,1.0,0.75,0.25,0.2027,-0.0598,3,2
frag_01153,hybrid_optimized_tree,1.0,2.0,11.0,1.0,0.0,0.0,0.0,0.167,1.0,0.857,0.15,0.1118,-0.1871,2,1
frag_01160,source_order_tree,1.5,3.0,18.0,1.0,0.0,0.0,0.0,0.333,0.5,0.75,0.25,0.1897,0.0022,3,2
frag_01160,evidence_role_tree,2.0,5.0,24.0,3.0,0.0,1.0,0.0,0.333,0.5,0.75,0.35,0.3023,0.1298,5,2
frag_01160,question_intent_tree,2.0,4.0,19.0,2.0,0.0,0.0,0.0,0.333,1.0,0.75,0.3,0.2207,-0.0343,4,2
frag_01160,class_objective_tree,2.0,5.0,24.0,3.0,0.0,1.0,0.0,0.333,0.5,0.75,0.35,0.3023,0.1298,5,2
frag_01160,hybrid_optimized_tree,2.0,4.0,19.0,2.0,0.0,0.0,0.0,0.333,1.0,0.75,0.3,0.2207,-0.0343,4,2
frag_01163,source_order_tree,1.5,3.0,19.0,1.0,0.0,0.0,0.0,0.333,0.5,0.75,0.25,0.1907,0.0032,3,2
frag_01163,evidence_role_tree,2.0,5.0,25.0,3.0,0.0,1.0,0.0,0.333,0.5,0.75,0.35,0.3033,0.1308,5,2
frag_01163,question_intent_tree,2.0,4.0,20.0,2.0,0.0,0.0,0.0,0.333,1.0,0.75,0.3,0.2217,-0.0333,4,2
frag_01163,class_objective_tree,2.0,4.0,20.0,2.0,0.0,0.0,0.0,0.333,1.0,0.75,0.3,0.2217,-0.0333,4,2
frag_01163,hybrid_optimized_tree,2.0,4.0,20.0,2.0,0.0,0.0,0.0,0.333,1.0,0.75,0.3,0.2217,-0.0333,4,2
frag_01174,source_order_tree,1.522,2.696,16.9,1.348,0.0,0.0,0.0,0.5,0.826,0.667,0.35,0.1896,-0.0151,4,3
frag_01174,evidence_role_tree,2.0,3.696,18.1,2.348,0.0,0.348,0.0,0.333,0.826,0.75,0.45,0.245,0.0386,7,2
frag_01174,question_intent_tree,2.0,3.348,16.4,2.0,0.0,0.0,0.0,0.333,1.0,0.75,0.4,0.2149,-0.0251,6,2
frag_01174,class_objective_tree,2.0,3.348,16.4,2.0,0.0,0.0,0.0,0.333,1.0,0.75,0.4,0.2149,-0.0251,6,2
frag_01174,hybrid_optimized_tree,1.348,2.696,13.1,1.348,0.0,0.0,0.0,0.333,1.0,0.75,0.35,0.1619,-0.0856,5,2
frag_01175,source_order_tree,1.5,3.0,26.0,1.0,0.0,0.0,0.0,0.333,0.5,0.75,0.25,0.1977,0.0102,3,2
frag_01175,evidence_role_tree,2.0,5.0,32.0,3.0,0.0,1.0,0.0,0.333,0.5,0.75,0.35,0.3103,0.1378,5,2
frag_01175,question_intent_tree,2.0,4.0,27.0,2.0,0.0,0.0,0.0,0.333,1.0,0.75,0.3,0.2287,-0.0263,4,2
frag_01175,class_objective_tree,2.0,4.0,27.0,2.0,0.0,0.0,0.0,0.333,1.0,0.75,0.3,0.2287,-0.0263,4,2
frag_01175,hybrid_optimized_tree,2.0,4.0,27.0,2.0,0.0,0.0,0.0,0.333,1.0,0.75,0.3,0.2287,-0.0263,4,2
frag_01176,source_order_tree,2.55,4.05,29.5,2.05,0.0,0.0,0.0,0.667,0.5,0.6,0.45,0.304,0.1765,5,4
frag_01176,evidence_role_tree,2.0,5.0,28.2,3.0,0.0,1.0,0.0,0.333,0.5,0.75,0.55,0.3165,0.174,9,2
frag_01176,question_intent_tree,2.0,4.0,23.2,2.0,0.0,0.0,0.0,0.333,1.0,0.75,0.45,0.2324,-0.0001,7,2
frag_01176,class_objective_tree,2.0,4.0,23.2,2.0,0.0,0.0,0.0,0.333,1.0,0.75,0.45,0.2324,-0.0001,7,2
frag_01176,hybrid_optimized_tree,2.0,4.0,23.2,2.0,0.0,0.0,0.0,0.333,1.0,0.75,0.45,0.2324,-0.0001,7,2
frag_01178,source_order_tree,1.0,2.0,11.0,1.0,0.0,0.0,0.0,0.167,1.0,0.857,0.15,0.1118,-0.1871,2,1
frag_01178,evidence_role_tree,2.0,3.0,14.0,2.0,0.0,0.0,0.0,0.333,1.0,0.75,0.25,0.2007,-0.0618,3,2
frag_01178,question_intent_tree,2.0,3.0,14.0,2.0,0.0,0.0,0.0,0.333,1.0,0.75,0.25,0.2007,-0.0618,3,2
frag_01178,class_objective_tree,2.0,3.0,14.0,2.0,0.0,0.0,0.0,0.333,1.0,0.75,0.25,0.2007,-0.0618,3,2
frag_01178,hybrid_optimized_tree,1.0,2.0,9.0,1.0,0.0,0.0,0.0,0.167,1.0,0.857,0.15,0.1098,-0.1891,2,1
frag_01180,source_order_tree,1.0,2.0,11.0,1.0,0.0,0.0,0.0,0.167,1.0,0.857,0.15,0.1118,-0.1871,2,1
frag_01180,evidence_role_tree,2.0,3.0,14.0,2.0,0.0,0.0,0.0,0.333,1.0,0.75,0.25,0.2007,-0.0618,3,2
frag_01180,question_intent_tree,2.0,3.0,14.0,2.0,0.0,0.0,0.0,0.333,1.0,0.75,0.25,0.2007,-0.0618,3,2
frag_01180,class_objective_tree,2.0,3.0,14.0,2.0,0.0,0.0,0.0,0.333,1.0,0.75,0.25,0.2007,-0.0618,3,2
frag_01180,hybrid_optimized_tree,1.0,2.0,9.0,1.0,0.0,0.0,0.0,0.167,1.0,0.857,0.15,0.1098,-0.1891,2,1
frag_01185,source_order_tree,1.5,3.0,26.0,1.0,0.0,0.0,0.0,0.333,0.5,0.75,0.25,0.1977,0.0102,3,2
frag_01185,evidence_role_tree,2.0,5.0,32.0,3.0,0.0,1.0,0.0,0.333,0.5,0.75,0.35,0.3103,0.1378,5,2
frag_01185,question_intent_tree,2.0,4.0,27.0,2.0,0.0,0.0,0.0,0.333,1.0,0.75,0.3,0.2287,-0.0263,4,2
frag_01185,class_objective_tree,2.0,4.0,27.0,2.0,0.0,0.0,0.0,0.333,1.0,0.75,0.3,0.2287,-0.0263,4,2
frag_01185,hybrid_optimized_tree,2.0,4.0,27.0,2.0,0.0,0.0,0.0,0.333,1.0,0.75,0.3,0.2287,-0.0263,4,2
frag_01187,source_order_tree,1.394,2.525,18.8,1.263,0.0,0.0,0.0,0.5,0.869,0.667,0.35,0.1804,-0.0307,4,3
frag_01187,evidence_role_tree,2.0,3.525,20.2,2.263,0.0,0.263,0.0,0.333,0.869,0.75,0.45,0.2396,0.0268,7,2
frag_01187,question_intent_tree,2.0,3.263,18.9,2.0,0.0,0.0,0.0,0.333,1.0,0.75,0.4,0.2163,-0.0237,6,2
frag_01187,class_objective_tree,2.0,3.263,18.9,2.0,0.0,0.0,0.0,0.333,1.0,0.75,0.4,0.2163,-0.0237,6,2
frag_01187,hybrid_optimized_tree,1.263,2.525,15.2,1.263,0.0,0.0,0.0,0.333,1.0,0.75,0.35,0.1567,-0.0908,5,2
frag_01189,source_order_tree,1.5,3.0,20.0,1.0,0.0,0.0,0.0,0.333,0.5,0.75,0.25,0.1917,0.0042,3,2
frag_01189,evidence_role_tree,2.0,5.0,26.0,3.0,0.0,1.0,0.0,0.333,0.5,0.75,0.35,0.3043,0.1318,5,2
frag_01189,question_intent_tree,2.0,4.0,21.0,2.0,0.0,0.0,0.0,0.333,1.0,0.75,0.3,0.2227,-0.0323,4,2
frag_01189,class_objective_tree,2.0,4.0,21.0,2.0,0.0,0.0,0.0,0.333,1.0,0.75,0.3,0.2227,-0.0323,4,2
frag_01189,hybrid_optimized_tree,2.0,4.0,21.0,2.0,0.0,0.0,0.0,0.333,1.0,0.75,0.3,0.2227,-0.0323,4,2
frag_01190,source_order_tree,1.0,2.0,12.0,1.0,0.0,0.0,0.0,0.167,1.0,0.857,0.15,0.1128,-0.1861,2,1
frag_01190,evidence_role_tree,2.0,3.0,15.0,2.0,0.0,0.0,0.0,0.333,1.0,0.75,0.25,0.2017,-0.0608,3,2
frag_01190,question_intent_tree,2.0,3.0,15.0,2.0,0.0,0.0,0.0,0.333,1.0,0.75,0.25,0.2017,-0.0608,3,2
frag_01190,class_objective_tree,2.0,3.0,15.0,2.0,0.0,0.0,0.0,0.333,1.0,0.75,0.25,0.2017,-0.0608,3,2
frag_01190,hybrid_optimized_tree,1.0,2.0,10.0,1.0,0.0,0.0,0.0,0.167,1.0,0.857,0.15,0.1108,-0.1881,2,1
frag_01196,source_order_tree,1.5,3.0,18.0,1.0,0.0,0.0,0.0,0.333,0.5,0.75,0.25,0.1897,0.0022,3,2
frag_01196,evidence_role_tree,2.0,5.0,24.0,3.0,0.0,1.0,0.0,0.333,0.5,0.75,0.35,0.3023,0.1298,5,2
frag_01196,question_intent_tree,2.0,4.0,19.0,2.0,0.0,0.0,0.0,0.333,1.0,0.75,0.3,0.2207,-0.0343,4,2
frag_01196,class_objective_tree,2.0,5.0,24.0,3.0,0.0,1.0,0.0,0.333,0.5,0.75,0.35,0.3023,0.1298,5,2
frag_01196,hybrid_optimized_tree,2.0,4.0,19.0,2.0,0.0,0.0,0.0,0.333,1.0,0.75,0.3,0.2207,-0.0343,4,2
frag_01198,source_order_tree,1.5,3.0,26.0,1.0,0.0,0.0,0.0,0.333,0.5,0.75,0.25,0.1977,0.0102,3,2
frag_01198,evidence_role_tree,2.0,5.0,32.0,3.0,0.0,1.0,0.0,0.333,0.5,0.75,0.35,0.3103,0.1378,5,2
frag_01198,question_intent_tree,2.0,4.0,27.0,2.0,0.0,0.0,0.0,0.333,1.0,0.75,0.3,0.2287,-0.0263,4,2
frag_01198,class_objective_tree,2.0,4.0,27.0,2.0,0.0,0.0,0.0,0.333,1.0,0.75,0.3,0.2287,-0.0263,4,2
frag_01198,hybrid_optimized_tree,2.0,4.0,27.0,2.0,0.0,0.0,0.0,0.333,1.0,0.75,0.3,0.2287,-0.0263,4,2
frag_01199,source_order_tree,1.5,3.0,26.0,1.0,0.0,0.0,0.0,0.333,0.5,0.75,0.25,0.1977,0.0102,3,2
frag_01199,evidence_role_tree,2.0,5.0,32.0,3.0,0.0,1.0,0.0,0.333,0.5,0.75,0.35,0.3103,0.1378,5,2
frag_01199,question_intent_tree,2.0,4.0,27.0,2.0,0.0,0.0,0.0,0.333,1.0,0.75,0.3,0.2287,-0.0263,4,2
frag_01199,class_objective_tree,2.0,4.0,27.0,2.0,0.0,0.0,0.0,0.333,1.0,0.75,0.3,0.2287,-0.0263,4,2
frag_01199,hybrid_optimized_tree,2.0,4.0,27.0,2.0,0.0,0.0,0.0,0.333,1.0,0.75,0.3,0.2287,-0.0263,4,2
frag_01200,source_order_tree,1.5,3.0,26.0,1.0,0.0,0.0,0.0,0.333,0.5,0.75,0.25,0.1977,0.0102,3,2
frag_01200,evidence_role_tree,2.0,5.0,32.0,3.0,0.0,1.0,0.0,0.333,0.5,0.75,0.35,0.3103,0.1378,5,2
frag_01200,question_intent_tree,2.0,4.0,27.0,2.0,0.0,0.0,0.0,0.333,1.0,0.75,0.3,0.2287,-0.0263,4,2
frag_01200,class_objective_tree,2.0,4.0,27.0,2.0,0.0,0.0,0.0,0.333,1.0,0.75,0.3,0.2287,-0.0263,4,2
frag_01200,hybrid_optimized_tree,2.0,4.0,27.0,2.0,0.0,0.0,0.0,0.333,1.0,0.75,0.3,0.2287,-0.0263,4,2
frag_01206,source_order_tree,1.5,3.0,32.0,1.0,0.0,0.0,0.0,0.333,0.5,0.75,0.25,0.2037,0.0162,3,2
frag_01206,evidence_role_tree,2.0,5.0,38.0,3.0,0.0,1.0,0.0,0.333,0.5,0.75,0.35,0.3163,0.1438,5,2
frag_01206,question_intent_tree,2.0,4.0,33.0,2.0,0.0,0.0,0.0,0.333,1.0,0.75,0.3,0.2347,-0.0203,4,2
frag_01206,class_objective_tree,2.0,5.0,38.0,3.0,0.0,1.0,0.0,0.333,0.5,0.75,0.35,0.3163,0.1438,5,2
frag_01206,hybrid_optimized_tree,2.0,4.0,33.0,2.0,0.0,0.0,0.0,0.333,1.0,0.75,0.3,0.2347,-0.0203,4,2
frag_01207,source_order_tree,1.5,3.0,19.0,1.0,0.0,0.0,0.0,0.333,0.5,0.75,0.25,0.1907,0.0032,3,2
frag_01207,evidence_role_tree,2.0,5.0,25.0,3.0,0.0,1.0,0.0,0.333,0.5,0.75,0.35,0.3033,0.1308,5,2
frag_01207,question_intent_tree,2.0,4.0,20.0,2.0,0.0,0.0,0.0,0.333,1.0,0.75,0.3,0.2217,-0.0333,4,2
frag_01207,class_objective_tree,2.0,4.0,20.0,2.0,0.0,0.0,0.0,0.333,1.0,0.75,0.3,0.2217,-0.0333,4,2
frag_01207,hybrid_optimized_tree,2.0,4.0,20.0,2.0,0.0,0.0,0.0,0.333,1.0,0.75,0.3,0.2217,-0.0333,4,2
frag_01208,source_order_tree,1.5,3.0,19.0,1.0,0.0,0.0,0.0,0.333,0.5,0.75,0.25,0.1907,0.0032,3,2
frag_01208,evidence_role_tree,2.0,5.0,25.0,3.0,0.0,1.0,0.0,0.333,0.5,0.75,0.35,0.3033,0.1308,5,2
frag_01208,question_intent_tree,2.0,4.0,20.0,2.0,0.0,0.0,0.0,0.333,1.0,0.75,0.3,0.2217,-0.0333,4,2
frag_01208,class_objective_tree,2.0,4.0,20.0,2.0,0.0,0.0,0.0,0.333,1.0,0.75,0.3,0.2217,-0.0333,4,2
frag_01208,hybrid_optimized_tree,2.0,4.0,20.0,2.0,0.0,0.0,0.0,0.333,1.0,0.75,0.3,0.2217,-0.0333,4,2
frag_01220,source_order_tree,1.5,3.0,26.0,1.0,0.0,0.0,0.0,0.333,0.5,0.75,0.25,0.1977,0.0102,3,2
frag_01220,evidence_role_tree,2.0,5.0,32.0,3.0,0.0,1.0,0.0,0.333,0.5,0.75,0.35,0.3103,0.1378,5,2
frag_01220,question_intent_tree,2.0,4.0,27.0,2.0,0.0,0.0,0.0,0.333,1.0,0.75,0.3,0.2287,-0.0263,4,2
frag_01220,class_objective_tree,2.0,4.0,27.0,2.0,0.0,0.0,0.0,0.333,1.0,0.75,0.3,0.2287,-0.0263,4,2
frag_01220,hybrid_optimized_tree,2.0,4.0,27.0,2.0,0.0,0.0,0.0,0.333,1.0,0.75,0.3,0.2287,-0.0263,4,2
frag_01221,source_order_tree,1.0,2.0,11.0,1.0,0.0,0.0,0.0,0.167,1.0,0.857,0.15,0.1118,-0.1871,2,1
frag_01221,evidence_role_tree,2.0,3.0,14.0,2.0,0.0,0.0,0.0,0.333,1.0,0.75,0.25,0.2007,-0.0618,3,2
frag_01221,question_intent_tree,2.0,3.0,14.0,2.0,0.0,0.0,0.0,0.333,1.0,0.75,0.25,0.2007,-0.0618,3,2
frag_01221,class_objective_tree,2.0,3.0,14.0,2.0,0.0,0.0,0.0,0.333,1.0,0.75,0.25,0.2007,-0.0618,3,2
frag_01221,hybrid_optimized_tree,1.0,2.0,9.0,1.0,0.0,0.0,0.0,0.167,1.0,0.857,0.15,0.1098,-0.1891,2,1
frag_01224,source_order_tree,1.0,2.0,12.0,1.0,0.0,0.0,0.0,0.167,1.0,0.857,0.15,0.1128,-0.1861,2,1
frag_01224,evidence_role_tree,2.0,3.0,15.0,2.0,0.0,0.0,0.0,0.333,1.0,0.75,0.25,0.2017,-0.0608,3,2
frag_01224,question_intent_tree,2.0,3.0,15.0,2.0,0.0,0.0,0.0,0.333,1.0,0.75,0.25,0.2017,-0.0608,3,2
frag_01224,class_objective_tree,2.0,3.0,15.0,2.0,0.0,0.0,0.0,0.333,1.0,0.75,0.25,0.2017,-0.0608,3,2
frag_01224,hybrid_optimized_tree,1.0,2.0,10.0,1.0,0.0,0.0,0.0,0.167,1.0,0.857,0.15,0.1108,-0.1881,2,1
frag_01255,source_order_tree,1.0,2.0,30.0,1.0,0.0,0.0,0.5,0.167,1.0,0.857,0.15,0.1808,-0.1181,2,1
frag_01255,evidence_role_tree,2.0,3.0,33.0,2.0,0.0,0.0,0.5,0.333,1.0,0.75,0.25,0.2697,0.0072,3,2
frag_01255,question_intent_tree,2.0,3.0,33.0,2.0,0.0,0.0,0.5,0.333,1.0,0.75,0.25,0.2697,0.0072,3,2
frag_01255,class_objective_tree,2.0,3.0,33.0,2.0,0.0,0.0,0.5,0.333,1.0,0.75,0.25,0.2697,0.0072,3,2
frag_01255,hybrid_optimized_tree,1.0,2.0,28.0,1.0,0.0,0.0,0.5,0.167,1.0,0.857,0.15,0.1788,-0.1201,2,1
frag_01257,source_order_tree,1.0,2.0,30.0,1.0,0.0,0.0,0.5,0.167,1.0,0.857,0.15,0.1808,-0.1181,2,1
frag_01257,evidence_role_tree,2.0,3.0,33.0,2.0,0.0,0.0,0.5,0.333,1.0,0.75,0.25,0.2697,0.0072,3,2
frag_01257,question_intent_tree,2.0,3.0,33.0,2.0,0.0,0.0,0.5,0.333,1.0,0.75,0.25,0.2697,0.0072,3,2
frag_01257,class_objective_tree,2.0,3.0,33.0,2.0,0.0,0.0,0.5,0.333,1.0,0.75,0.25,0.2697,0.0072,3,2
frag_01257,hybrid_optimized_tree,1.0,2.0,28.0,1.0,0.0,0.0,0.5,0.167,1.0,0.857,0.15,0.1788,-0.1201,2,1
frag_01258,source_order_tree,1.0,2.0,30.0,1.0,0.0,0.0,0.5,0.167,1.0,0.857,0.15,0.1808,-0.1181,2,1
frag_01258,evidence_role_tree,2.0,3.0,33.0,2.0,0.0,0.0,0.5,0.333,1.0,0.75,0.25,0.2697,0.0072,3,2
frag_01258,question_intent_tree,2.0,3.0,33.0,2.0,0.0,0.0,0.5,0.333,1.0,0.75,0.25,0.2697,0.0072,3,2
frag_01258,class_objective_tree,2.0,3.0,33.0,2.0,0.0,0.0,0.5,0.333,1.0,0.75,0.25,0.2697,0.0072,3,2
frag_01258,hybrid_optimized_tree,1.0,2.0,28.0,1.0,0.0,0.0,0.5,0.167,1.0,0.857,0.15,0.1788,-0.1201,2,1
frag_01267,source_order_tree,1.0,2.0,11.0,1.0,0.0,0.0,0.0,0.167,1.0,0.857,0.15,0.1118,-0.1871,2,1
frag_01267,evidence_role_tree,2.0,3.0,14.0,2.0,0.0,0.0,0.0,0.333,1.0,0.75,0.25,0.2007,-0.0618,3,2
frag_01267,question_intent_tree,2.0,3.0,14.0,2.0,0.0,0.0,0.0,0.333,1.0,0.75,0.25,0.2007,-0.0618,3,2
frag_01267,class_objective_tree,2.0,3.0,14.0,2.0,0.0,0.0,0.0,0.333,1.0,0.75,0.25,0.2007,-0.0618,3,2
frag_01267,hybrid_optimized_tree,1.0,2.0,9.0,1.0,0.0,0.0,0.0,0.167,1.0,0.857,0.15,0.1098,-0.1891,2,1
frag_01280,source_order_tree,1.5,3.0,18.0,1.0,0.0,0.0,0.0,0.333,0.5,0.75,0.25,0.1897,0.0022,3,2
frag_01280,evidence_role_tree,2.0,5.0,24.0,3.0,0.0,1.0,0.0,0.333,0.5,0.75,0.35,0.3023,0.1298,5,2
frag_01280,question_intent_tree,2.0,4.0,19.0,2.0,0.0,0.0,0.0,0.333,1.0,0.75,0.3,0.2207,-0.0343,4,2
frag_01280,class_objective_tree,2.0,5.0,24.0,3.0,0.0,1.0,0.0,0.333,0.5,0.75,0.35,0.3023,0.1298,5,2
frag_01280,hybrid_optimized_tree,2.0,4.0,19.0,2.0,0.0,0.0,0.0,0.333,1.0,0.75,0.3,0.2207,-0.0343,4,2
frag_01289,source_order_tree,1.0,2.0,28.0,1.0,0.0,0.0,0.5,0.167,1.0,0.857,0.15,0.1788,-0.1201,2,1
frag_01289,evidence_role_tree,2.0,3.0,31.0,2.0,0.0,0.0,0.5,0.333,1.0,0.75,0.25,0.2677,0.0052,3,2
frag_01289,question_intent_tree,2.0,3.0,31.0,2.0,0.0,0.0,0.5,0.333,1.0,0.75,0.25,0.2677,0.0052,3,2
frag_01289,class_objective_tree,2.0,3.0,31.0,2.0,0.0,0.0,0.5,0.333,1.0,0.75,0.25,0.2677,0.0052,3,2
frag_01289,hybrid_optimized_tree,1.0,2.0,26.0,1.0,0.0,0.0,0.5,0.167,1.0,0.857,0.15,0.1768,-0.1221,2,1
frag_01290,source_order_tree,1.0,2.0,28.0,1.0,0.0,0.0,0.5,0.167,1.0,0.857,0.15,0.1788,-0.1201,2,1
frag_01290,evidence_role_tree,2.0,3.0,31.0,2.0,0.0,0.0,0.5,0.333,1.0,0.75,0.25,0.2677,0.0052,3,2
frag_01290,question_intent_tree,2.0,3.0,31.0,2.0,0.0,0.0,0.5,0.333,1.0,0.75,0.25,0.2677,0.0052,3,2
frag_01290,class_objective_tree,2.0,3.0,31.0,2.0,0.0,0.0,0.5,0.333,1.0,0.75,0.25,0.2677,0.0052,3,2
frag_01290,hybrid_optimized_tree,1.0,2.0,26.0,1.0,0.0,0.0,0.5,0.167,1.0,0.857,0.15,0.1768,-0.1221,2,1
frag_01293,source_order_tree,1.0,2.0,12.0,1.0,0.0,0.0,0.0,0.167,1.0,0.857,0.15,0.1128,-0.1861,2,1
frag_01293,evidence_role_tree,2.0,3.0,15.0,2.0,0.0,0.0,0.0,0.333,1.0,0.75,0.25,0.2017,-0.0608,3,2
frag_01293,question_intent_tree,2.0,3.0,15.0,2.0,0.0,0.0,0.0,0.333,1.0,0.75,0.25,0.2017,-0.0608,3,2
frag_01293,class_objective_tree,2.0,3.0,15.0,2.0,0.0,0.0,0.0,0.333,1.0,0.75,0.25,0.2017,-0.0608,3,2
frag_01293,hybrid_optimized_tree,1.0,2.0,10.0,1.0,0.0,0.0,0.0,0.167,1.0,0.857,0.15,0.1108,-0.1881,2,1
frag_01295,source_order_tree,1.0,2.0,13.0,1.0,0.0,0.0,0.0,0.167,1.0,0.857,0.15,0.1138,-0.1851,2,1
frag_01295,evidence_role_tree,2.0,3.0,16.0,2.0,0.0,0.0,0.0,0.333,1.0,0.75,0.25,0.2027,-0.0598,3,2
frag_01295,question_intent_tree,2.0,3.0,16.0,2.0,0.0,0.0,0.0,0.333,1.0,0.75,0.25,0.2027,-0.0598,3,2
frag_01295,class_objective_tree,2.0,3.0,16.0,2.0,0.0,0.0,0.0,0.333,1.0,0.75,0.25,0.2027,-0.0598,3,2
frag_01295,hybrid_optimized_tree,1.0,2.0,11.0,1.0,0.0,0.0,0.0,0.167,1.0,0.857,0.15,0.1118,-0.1871,2,1
frag_01296,source_order_tree,1.0,2.0,11.0,1.0,0.0,0.0,0.0,0.167,1.0,0.857,0.15,0.1118,-0.1871,2,1
frag_01296,evidence_role_tree,2.0,3.0,14.0,2.0,0.0,0.0,0.0,0.333,1.0,0.75,0.25,0.2007,-0.0618,3,2
frag_01296,question_intent_tree,2.0,3.0,14.0,2.0,0.0,0.0,0.0,0.333,1.0,0.75,0.25,0.2007,-0.0618,3,2
frag_01296,class_objective_tree,2.0,3.0,14.0,2.0,0.0,0.0,0.0,0.333,1.0,0.75,0.25,0.2007,-0.0618,3,2
frag_01296,hybrid_optimized_tree,1.0,2.0,9.0,1.0,0.0,0.0,0.0,0.167,1.0,0.857,0.15,0.1098,-0.1891,2,1
frag_01299,source_order_tree,1.0,2.0,17.0,1.0,0.0,0.0,0.5,0.167,1.0,0.857,0.15,0.1678,-0.1311,2,1
frag_01299,evidence_role_tree,2.0,3.0,20.0,2.0,0.0,0.0,0.5,0.333,1.0,0.75,0.25,0.2567,-0.0058,3,2
frag_01299,question_intent_tree,2.0,3.0,20.0,2.0,0.0,0.0,0.5,0.333,1.0,0.75,0.25,0.2567,-0.0058,3,2
frag_01299,class_objective_tree,2.0,3.0,20.0,2.0,0.0,0.0,0.5,0.333,1.0,0.75,0.25,0.2567,-0.0058,3,2
frag_01299,hybrid_optimized_tree,1.0,2.0,15.0,1.0,0.0,0.0,0.5,0.167,1.0,0.857,0.15,0.1658,-0.1331,2,1
frag_01300,source_order_tree,1.5,3.0,26.0,1.0,0.0,0.0,0.0,0.333,0.5,0.75,0.25,0.1977,0.0102,3,2
frag_01300,evidence_role_tree,2.0,5.0,32.0,3.0,0.0,1.0,0.0,0.333,0.5,0.75,0.35,0.3103,0.1378,5,2
frag_01300,question_intent_tree,2.0,4.0,27.0,2.0,0.0,0.0,0.0,0.333,1.0,0.75,0.3,0.2287,-0.0263,4,2
frag_01300,class_objective_tree,2.0,5.0,32.0,3.0,0.0,1.0,0.0,0.333,0.5,0.75,0.35,0.3103,0.1378,5,2
frag_01300,hybrid_optimized_tree,2.0,4.0,27.0,2.0,0.0,0.0,0.0,0.333,1.0,0.75,0.3,0.2287,-0.0263,4,2
frag_01302,source_order_tree,1.5,3.0,26.0,1.0,0.0,0.0,0.0,0.333,0.5,0.75,0.25,0.1977,0.0102,3,2
frag_01302,evidence_role_tree,2.0,5.0,32.0,3.0,0.0,1.0,0.0,0.333,0.5,0.75,0.35,0.3103,0.1378,5,2
frag_01302,question_intent_tree,2.0,4.0,27.0,2.0,0.0,0.0,0.0,0.333,1.0,0.75,0.3,0.2287,-0.0263,4,2
frag_01302,class_objective_tree,2.0,5.0,32.0,3.0,0.0,1.0,0.0,0.333,0.5,0.75,0.35,0.3103,0.1378,5,2
frag_01302,hybrid_optimized_tree,2.0,4.0,27.0,2.0,0.0,0.0,0.0,0.333,1.0,0.75,0.3,0.2287,-0.0263,4,2
frag_01308,source_order_tree,1.0,2.0,12.0,1.0,0.0,0.0,0.0,0.167,1.0,0.857,0.15,0.1128,-0.1861,2,1
frag_01308,evidence_role_tree,2.0,3.0,15.0,2.0,0.0,0.0,0.0,0.333,1.0,0.75,0.25,0.2017,-0.0608,3,2
frag_01308,question_intent_tree,2.0,3.0,15.0,2.0,0.0,0.0,0.0,0.333,1.0,0.75,0.25,0.2017,-0.0608,3,2
frag_01308,class_objective_tree,2.0,3.0,15.0,2.0,0.0,0.0,0.0,0.333,1.0,0.75,0.25,0.2017,-0.0608,3,2
frag_01308,hybrid_optimized_tree,1.0,2.0,10.0,1.0,0.0,0.0,0.0,0.167,1.0,0.857,0.15,0.1108,-0.1881,2,1
frag_01309,source_order_tree,1.686,2.915,18.9,1.457,0.0,0.0,0.0,0.5,0.771,0.667,0.35,0.2058,0.0093,4,3
frag_01309,evidence_role_tree,2.0,3.915,19.6,2.457,0.0,0.457,0.0,0.333,0.771,0.75,0.45,0.2559,0.0577,7,2
frag_01309,question_intent_tree,2.0,3.457,17.3,2.0,0.0,0.0,0.0,0.333,1.0,0.75,0.4,0.2172,-0.0228,6,2
frag_01309,class_objective_tree,2.0,3.457,17.3,2.0,0.0,0.0,0.0,0.333,1.0,0.75,0.4,0.2172,-0.0228,6,2
frag_01309,hybrid_optimized_tree,1.457,2.915,14.6,1.457,0.0,0.0,0.0,0.333,1.0,0.75,0.35,0.1726,-0.0749,5,2
frag_01311,source_order_tree,1.0,2.0,11.0,1.0,0.0,0.0,0.0,0.167,1.0,0.857,0.15,0.1118,-0.1871,2,1
frag_01311,evidence_role_tree,2.0,3.0,14.0,2.0,0.0,0.0,0.0,0.333,1.0,0.75,0.25,0.2007,-0.0618,3,2
frag_01311,question_intent_tree,2.0,3.0,14.0,2.0,0.0,0.0,0.0,0.333,1.0,0.75,0.25,0.2007,-0.0618,3,2
frag_01311,class_objective_tree,2.0,3.0,14.0,2.0,0.0,0.0,0.0,0.333,1.0,0.75,0.25,0.2007,-0.0618,3,2
frag_01311,hybrid_optimized_tree,1.0,2.0,9.0,1.0,0.0,0.0,0.0,0.167,1.0,0.857,0.15,0.1098,-0.1891,2,1
frag_01327,source_order_tree,1.5,3.0,18.0,1.0,0.0,0.0,0.0,0.333,0.5,0.75,0.25,0.1897,0.0022,3,2
frag_01327,evidence_role_tree,2.0,5.0,24.0,3.0,0.0,1.0,0.0,0.333,0.5,0.75,0.35,0.3023,0.1298,5,2
frag_01327,question_intent_tree,2.0,4.0,19.0,2.0,0.0,0.0,0.0,0.333,1.0,0.75,0.3,0.2207,-0.0343,4,2
frag_01327,class_objective_tree,2.0,5.0,24.0,3.0,0.0,1.0,0.0,0.333,0.5,0.75,0.35,0.3023,0.1298,5,2
frag_01327,hybrid_optimized_tree,2.0,4.0,19.0,2.0,0.0,0.0,0.0,0.333,1.0,0.75,0.3,0.2207,-0.0343,4,2
frag_01331,source_order_tree,1.0,2.0,12.0,1.0,0.0,0.0,0.0,0.167,1.0,0.857,0.15,0.1128,-0.1861,2,1
frag_01331,evidence_role_tree,2.0,3.0,15.0,2.0,0.0,0.0,0.0,0.333,1.0,0.75,0.25,0.2017,-0.0608,3,2
frag_01331,question_intent_tree,2.0,3.0,15.0,2.0,0.0,0.0,0.0,0.333,1.0,0.75,0.25,0.2017,-0.0608,3,2
frag_01331,class_objective_tree,2.0,3.0,15.0,2.0,0.0,0.0,0.0,0.333,1.0,0.75,0.25,0.2017,-0.0608,3,2
frag_01331,hybrid_optimized_tree,1.0,2.0,10.0,1.0,0.0,0.0,0.0,0.167,1.0,0.857,0.15,0.1108,-0.1881,2,1
frag_01332,source_order_tree,1.0,2.0,30.0,1.0,0.0,0.0,0.5,0.167,1.0,0.857,0.15,0.1808,-0.1181,2,1
frag_01332,evidence_role_tree,2.0,3.0,33.0,2.0,0.0,0.0,0.5,0.333,1.0,0.75,0.25,0.2697,0.0072,3,2
frag_01332,question_intent_tree,2.0,3.0,33.0,2.0,0.0,0.0,0.5,0.333,1.0,0.75,0.25,0.2697,0.0072,3,2
frag_01332,class_objective_tree,2.0,3.0,33.0,2.0,0.0,0.0,0.5,0.333,1.0,0.75,0.25,0.2697,0.0072,3,2
frag_01332,hybrid_optimized_tree,1.0,2.0,28.0,1.0,0.0,0.0,0.5,0.167,1.0,0.857,0.15,0.1788,-0.1201,2,1
frag_01341,source_order_tree,1.0,2.0,30.0,1.0,0.0,0.0,0.5,0.167,1.0,0.857,0.15,0.1808,-0.1181,2,1
frag_01341,evidence_role_tree,2.0,3.0,33.0,2.0,0.0,0.0,0.5,0.333,1.0,0.75,0.25,0.2697,0.0072,3,2
frag_01341,question_intent_tree,2.0,3.0,33.0,2.0,0.0,0.0,0.5,0.333,1.0,0.75,0.25,0.2697,0.0072,3,2
frag_01341,class_objective_tree,2.0,3.0,33.0,2.0,0.0,0.0,0.5,0.333,1.0,0.75,0.25,0.2697,0.0072,3,2
frag_01341,hybrid_optimized_tree,1.0,2.0,28.0,1.0,0.0,0.0,0.5,0.167,1.0,0.857,0.15,0.1788,-0.1201,2,1
frag_01342,source_order_tree,1.0,2.0,13.0,1.0,0.0,0.0,0.0,0.167,1.0,0.857,0.15,0.1138,-0.1851,2,1
frag_01342,evidence_role_tree,2.0,3.0,16.0,2.0,0.0,0.0,0.0,0.333,1.0,0.75,0.25,0.2027,-0.0598,3,2
frag_01342,question_intent_tree,2.0,3.0,16.0,2.0,0.0,0.0,0.0,0.333,1.0,0.75,0.25,0.2027,-0.0598,3,2
frag_01342,class_objective_tree,2.0,3.0,16.0,2.0,0.0,0.0,0.0,0.333,1.0,0.75,0.25,0.2027,-0.0598,3,2
frag_01342,hybrid_optimized_tree,1.0,2.0,11.0,1.0,0.0,0.0,0.0,0.167,1.0,0.857,0.15,0.1118,-0.1871,2,1
frag_01343,source_order_tree,1.0,2.0,13.0,1.0,0.0,0.0,0.0,0.167,1.0,0.857,0.15,0.1138,-0.1851,2,1
frag_01343,evidence_role_tree,2.0,3.0,16.0,2.0,0.0,0.0,0.0,0.333,1.0,0.75,0.25,0.2027,-0.0598,3,2
frag_01343,question_intent_tree,2.0,3.0,16.0,2.0,0.0,0.0,0.0,0.333,1.0,0.75,0.25,0.2027,-0.0598,3,2
frag_01343,class_objective_tree,2.0,3.0,16.0,2.0,0.0,0.0,0.0,0.333,1.0,0.75,0.25,0.2027,-0.0598,3,2
frag_01343,hybrid_optimized_tree,1.0,2.0,11.0,1.0,0.0,0.0,0.0,0.167,1.0,0.857,0.15,0.1118,-0.1871,2,1
frag_01344,source_order_tree,1.686,2.915,17.9,1.457,0.0,0.0,0.0,0.5,0.771,0.667,0.35,0.2048,0.0083,4,3
frag_01344,evidence_role_tree,2.0,3.915,19.0,2.457,0.0,0.457,0.0,0.333,0.771,0.75,0.45,0.2553,0.0571,7,2
frag_01344,question_intent_tree,2.0,3.457,16.7,2.0,0.0,0.0,0.0,0.333,1.0,0.75,0.4,0.2166,-0.0234,6,2
frag_01344,class_objective_tree,2.0,3.457,16.7,2.0,0.0,0.0,0.0,0.333,1.0,0.75,0.4,0.2166,-0.0234,6,2
frag_01344,hybrid_optimized_tree,1.457,2.915,14.0,1.457,0.0,0.0,0.0,0.333,1.0,0.75,0.35,0.1721,-0.0754,5,2
frag_01363,source_order_tree,1.0,2.0,13.0,1.0,0.0,0.0,0.0,0.167,1.0,0.857,0.15,0.1138,-0.1851,2,1
frag_01363,evidence_role_tree,2.0,3.0,16.0,2.0,0.0,0.0,0.0,0.333,1.0,0.75,0.25,0.2027,-0.0598,3,2
frag_01363,question_intent_tree,2.0,3.0,16.0,2.0,0.0,0.0,0.0,0.333,1.0,0.75,0.25,0.2027,-0.0598,3,2
frag_01363,class_objective_tree,2.0,3.0,16.0,2.0,0.0,0.0,0.0,0.333,1.0,0.75,0.25,0.2027,-0.0598,3,2
frag_01363,hybrid_optimized_tree,1.0,2.0,11.0,1.0,0.0,0.0,0.0,0.167,1.0,0.857,0.15,0.1118,-0.1871,2,1
frag_01364,source_order_tree,1.394,2.525,18.8,1.263,0.0,0.0,0.0,0.5,0.869,0.667,0.35,0.1804,-0.0307,4,3
frag_01364,evidence_role_tree,2.0,3.525,20.2,2.263,0.0,0.263,0.0,0.333,0.869,0.75,0.45,0.2396,0.0268,7,2
frag_01364,question_intent_tree,2.0,3.263,18.9,2.0,0.0,0.0,0.0,0.333,1.0,0.75,0.4,0.2163,-0.0237,6,2
frag_01364,class_objective_tree,2.0,3.263,18.9,2.0,0.0,0.0,0.0,0.333,1.0,0.75,0.4,0.2163,-0.0237,6,2
frag_01364,hybrid_optimized_tree,1.263,2.525,15.2,1.263,0.0,0.0,0.0,0.333,1.0,0.75,0.35,0.1567,-0.0908,5,2
frag_01366,source_order_tree,1.844,3.125,26.4,1.563,0.0,0.0,0.0,0.5,0.719,0.667,0.35,0.227,0.0384,4,3
frag_01366,evidence_role_tree,2.0,4.125,25.4,2.563,0.0,0.563,0.0,0.333,0.719,0.75,0.45,0.2709,0.0806,7,2
frag_01366,question_intent_tree,2.0,3.563,22.6,2.0,0.0,0.0,0.0,0.333,1.0,0.75,0.4,0.2238,-0.0162,6,2
frag_01366,class_objective_tree,2.0,3.563,22.6,2.0,0.0,0.0,0.0,0.333,1.0,0.75,0.4,0.2238,-0.0162,6,2
frag_01366,hybrid_optimized_tree,1.563,3.125,20.4,1.563,0.0,0.0,0.0,0.333,1.0,0.75,0.35,0.1874,-0.0601,5,2
frag_01367,source_order_tree,1.0,2.0,30.0,1.0,0.0,0.0,0.5,0.167,1.0,0.857,0.15,0.1808,-0.1181,2,1
frag_01367,evidence_role_tree,2.0,3.0,33.0,2.0,0.0,0.0,0.5,0.333,1.0,0.75,0.25,0.2697,0.0072,3,2
frag_01367,question_intent_tree,2.0,3.0,33.0,2.0,0.0,0.0,0.5,0.333,1.0,0.75,0.25,0.2697,0.0072,3,2
frag_01367,class_objective_tree,2.0,3.0,33.0,2.0,0.0,0.0,0.5,0.333,1.0,0.75,0.25,0.2697,0.0072,3,2
frag_01367,hybrid_optimized_tree,1.0,2.0,28.0,1.0,0.0,0.0,0.5,0.167,1.0,0.857,0.15,0.1788,-0.1201,2,1
frag_01369,source_order_tree,1.0,2.0,30.0,1.0,0.0,0.0,0.5,0.167,1.0,0.857,0.15,0.1808,-0.1181,2,1
frag_01369,evidence_role_tree,2.0,3.0,33.0,2.0,0.0,0.0,0.5,0.333,1.0,0.75,0.25,0.2697,0.0072,3,2
frag_01369,question_intent_tree,2.0,3.0,33.0,2.0,0.0,0.0,0.5,0.333,1.0,0.75,0.25,0.2697,0.0072,3,2
frag_01369,class_objective_tree,2.0,3.0,33.0,2.0,0.0,0.0,0.5,0.333,1.0,0.75,0.25,0.2697,0.0072,3,2
frag_01369,hybrid_optimized_tree,1.0,2.0,28.0,1.0,0.0,0.0,0.5,0.167,1.0,0.857,0.15,0.1788,-0.1201,2,1
frag_01381,source_order_tree,1.686,2.915,20.8,1.457,0.0,0.0,0.0,0.5,0.771,0.667,0.35,0.2077,0.0112,4,3
frag_01381,evidence_role_tree,2.0,3.915,21.0,2.457,0.0,0.457,0.0,0.333,0.771,0.75,0.45,0.2573,0.0591,7,2
frag_01381,question_intent_tree,2.0,3.457,18.7,2.0,0.0,0.0,0.0,0.333,1.0,0.75,0.4,0.2186,-0.0214,6,2
frag_01381,class_objective_tree,2.0,3.457,18.7,2.0,0.0,0.0,0.0,0.333,1.0,0.75,0.4,0.2186,-0.0214,6,2
frag_01381,hybrid_optimized_tree,1.457,2.915,16.0,1.457,0.0,0.0,0.0,0.333,1.0,0.75,0.35,0.1741,-0.0734,5,2
frag_01382,source_order_tree,1.0,2.0,30.0,1.0,0.0,0.0,0.5,0.167,1.0,0.857,0.15,0.1808,-0.1181,2,1
frag_01382,evidence_role_tree,2.0,3.0,33.0,2.0,0.0,0.0,0.5,0.333,1.0,0.75,0.25,0.2697,0.0072,3,2
frag_01382,question_intent_tree,2.0,3.0,33.0,2.0,0.0,0.0,0.5,0.333,1.0,0.75,0.25,0.2697,0.0072,3,2
frag_01382,class_objective_tree,2.0,3.0,33.0,2.0,0.0,0.0,0.5,0.333,1.0,0.75,0.25,0.2697,0.0072,3,2
frag_01382,hybrid_optimized_tree,1.0,2.0,28.0,1.0,0.0,0.0,0.5,0.167,1.0,0.857,0.15,0.1788,-0.1201,2,1
frag_01383,source_order_tree,1.0,2.0,30.0,1.0,0.0,0.0,0.5,0.167,1.0,0.857,0.15,0.1808,-0.1181,2,1
frag_01383,evidence_role_tree,2.0,3.0,33.0,2.0,0.0,0.0,0.5,0.333,1.0,0.75,0.25,0.2697,0.0072,3,2
frag_01383,question_intent_tree,2.0,3.0,33.0,2.0,0.0,0.0,0.5,0.333,1.0,0.75,0.25,0.2697,0.0072,3,2
frag_01383,class_objective_tree,2.0,3.0,33.0,2.0,0.0,0.0,0.5,0.333,1.0,0.75,0.25,0.2697,0.0072,3,2
frag_01383,hybrid_optimized_tree,1.0,2.0,28.0,1.0,0.0,0.0,0.5,0.167,1.0,0.857,0.15,0.1788,-0.1201,2,1
frag_01387,source_order_tree,1.0,2.0,14.0,1.0,0.0,0.0,0.0,0.167,1.0,0.857,0.15,0.1148,-0.1841,2,1
frag_01387,evidence_role_tree,2.0,3.0,17.0,2.0,0.0,0.0,0.0,0.333,1.0,0.75,0.25,0.2037,-0.0588,3,2
frag_01387,question_intent_tree,2.0,3.0,17.0,2.0,0.0,0.0,0.0,0.333,1.0,0.75,0.25,0.2037,-0.0588,3,2
frag_01387,class_objective_tree,2.0,3.0,17.0,2.0,0.0,0.0,0.0,0.333,1.0,0.75,0.25,0.2037,-0.0588,3,2
frag_01387,hybrid_optimized_tree,1.0,2.0,12.0,1.0,0.0,0.0,0.0,0.167,1.0,0.857,0.15,0.1128,-0.1861,2,1
frag_01388,source_order_tree,1.0,2.0,14.0,1.0,0.0,0.0,0.0,0.167,1.0,0.857,0.15,0.1148,-0.1841,2,1
frag_01388,evidence_role_tree,2.0,3.0,17.0,2.0,0.0,0.0,0.0,0.333,1.0,0.75,0.25,0.2037,-0.0588,3,2
frag_01388,question_intent_tree,2.0,3.0,17.0,2.0,0.0,0.0,0.0,0.333,1.0,0.75,0.25,0.2037,-0.0588,3,2
frag_01388,class_objective_tree,2.0,3.0,17.0,2.0,0.0,0.0,0.0,0.333,1.0,0.75,0.25,0.2037,-0.0588,3,2
frag_01388,hybrid_optimized_tree,1.0,2.0,12.0,1.0,0.0,0.0,0.0,0.167,1.0,0.857,0.15,0.1128,-0.1861,2,1
frag_01389,source_order_tree,1.217,2.217,13.2,1.217,0.0,0.0,0.0,0.333,1.0,0.75,0.25,0.143,-0.1195,3,2
frag_01389,evidence_role_tree,2.0,3.0,14.7,2.0,0.0,0.0,0.0,0.333,1.0,0.75,0.35,0.2063,-0.0412,5,2
frag_01389,question_intent_tree,2.0,3.0,14.7,2.0,0.0,0.0,0.0,0.333,1.0,0.75,0.35,0.2063,-0.0412,5,2
frag_01389,class_objective_tree,2.0,3.0,14.7,2.0,0.0,0.0,0.0,0.333,1.0,0.75,0.35,0.2063,-0.0412,5,2
frag_01389,hybrid_optimized_tree,1.0,2.0,9.7,1.0,0.0,0.0,0.0,0.167,1.0,0.857,0.2,0.113,-0.1784,3,1
frag_01397,source_order_tree,1.5,3.0,47.0,1.0,0.0,0.0,0.0,0.333,0.5,0.75,0.25,0.2187,0.0312,3,2
frag_01397,evidence_role_tree,2.0,5.0,53.0,3.0,0.0,1.0,0.0,0.333,0.5,0.75,0.35,0.3313,0.1588,5,2
frag_01397,question_intent_tree,2.0,4.0,48.0,2.0,0.0,0.0,0.0,0.333,1.0,0.75,0.3,0.2497,-0.0053,4,2
frag_01397,class_objective_tree,2.0,5.0,53.0,3.0,0.0,1.0,0.0,0.333,0.5,0.75,0.35,0.3313,0.1588,5,2
frag_01397,hybrid_optimized_tree,2.0,4.0,48.0,2.0,0.0,0.0,0.0,0.333,1.0,0.75,0.3,0.2497,-0.0053,4,2
frag_01398,source_order_tree,1.5,3.0,51.0,1.0,0.0,0.0,0.0,0.333,0.5,0.75,0.25,0.2227,0.0352,3,2
frag_01398,evidence_role_tree,2.0,5.0,57.0,3.0,0.0,1.0,0.0,0.333,0.5,0.75,0.35,0.3353,0.1628,5,2
frag_01398,question_intent_tree,2.0,4.0,52.0,2.0,0.0,0.0,0.0,0.333,1.0,0.75,0.3,0.2537,-0.0013,4,2
frag_01398,class_objective_tree,2.0,5.0,57.0,3.0,0.0,1.0,0.0,0.333,0.5,0.75,0.35,0.3353,0.1628,5,2
frag_01398,hybrid_optimized_tree,2.0,4.0,52.0,2.0,0.0,0.0,0.0,0.333,1.0,0.75,0.3,0.2537,-0.0013,4,2
frag_01399,source_order_tree,1.5,3.0,18.0,1.0,0.0,0.0,0.0,0.333,0.5,0.75,0.25,0.1897,0.0022,3,2
frag_01399,evidence_role_tree,2.0,5.0,24.0,3.0,0.0,1.0,0.0,0.333,0.5,0.75,0.35,0.3023,0.1298,5,2
frag_01399,question_intent_tree,2.0,4.0,19.0,2.0,0.0,0.0,0.0,0.333,1.0,0.75,0.3,0.2207,-0.0343,4,2
frag_01399,class_objective_tree,2.0,5.0,24.0,3.0,0.0,1.0,0.0,0.333,0.5,0.75,0.35,0.3023,0.1298,5,2
frag_01399,hybrid_optimized_tree,2.0,4.0,19.0,2.0,0.0,0.0,0.0,0.333,1.0,0.75,0.3,0.2207,-0.0343,4,2
frag_01402,source_order_tree,1.0,2.0,30.0,1.0,0.0,0.0,0.5,0.167,1.0,0.857,0.15,0.1808,-0.1181,2,1
frag_01402,evidence_role_tree,2.0,3.0,33.0,2.0,0.0,0.0,0.5,0.333,1.0,0.75,0.25,0.2697,0.0072,3,2
frag_01402,question_intent_tree,2.0,3.0,33.0,2.0,0.0,0.0,0.5,0.333,1.0,0.75,0.25,0.2697,0.0072,3,2
frag_01402,class_objective_tree,2.0,3.0,33.0,2.0,0.0,0.0,0.5,0.333,1.0,0.75,0.25,0.2697,0.0072,3,2
frag_01402,hybrid_optimized_tree,1.0,2.0,28.0,1.0,0.0,0.0,0.5,0.167,1.0,0.857,0.15,0.1788,-0.1201,2,1
frag_01403,source_order_tree,1.0,2.0,30.0,1.0,0.0,0.0,0.5,0.167,1.0,0.857,0.15,0.1808,-0.1181,2,1
frag_01403,evidence_role_tree,2.0,3.0,33.0,2.0,0.0,0.0,0.5,0.333,1.0,0.75,0.25,0.2697,0.0072,3,2
frag_01403,question_intent_tree,2.0,3.0,33.0,2.0,0.0,0.0,0.5,0.333,1.0,0.75,0.25,0.2697,0.0072,3,2
frag_01403,class_objective_tree,2.0,3.0,33.0,2.0,0.0,0.0,0.5,0.333,1.0,0.75,0.25,0.2697,0.0072,3,2
frag_01403,hybrid_optimized_tree,1.0,2.0,28.0,1.0,0.0,0.0,0.5,0.167,1.0,0.857,0.15,0.1788,-0.1201,2,1
frag_01404,source_order_tree,1.0,2.0,30.0,1.0,0.0,0.0,0.5,0.167,1.0,0.857,0.15,0.1808,-0.1181,2,1
frag_01404,evidence_role_tree,2.0,3.0,33.0,2.0,0.0,0.0,0.5,0.333,1.0,0.75,0.25,0.2697,0.0072,3,2
frag_01404,question_intent_tree,2.0,3.0,33.0,2.0,0.0,0.0,0.5,0.333,1.0,0.75,0.25,0.2697,0.0072,3,2
frag_01404,class_objective_tree,2.0,3.0,33.0,2.0,0.0,0.0,0.5,0.333,1.0,0.75,0.25,0.2697,0.0072,3,2
frag_01404,hybrid_optimized_tree,1.0,2.0,28.0,1.0,0.0,0.0,0.5,0.167,1.0,0.857,0.15,0.1788,-0.1201,2,1
frag_01428,source_order_tree,1.5,3.0,26.0,1.0,0.0,0.0,0.0,0.333,0.5,0.75,0.25,0.1977,0.0102,3,2
frag_01428,evidence_role_tree,2.0,5.0,32.0,3.0,0.0,1.0,0.0,0.333,0.5,0.75,0.35,0.3103,0.1378,5,2
frag_01428,question_intent_tree,2.0,4.0,27.0,2.0,0.0,0.0,0.0,0.333,1.0,0.75,0.3,0.2287,-0.0263,4,2
frag_01428,class_objective_tree,2.0,4.0,27.0,2.0,0.0,0.0,0.0,0.333,1.0,0.75,0.3,0.2287,-0.0263,4,2
frag_01428,hybrid_optimized_tree,2.0,4.0,27.0,2.0,0.0,0.0,0.0,0.333,1.0,0.75,0.3,0.2287,-0.0263,4,2
frag_01430,source_order_tree,1.5,3.0,26.0,1.0,0.0,0.0,0.0,0.333,0.5,0.75,0.25,0.1977,0.0102,3,2
frag_01430,evidence_role_tree,2.0,5.0,32.0,3.0,0.0,1.0,0.0,0.333,0.5,0.75,0.35,0.3103,0.1378,5,2
frag_01430,question_intent_tree,2.0,4.0,27.0,2.0,0.0,0.0,0.0,0.333,1.0,0.75,0.3,0.2287,-0.0263,4,2
frag_01430,class_objective_tree,2.0,4.0,27.0,2.0,0.0,0.0,0.0,0.333,1.0,0.75,0.3,0.2287,-0.0263,4,2
frag_01430,hybrid_optimized_tree,2.0,4.0,27.0,2.0,0.0,0.0,0.0,0.333,1.0,0.75,0.3,0.2287,-0.0263,4,2
frag_01435,source_order_tree,1.0,2.0,11.0,1.0,0.0,0.0,0.0,0.167,1.0,0.857,0.15,0.1118,-0.1871,2,1
frag_01435,evidence_role_tree,2.0,3.0,14.0,2.0,0.0,0.0,0.0,0.333,1.0,0.75,0.25,0.2007,-0.0618,3,2
frag_01435,question_intent_tree,2.0,3.0,14.0,2.0,0.0,0.0,0.0,0.333,1.0,0.75,0.25,0.2007,-0.0618,3,2
frag_01435,class_objective_tree,2.0,3.0,14.0,2.0,0.0,0.0,0.0,0.333,1.0,0.75,0.25,0.2007,-0.0618,3,2
frag_01435,hybrid_optimized_tree,1.0,2.0,9.0,1.0,0.0,0.0,0.0,0.167,1.0,0.857,0.15,0.1098,-0.1891,2,1
frag_01453,source_order_tree,1.0,2.0,13.0,1.0,0.0,0.0,0.0,0.167,1.0,0.857,0.15,0.1138,-0.1851,2,1
frag_01453,evidence_role_tree,2.0,3.0,16.0,2.0,0.0,0.0,0.0,0.333,1.0,0.75,0.25,0.2027,-0.0598,3,2
frag_01453,question_intent_tree,2.0,3.0,16.0,2.0,0.0,0.0,0.0,0.333,1.0,0.75,0.25,0.2027,-0.0598,3,2
frag_01453,class_objective_tree,2.0,3.0,16.0,2.0,0.0,0.0,0.0,0.333,1.0,0.75,0.25,0.2027,-0.0598,3,2
frag_01453,hybrid_optimized_tree,1.0,2.0,11.0,1.0,0.0,0.0,0.0,0.167,1.0,0.857,0.15,0.1118,-0.1871,2,1
frag_01454,source_order_tree,1.5,3.0,19.0,1.0,0.0,0.0,0.0,0.333,0.5,0.75,0.25,0.1907,0.0032,3,2
frag_01454,evidence_role_tree,2.0,5.0,25.0,3.0,0.0,1.0,0.0,0.333,0.5,0.75,0.35,0.3033,0.1308,5,2
frag_01454,question_intent_tree,2.0,4.0,20.0,2.0,0.0,0.0,0.0,0.333,1.0,0.75,0.3,0.2217,-0.0333,4,2
frag_01454,class_objective_tree,2.0,4.0,20.0,2.0,0.0,0.0,0.0,0.333,1.0,0.75,0.3,0.2217,-0.0333,4,2
frag_01454,hybrid_optimized_tree,2.0,4.0,20.0,2.0,0.0,0.0,0.0,0.333,1.0,0.75,0.3,0.2217,-0.0333,4,2
frag_01459,source_order_tree,1.5,3.0,21.0,1.0,0.0,0.0,0.0,0.333,0.5,0.75,0.25,0.1927,0.0052,3,2
frag_01459,evidence_role_tree,2.0,5.0,27.0,3.0,0.0,1.0,0.0,0.333,0.5,0.75,0.35,0.3053,0.1328,5,2
frag_01459,question_intent_tree,2.0,4.0,22.0,2.0,0.0,0.0,0.0,0.333,1.0,0.75,0.3,0.2237,-0.0313,4,2
frag_01459,class_objective_tree,2.0,4.0,22.0,2.0,0.0,0.0,0.0,0.333,1.0,0.75,0.3,0.2237,-0.0313,4,2
frag_01459,hybrid_optimized_tree,2.0,4.0,22.0,2.0,0.0,0.0,0.0,0.333,1.0,0.75,0.3,0.2237,-0.0313,4,2
frag_01464,source_order_tree,1.686,2.915,20.8,1.457,0.0,0.0,0.0,0.5,0.771,0.667,0.35,0.2077,0.0112,4,3
frag_01464,evidence_role_tree,2.0,3.915,21.0,2.457,0.0,0.457,0.0,0.333,0.771,0.75,0.45,0.2573,0.0591,7,2
frag_01464,question_intent_tree,2.0,3.457,18.7,2.0,0.0,0.0,0.0,0.333,1.0,0.75,0.4,0.2186,-0.0214,6,2
frag_01464,class_objective_tree,2.0,3.457,18.7,2.0,0.0,0.0,0.0,0.333,1.0,0.75,0.4,0.2186,-0.0214,6,2
frag_01464,hybrid_optimized_tree,1.457,2.915,16.0,1.457,0.0,0.0,0.0,0.333,1.0,0.75,0.35,0.1741,-0.0734,5,2
frag_01468,source_order_tree,1.0,2.0,11.0,1.0,0.0,0.0,0.0,0.167,1.0,0.857,0.15,0.1118,-0.1871,2,1
frag_01468,evidence_role_tree,2.0,3.0,14.0,2.0,0.0,0.0,0.0,0.333,1.0,0.75,0.25,0.2007,-0.0618,3,2
frag_01468,question_intent_tree,2.0,3.0,14.0,2.0,0.0,0.0,0.0,0.333,1.0,0.75,0.25,0.2007,-0.0618,3,2
frag_01468,class_objective_tree,2.0,3.0,14.0,2.0,0.0,0.0,0.0,0.333,1.0,0.75,0.25,0.2007,-0.0618,3,2
frag_01468,hybrid_optimized_tree,1.0,2.0,9.0,1.0,0.0,0.0,0.0,0.167,1.0,0.857,0.15,0.1098,-0.1891,2,1
frag_01470,source_order_tree,1.0,2.0,13.0,1.0,0.0,0.0,0.0,0.167,1.0,0.857,0.15,0.1138,-0.1851,2,1
frag_01470,evidence_role_tree,2.0,3.0,16.0,2.0,0.0,0.0,0.0,0.333,1.0,0.75,0.25,0.2027,-0.0598,3,2
frag_01470,question_intent_tree,2.0,3.0,16.0,2.0,0.0,0.0,0.0,0.333,1.0,0.75,0.25,0.2027,-0.0598,3,2
frag_01470,class_objective_tree,2.0,3.0,16.0,2.0,0.0,0.0,0.0,0.333,1.0,0.75,0.25,0.2027,-0.0598,3,2
frag_01470,hybrid_optimized_tree,1.0,2.0,11.0,1.0,0.0,0.0,0.0,0.167,1.0,0.857,0.15,0.1118,-0.1871,2,1
frag_01471,source_order_tree,1.5,3.0,19.0,1.0,0.0,0.0,0.0,0.333,0.5,0.75,0.25,0.1907,0.0032,3,2
frag_01471,evidence_role_tree,2.0,5.0,25.0,3.0,0.0,1.0,0.0,0.333,0.5,0.75,0.35,0.3033,0.1308,5,2
frag_01471,question_intent_tree,2.0,4.0,20.0,2.0,0.0,0.0,0.0,0.333,1.0,0.75,0.3,0.2217,-0.0333,4,2
frag_01471,class_objective_tree,2.0,4.0,20.0,2.0,0.0,0.0,0.0,0.333,1.0,0.75,0.3,0.2217,-0.0333,4,2
frag_01471,hybrid_optimized_tree,2.0,4.0,20.0,2.0,0.0,0.0,0.0,0.333,1.0,0.75,0.3,0.2217,-0.0333,4,2
frag_01472,source_order_tree,1.5,3.0,19.0,1.0,0.0,0.0,0.0,0.333,0.5,0.75,0.25,0.1907,0.0032,3,2
frag_01472,evidence_role_tree,2.0,5.0,25.0,3.0,0.0,1.0,0.0,0.333,0.5,0.75,0.35,0.3033,0.1308,5,2
frag_01472,question_intent_tree,2.0,4.0,20.0,2.0,0.0,0.0,0.0,0.333,1.0,0.75,0.3,0.2217,-0.0333,4,2
frag_01472,class_objective_tree,2.0,4.0,20.0,2.0,0.0,0.0,0.0,0.333,1.0,0.75,0.3,0.2217,-0.0333,4,2
frag_01472,hybrid_optimized_tree,2.0,4.0,20.0,2.0,0.0,0.0,0.0,0.333,1.0,0.75,0.3,0.2217,-0.0333,4,2
frag_01488,source_order_tree,1.0,2.0,30.0,1.0,0.0,0.0,0.5,0.167,1.0,0.857,0.15,0.1808,-0.1181,2,1
frag_01488,evidence_role_tree,2.0,3.0,33.0,2.0,0.0,0.0,0.5,0.333,1.0,0.75,0.25,0.2697,0.0072,3,2
frag_01488,question_intent_tree,2.0,3.0,33.0,2.0,0.0,0.0,0.5,0.333,1.0,0.75,0.25,0.2697,0.0072,3,2
frag_01488,class_objective_tree,2.0,3.0,33.0,2.0,0.0,0.0,0.5,0.333,1.0,0.75,0.25,0.2697,0.0072,3,2
frag_01488,hybrid_optimized_tree,1.0,2.0,28.0,1.0,0.0,0.0,0.5,0.167,1.0,0.857,0.15,0.1788,-0.1201,2,1
frag_01490,source_order_tree,1.0,2.0,30.0,1.0,0.0,0.0,0.5,0.167,1.0,0.857,0.15,0.1808,-0.1181,2,1
frag_01490,evidence_role_tree,2.0,3.0,33.0,2.0,0.0,0.0,0.5,0.333,1.0,0.75,0.25,0.2697,0.0072,3,2
frag_01490,question_intent_tree,2.0,3.0,33.0,2.0,0.0,0.0,0.5,0.333,1.0,0.75,0.25,0.2697,0.0072,3,2
frag_01490,class_objective_tree,2.0,3.0,33.0,2.0,0.0,0.0,0.5,0.333,1.0,0.75,0.25,0.2697,0.0072,3,2
frag_01490,hybrid_optimized_tree,1.0,2.0,28.0,1.0,0.0,0.0,0.5,0.167,1.0,0.857,0.15,0.1788,-0.1201,2,1
frag_01491,source_order_tree,1.0,2.0,16.0,1.0,0.0,0.0,0.0,0.167,1.0,0.857,0.15,0.1168,-0.1821,2,1
frag_01491,evidence_role_tree,2.0,3.0,19.0,2.0,0.0,0.0,0.0,0.333,1.0,0.75,0.25,0.2057,-0.0568,3,2
frag_01491,question_intent_tree,2.0,3.0,19.0,2.0,0.0,0.0,0.0,0.333,1.0,0.75,0.25,0.2057,-0.0568,3,2
frag_01491,class_objective_tree,2.0,3.0,19.0,2.0,0.0,0.0,0.0,0.333,1.0,0.75,0.25,0.2057,-0.0568,3,2
frag_01491,hybrid_optimized_tree,1.0,2.0,14.0,1.0,0.0,0.0,0.0,0.167,1.0,0.857,0.15,0.1148,-0.1841,2,1
frag_01492,source_order_tree,1.5,3.0,18.0,1.0,0.0,0.0,0.0,0.333,0.5,0.75,0.25,0.1897,0.0022,3,2
frag_01492,evidence_role_tree,2.0,5.0,24.0,3.0,0.0,1.0,0.0,0.333,0.5,0.75,0.35,0.3023,0.1298,5,2
frag_01492,question_intent_tree,2.0,4.0,19.0,2.0,0.0,0.0,0.0,0.333,1.0,0.75,0.3,0.2207,-0.0343,4,2
frag_01492,class_objective_tree,2.0,5.0,24.0,3.0,0.0,1.0,0.0,0.333,0.5,0.75,0.35,0.3023,0.1298,5,2
frag_01492,hybrid_optimized_tree,2.0,4.0,19.0,2.0,0.0,0.0,0.0,0.333,1.0,0.75,0.3,0.2207,-0.0343,4,2
frag_01493,source_order_tree,2.156,3.437,30.4,1.875,0.0,0.0,0.0,0.5,0.719,0.667,0.35,0.2536,0.065,4,3
frag_01493,evidence_role_tree,2.0,4.125,25.4,2.563,0.0,0.563,0.0,0.333,0.719,0.75,0.45,0.2709,0.0806,7,2
frag_01493,question_intent_tree,2.0,3.563,22.6,2.0,0.0,0.0,0.0,0.333,1.0,0.75,0.4,0.2238,-0.0162,6,2
frag_01493,class_objective_tree,2.0,3.563,22.6,2.0,0.0,0.0,0.0,0.333,1.0,0.75,0.4,0.2238,-0.0162,6,2
frag_01493,hybrid_optimized_tree,1.563,3.125,20.4,1.563,0.0,0.0,0.0,0.333,1.0,0.75,0.35,0.1874,-0.0601,5,2
frag_01494,source_order_tree,1.5,3.0,26.0,1.0,0.0,0.0,0.0,0.333,0.5,0.75,0.25,0.1977,0.0102,3,2
frag_01494,evidence_role_tree,2.0,5.0,32.0,3.0,0.0,1.0,0.0,0.333,0.5,0.75,0.35,0.3103,0.1378,5,2
frag_01494,question_intent_tree,2.0,4.0,27.0,2.0,0.0,0.0,0.0,0.333,1.0,0.75,0.3,0.2287,-0.0263,4,2
frag_01494,class_objective_tree,2.0,4.0,27.0,2.0,0.0,0.0,0.0,0.333,1.0,0.75,0.3,0.2287,-0.0263,4,2
frag_01494,hybrid_optimized_tree,2.0,4.0,27.0,2.0,0.0,0.0,0.0,0.333,1.0,0.75,0.3,0.2287,-0.0263,4,2
frag_01499,source_order_tree,1.5,3.0,20.0,1.0,0.0,0.0,0.0,0.333,0.5,0.75,0.25,0.1917,0.0042,3,2
frag_01499,evidence_role_tree,2.0,5.0,26.0,3.0,0.0,1.0,0.0,0.333,0.5,0.75,0.35,0.3043,0.1318,5,2
frag_01499,question_intent_tree,2.0,4.0,21.0,2.0,0.0,0.0,0.0,0.333,1.0,0.75,0.3,0.2227,-0.0323,4,2
frag_01499,class_objective_tree,2.0,4.0,21.0,2.0,0.0,0.0,0.0,0.333,1.0,0.75,0.3,0.2227,-0.0323,4,2
frag_01499,hybrid_optimized_tree,2.0,4.0,21.0,2.0,0.0,0.0,0.0,0.333,1.0,0.75,0.3,0.2227,-0.0323,4,2
frag_01500,source_order_tree,1.686,2.915,19.3,1.457,0.0,0.0,0.0,0.5,0.771,0.667,0.35,0.2063,0.0098,4,3
frag_01500,evidence_role_tree,2.0,3.915,20.0,2.457,0.0,0.457,0.0,0.333,0.771,0.75,0.45,0.2563,0.0581,7,2
frag_01500,question_intent_tree,2.0,3.457,17.7,2.0,0.0,0.0,0.0,0.333,1.0,0.75,0.4,0.2176,-0.0224,6,2
frag_01500,class_objective_tree,2.0,3.457,17.7,2.0,0.0,0.0,0.0,0.333,1.0,0.75,0.4,0.2176,-0.0224,6,2
frag_01500,hybrid_optimized_tree,1.457,2.915,15.0,1.457,0.0,0.0,0.0,0.333,1.0,0.75,0.35,0.1731,-0.0744,5,2
frag_01504,source_order_tree,1.0,2.0,30.0,1.0,0.0,0.0,0.5,0.167,1.0,0.857,0.15,0.1808,-0.1181,2,1
frag_01504,evidence_role_tree,2.0,3.0,33.0,2.0,0.0,0.0,0.5,0.333,1.0,0.75,0.25,0.2697,0.0072,3,2
frag_01504,question_intent_tree,2.0,3.0,33.0,2.0,0.0,0.0,0.5,0.333,1.0,0.75,0.25,0.2697,0.0072,3,2
frag_01504,class_objective_tree,2.0,3.0,33.0,2.0,0.0,0.0,0.5,0.333,1.0,0.75,0.25,0.2697,0.0072,3,2
frag_01504,hybrid_optimized_tree,1.0,2.0,28.0,1.0,0.0,0.0,0.5,0.167,1.0,0.857,0.15,0.1788,-0.1201,2,1
frag_01506,source_order_tree,1.0,2.0,30.0,1.0,0.0,0.0,0.5,0.167,1.0,0.857,0.15,0.1808,-0.1181,2,1
frag_01506,evidence_role_tree,2.0,3.0,33.0,2.0,0.0,0.0,0.5,0.333,1.0,0.75,0.25,0.2697,0.0072,3,2
frag_01506,question_intent_tree,2.0,3.0,33.0,2.0,0.0,0.0,0.5,0.333,1.0,0.75,0.25,0.2697,0.0072,3,2
frag_01506,class_objective_tree,2.0,3.0,33.0,2.0,0.0,0.0,0.5,0.333,1.0,0.75,0.25,0.2697,0.0072,3,2
frag_01506,hybrid_optimized_tree,1.0,2.0,28.0,1.0,0.0,0.0,0.5,0.167,1.0,0.857,0.15,0.1788,-0.1201,2,1
frag_01537,source_order_tree,1.5,3.0,18.0,1.0,0.0,0.0,0.0,0.333,0.5,0.75,0.25,0.1897,0.0022,3,2
frag_01537,evidence_role_tree,2.0,5.0,24.0,3.0,0.0,1.0,0.0,0.333,0.5,0.75,0.35,0.3023,0.1298,5,2
frag_01537,question_intent_tree,2.0,4.0,19.0,2.0,0.0,0.0,0.0,0.333,1.0,0.75,0.3,0.2207,-0.0343,4,2
frag_01537,class_objective_tree,2.0,5.0,24.0,3.0,0.0,1.0,0.0,0.333,0.5,0.75,0.35,0.3023,0.1298,5,2
frag_01537,hybrid_optimized_tree,2.0,4.0,19.0,2.0,0.0,0.0,0.0,0.333,1.0,0.75,0.3,0.2207,-0.0343,4,2
frag_01541,source_order_tree,1.0,2.0,14.0,1.0,0.0,0.0,0.0,0.167,1.0,0.857,0.15,0.1148,-0.1841,2,1
frag_01541,evidence_role_tree,2.0,3.0,17.0,2.0,0.0,0.0,0.0,0.333,1.0,0.75,0.25,0.2037,-0.0588,3,2
frag_01541,question_intent_tree,2.0,3.0,17.0,2.0,0.0,0.0,0.0,0.333,1.0,0.75,0.25,0.2037,-0.0588,3,2
frag_01541,class_objective_tree,2.0,3.0,17.0,2.0,0.0,0.0,0.0,0.333,1.0,0.75,0.25,0.2037,-0.0588,3,2
frag_01541,hybrid_optimized_tree,1.0,2.0,12.0,1.0,0.0,0.0,0.0,0.167,1.0,0.857,0.15,0.1128,-0.1861,2,1
frag_01542,source_order_tree,1.217,2.217,15.2,1.217,0.0,0.0,0.0,0.333,1.0,0.75,0.25,0.145,-0.1175,3,2
frag_01542,evidence_role_tree,2.0,3.0,16.2,2.0,0.0,0.0,0.0,0.333,1.0,0.75,0.35,0.2079,-0.0396,5,2
frag_01542,question_intent_tree,2.0,3.0,16.2,2.0,0.0,0.0,0.0,0.333,1.0,0.75,0.35,0.2079,-0.0396,5,2
frag_01542,class_objective_tree,2.0,3.0,16.2,2.0,0.0,0.0,0.0,0.333,1.0,0.75,0.35,0.2079,-0.0396,5,2
frag_01542,hybrid_optimized_tree,1.0,2.0,11.2,1.0,0.0,0.0,0.0,0.167,1.0,0.857,0.2,0.1146,-0.1769,3,1
frag_01543,source_order_tree,1.0,2.0,11.0,1.0,0.0,0.0,0.0,0.167,1.0,0.857,0.15,0.1118,-0.1871,2,1
frag_01543,evidence_role_tree,2.0,3.0,14.0,2.0,0.0,0.0,0.0,0.333,1.0,0.75,0.25,0.2007,-0.0618,3,2
frag_01543,question_intent_tree,2.0,3.0,14.0,2.0,0.0,0.0,0.0,0.333,1.0,0.75,0.25,0.2007,-0.0618,3,2
frag_01543,class_objective_tree,2.0,3.0,14.0,2.0,0.0,0.0,0.0,0.333,1.0,0.75,0.25,0.2007,-0.0618,3,2
frag_01543,hybrid_optimized_tree,1.0,2.0,9.0,1.0,0.0,0.0,0.0,0.167,1.0,0.857,0.15,0.1098,-0.1891,2,1
frag_01544,source_order_tree,1.0,2.0,30.0,1.0,0.0,0.0,0.5,0.167,1.0,0.857,0.15,0.1808,-0.1181,2,1
frag_01544,evidence_role_tree,2.0,3.0,33.0,2.0,0.0,0.0,0.5,0.333,1.0,0.75,0.25,0.2697,0.0072,3,2
frag_01544,question_intent_tree,2.0,3.0,33.0,2.0,0.0,0.0,0.5,0.333,1.0,0.75,0.25,0.2697,0.0072,3,2
frag_01544,class_objective_tree,2.0,3.0,33.0,2.0,0.0,0.0,0.5,0.333,1.0,0.75,0.25,0.2697,0.0072,3,2
frag_01544,hybrid_optimized_tree,1.0,2.0,28.0,1.0,0.0,0.0,0.5,0.167,1.0,0.857,0.15,0.1788,-0.1201,2,1
frag_01545,source_order_tree,1.0,2.0,30.0,1.0,0.0,0.0,0.5,0.167,1.0,0.857,0.15,0.1808,-0.1181,2,1
frag_01545,evidence_role_tree,2.0,3.0,33.0,2.0,0.0,0.0,0.5,0.333,1.0,0.75,0.25,0.2697,0.0072,3,2
frag_01545,question_intent_tree,2.0,3.0,33.0,2.0,0.0,0.0,0.5,0.333,1.0,0.75,0.25,0.2697,0.0072,3,2
frag_01545,class_objective_tree,2.0,3.0,33.0,2.0,0.0,0.0,0.5,0.333,1.0,0.75,0.25,0.2697,0.0072,3,2
frag_01545,hybrid_optimized_tree,1.0,2.0,28.0,1.0,0.0,0.0,0.5,0.167,1.0,0.857,0.15,0.1788,-0.1201,2,1
frag_01548,source_order_tree,1.0,2.0,30.0,1.0,0.0,0.0,0.5,0.167,1.0,0.857,0.15,0.1808,-0.1181,2,1
frag_01548,evidence_role_tree,2.0,3.0,33.0,2.0,0.0,0.0,0.5,0.333,1.0,0.75,0.25,0.2697,0.0072,3,2
frag_01548,question_intent_tree,2.0,3.0,33.0,2.0,0.0,0.0,0.5,0.333,1.0,0.75,0.25,0.2697,0.0072,3,2
frag_01548,class_objective_tree,2.0,3.0,33.0,2.0,0.0,0.0,0.5,0.333,1.0,0.75,0.25,0.2697,0.0072,3,2
frag_01548,hybrid_optimized_tree,1.0,2.0,28.0,1.0,0.0,0.0,0.5,0.167,1.0,0.857,0.15,0.1788,-0.1201,2,1
frag_01551,source_order_tree,1.0,2.0,12.0,1.0,0.0,0.0,0.0,0.167,1.0,0.857,0.15,0.1128,-0.1861,2,1
frag_01551,evidence_role_tree,2.0,3.0,15.0,2.0,0.0,0.0,0.0,0.333,1.0,0.75,0.25,0.2017,-0.0608,3,2
frag_01551,question_intent_tree,2.0,3.0,15.0,2.0,0.0,0.0,0.0,0.333,1.0,0.75,0.25,0.2017,-0.0608,3,2
frag_01551,class_objective_tree,2.0,3.0,15.0,2.0,0.0,0.0,0.0,0.333,1.0,0.75,0.25,0.2017,-0.0608,3,2
frag_01551,hybrid_optimized_tree,1.0,2.0,10.0,1.0,0.0,0.0,0.0,0.167,1.0,0.857,0.15,0.1108,-0.1881,2,1
frag_01552,source_order_tree,1.0,2.0,28.0,1.0,0.0,0.0,0.5,0.167,1.0,0.857,0.15,0.1788,-0.1201,2,1
frag_01552,evidence_role_tree,2.0,3.0,31.0,2.0,0.0,0.0,0.5,0.333,1.0,0.75,0.25,0.2677,0.0052,3,2
frag_01552,question_intent_tree,2.0,3.0,31.0,2.0,0.0,0.0,0.5,0.333,1.0,0.75,0.25,0.2677,0.0052,3,2
frag_01552,class_objective_tree,2.0,3.0,31.0,2.0,0.0,0.0,0.5,0.333,1.0,0.75,0.25,0.2677,0.0052,3,2
frag_01552,hybrid_optimized_tree,1.0,2.0,26.0,1.0,0.0,0.0,0.5,0.167,1.0,0.857,0.15,0.1768,-0.1221,2,1
frag_01554,source_order_tree,1.5,3.0,26.0,1.0,0.0,0.0,0.0,0.333,0.5,0.75,0.25,0.1977,0.0102,3,2
frag_01554,evidence_role_tree,2.0,5.0,32.0,3.0,0.0,1.0,0.0,0.333,0.5,0.75,0.35,0.3103,0.1378,5,2
frag_01554,question_intent_tree,2.0,4.0,27.0,2.0,0.0,0.0,0.0,0.333,1.0,0.75,0.3,0.2287,-0.0263,4,2
frag_01554,class_objective_tree,2.0,4.0,27.0,2.0,0.0,0.0,0.0,0.333,1.0,0.75,0.3,0.2287,-0.0263,4,2
frag_01554,hybrid_optimized_tree,2.0,4.0,27.0,2.0,0.0,0.0,0.0,0.333,1.0,0.75,0.3,0.2287,-0.0263,4,2
frag_01555,source_order_tree,1.5,3.0,26.0,1.0,0.0,0.0,0.0,0.333,0.5,0.75,0.25,0.1977,0.0102,3,2
frag_01555,evidence_role_tree,2.0,5.0,32.0,3.0,0.0,1.0,0.0,0.333,0.5,0.75,0.35,0.3103,0.1378,5,2
frag_01555,question_intent_tree,2.0,4.0,27.0,2.0,0.0,0.0,0.0,0.333,1.0,0.75,0.3,0.2287,-0.0263,4,2
frag_01555,class_objective_tree,2.0,4.0,27.0,2.0,0.0,0.0,0.0,0.333,1.0,0.75,0.3,0.2287,-0.0263,4,2
frag_01555,hybrid_optimized_tree,2.0,4.0,27.0,2.0,0.0,0.0,0.0,0.333,1.0,0.75,0.3,0.2287,-0.0263,4,2
frag_01557,source_order_tree,2.477,3.652,42.9,2.303,0.0,0.0,0.326,0.5,0.826,0.667,0.35,0.3175,0.1128,4,3
frag_01557,evidence_role_tree,2.0,3.697,32.7,2.348,0.0,0.348,0.326,0.333,0.826,0.75,0.45,0.2921,0.0857,7,2
frag_01557,question_intent_tree,2.0,3.348,30.9,2.0,0.0,0.0,0.326,0.333,1.0,0.75,0.4,0.262,0.022,6,2
frag_01557,class_objective_tree,2.0,3.348,30.9,2.0,0.0,0.0,0.326,0.333,1.0,0.75,0.4,0.262,0.022,6,2
frag_01557,hybrid_optimized_tree,1.348,2.697,27.7,1.348,0.0,0.0,0.326,0.333,1.0,0.75,0.35,0.209,-0.0385,5,2
frag_01559,source_order_tree,1.0,2.0,30.0,1.0,0.0,0.0,0.5,0.167,1.0,0.857,0.15,0.1808,-0.1181,2,1
frag_01559,evidence_role_tree,2.0,3.0,33.0,2.0,0.0,0.0,0.5,0.333,1.0,0.75,0.25,0.2697,0.0072,3,2
frag_01559,question_intent_tree,2.0,3.0,33.0,2.0,0.0,0.0,0.5,0.333,1.0,0.75,0.25,0.2697,0.0072,3,2
frag_01559,class_objective_tree,2.0,3.0,33.0,2.0,0.0,0.0,0.5,0.333,1.0,0.75,0.25,0.2697,0.0072,3,2
frag_01559,hybrid_optimized_tree,1.0,2.0,28.0,1.0,0.0,0.0,0.5,0.167,1.0,0.857,0.15,0.1788,-0.1201,2,1
frag_01560,source_order_tree,1.5,3.0,26.0,1.0,0.0,0.0,0.0,0.333,0.5,0.75,0.25,0.1977,0.0102,3,2
frag_01560,evidence_role_tree,2.0,5.0,32.0,3.0,0.0,1.0,0.0,0.333,0.5,0.75,0.35,0.3103,0.1378,5,2
frag_01560,question_intent_tree,2.0,4.0,27.0,2.0,0.0,0.0,0.0,0.333,1.0,0.75,0.3,0.2287,-0.0263,4,2
frag_01560,class_objective_tree,2.0,4.0,27.0,2.0,0.0,0.0,0.0,0.333,1.0,0.75,0.3,0.2287,-0.0263,4,2
frag_01560,hybrid_optimized_tree,2.0,4.0,27.0,2.0,0.0,0.0,0.0,0.333,1.0,0.75,0.3,0.2287,-0.0263,4,2
frag_01561,source_order_tree,1.0,2.0,30.0,1.0,0.0,0.0,0.5,0.167,1.0,0.857,0.15,0.1808,-0.1181,2,1
frag_01561,evidence_role_tree,2.0,3.0,33.0,2.0,0.0,0.0,0.5,0.333,1.0,0.75,0.25,0.2697,0.0072,3,2
frag_01561,question_intent_tree,2.0,3.0,33.0,2.0,0.0,0.0,0.5,0.333,1.0,0.75,0.25,0.2697,0.0072,3,2
frag_01561,class_objective_tree,2.0,3.0,33.0,2.0,0.0,0.0,0.5,0.333,1.0,0.75,0.25,0.2697,0.0072,3,2
frag_01561,hybrid_optimized_tree,1.0,2.0,28.0,1.0,0.0,0.0,0.5,0.167,1.0,0.857,0.15,0.1788,-0.1201,2,1
frag_01565,source_order_tree,1.0,2.0,11.0,1.0,0.0,0.0,0.0,0.167,1.0,0.857,0.15,0.1118,-0.1871,2,1
frag_01565,evidence_role_tree,2.0,3.0,14.0,2.0,0.0,0.0,0.0,0.333,1.0,0.75,0.25,0.2007,-0.0618,3,2
frag_01565,question_intent_tree,2.0,3.0,14.0,2.0,0.0,0.0,0.0,0.333,1.0,0.75,0.25,0.2007,-0.0618,3,2
frag_01565,class_objective_tree,2.0,3.0,14.0,2.0,0.0,0.0,0.0,0.333,1.0,0.75,0.25,0.2007,-0.0618,3,2
frag_01565,hybrid_optimized_tree,1.0,2.0,9.0,1.0,0.0,0.0,0.0,0.167,1.0,0.857,0.15,0.1098,-0.1891,2,1
frag_01566,source_order_tree,1.0,2.0,12.0,1.0,0.0,0.0,0.0,0.167,1.0,0.857,0.15,0.1128,-0.1861,2,1
frag_01566,evidence_role_tree,2.0,3.0,15.0,2.0,0.0,0.0,0.0,0.333,1.0,0.75,0.25,0.2017,-0.0608,3,2
frag_01566,question_intent_tree,2.0,3.0,15.0,2.0,0.0,0.0,0.0,0.333,1.0,0.75,0.25,0.2017,-0.0608,3,2
frag_01566,class_objective_tree,2.0,3.0,15.0,2.0,0.0,0.0,0.0,0.333,1.0,0.75,0.25,0.2017,-0.0608,3,2
frag_01566,hybrid_optimized_tree,1.0,2.0,10.0,1.0,0.0,0.0,0.0,0.167,1.0,0.857,0.15,0.1108,-0.1881,2,1
frag_01567,source_order_tree,1.5,3.0,20.0,1.0,0.0,0.0,0.0,0.333,0.5,0.75,0.25,0.1917,0.0042,3,2
frag_01567,evidence_role_tree,2.0,5.0,26.0,3.0,0.0,1.0,0.0,0.333,0.5,0.75,0.35,0.3043,0.1318,5,2
frag_01567,question_intent_tree,2.0,4.0,21.0,2.0,0.0,0.0,0.0,0.333,1.0,0.75,0.3,0.2227,-0.0323,4,2
frag_01567,class_objective_tree,2.0,4.0,21.0,2.0,0.0,0.0,0.0,0.333,1.0,0.75,0.3,0.2227,-0.0323,4,2
frag_01567,hybrid_optimized_tree,2.0,4.0,21.0,2.0,0.0,0.0,0.0,0.333,1.0,0.75,0.3,0.2227,-0.0323,4,2
frag_01568,source_order_tree,1.0,2.0,30.0,1.0,0.0,0.0,0.5,0.167,1.0,0.857,0.15,0.1808,-0.1181,2,1
frag_01568,evidence_role_tree,2.0,3.0,33.0,2.0,0.0,0.0,0.5,0.333,1.0,0.75,0.25,0.2697,0.0072,3,2
frag_01568,question_intent_tree,2.0,3.0,33.0,2.0,0.0,0.0,0.5,0.333,1.0,0.75,0.25,0.2697,0.0072,3,2
frag_01568,class_objective_tree,2.0,3.0,33.0,2.0,0.0,0.0,0.5,0.333,1.0,0.75,0.25,0.2697,0.0072,3,2
frag_01568,hybrid_optimized_tree,1.0,2.0,28.0,1.0,0.0,0.0,0.5,0.167,1.0,0.857,0.15,0.1788,-0.1201,2,1
frag_01582,source_order_tree,1.0,2.0,23.0,1.0,0.0,0.0,0.5,0.167,1.0,0.857,0.15,0.1738,-0.1251,2,1
frag_01582,evidence_role_tree,2.0,3.0,26.0,2.0,0.0,0.0,0.5,0.333,1.0,0.75,0.25,0.2627,0.0002,3,2
frag_01582,question_intent_tree,2.0,3.0,26.0,2.0,0.0,0.0,0.5,0.333,1.0,0.75,0.25,0.2627,0.0002,3,2
frag_01582,class_objective_tree,2.0,3.0,26.0,2.0,0.0,0.0,0.5,0.333,1.0,0.75,0.25,0.2627,0.0002,3,2
frag_01582,hybrid_optimized_tree,1.0,2.0,21.0,1.0,0.0,0.0,0.5,0.167,1.0,0.857,0.15,0.1718,-0.1271,2,1
frag_01586,source_order_tree,1.0,2.0,11.0,1.0,0.0,0.0,0.0,0.167,1.0,0.857,0.15,0.1118,-0.1871,2,1
frag_01586,evidence_role_tree,2.0,3.0,14.0,2.0,0.0,0.0,0.0,0.333,1.0,0.75,0.25,0.2007,-0.0618,3,2
frag_01586,question_intent_tree,2.0,3.0,14.0,2.0,0.0,0.0,0.0,0.333,1.0,0.75,0.25,0.2007,-0.0618,3,2
frag_01586,class_objective_tree,2.0,3.0,14.0,2.0,0.0,0.0,0.0,0.333,1.0,0.75,0.25,0.2007,-0.0618,3,2
frag_01586,hybrid_optimized_tree,1.0,2.0,9.0,1.0,0.0,0.0,0.0,0.167,1.0,0.857,0.15,0.1098,-0.1891,2,1
frag_01587,source_order_tree,1.0,2.0,11.0,1.0,0.0,0.0,0.0,0.167,1.0,0.857,0.15,0.1118,-0.1871,2,1
frag_01587,evidence_role_tree,2.0,3.0,14.0,2.0,0.0,0.0,0.0,0.333,1.0,0.75,0.25,0.2007,-0.0618,3,2
frag_01587,question_intent_tree,2.0,3.0,14.0,2.0,0.0,0.0,0.0,0.333,1.0,0.75,0.25,0.2007,-0.0618,3,2
frag_01587,class_objective_tree,2.0,3.0,14.0,2.0,0.0,0.0,0.0,0.333,1.0,0.75,0.25,0.2007,-0.0618,3,2
frag_01587,hybrid_optimized_tree,1.0,2.0,9.0,1.0,0.0,0.0,0.0,0.167,1.0,0.857,0.15,0.1098,-0.1891,2,1
frag_01595,source_order_tree,1.5,3.0,20.0,1.0,0.0,0.0,0.0,0.333,0.5,0.75,0.25,0.1917,0.0042,3,2
frag_01595,evidence_role_tree,2.0,5.0,26.0,3.0,0.0,1.0,0.0,0.333,0.5,0.75,0.35,0.3043,0.1318,5,2
frag_01595,question_intent_tree,2.0,4.0,21.0,2.0,0.0,0.0,0.0,0.333,1.0,0.75,0.3,0.2227,-0.0323,4,2
frag_01595,class_objective_tree,2.0,4.0,21.0,2.0,0.0,0.0,0.0,0.333,1.0,0.75,0.3,0.2227,-0.0323,4,2
frag_01595,hybrid_optimized_tree,2.0,4.0,21.0,2.0,0.0,0.0,0.0,0.333,1.0,0.75,0.3,0.2227,-0.0323,4,2
frag_01596,source_order_tree,1.0,2.0,12.0,1.0,0.0,0.0,0.0,0.167,1.0,0.857,0.15,0.1128,-0.1861,2,1
frag_01596,evidence_role_tree,2.0,3.0,15.0,2.0,0.0,0.0,0.0,0.333,1.0,0.75,0.25,0.2017,-0.0608,3,2
frag_01596,question_intent_tree,2.0,3.0,15.0,2.0,0.0,0.0,0.0,0.333,1.0,0.75,0.25,0.2017,-0.0608,3,2
frag_01596,class_objective_tree,2.0,3.0,15.0,2.0,0.0,0.0,0.0,0.333,1.0,0.75,0.25,0.2017,-0.0608,3,2
frag_01596,hybrid_optimized_tree,1.0,2.0,10.0,1.0,0.0,0.0,0.0,0.167,1.0,0.857,0.15,0.1108,-0.1881,2,1
frag_01601,source_order_tree,1.5,3.0,18.0,1.0,0.0,0.0,0.0,0.333,0.5,0.75,0.25,0.1897,0.0022,3,2
frag_01601,evidence_role_tree,2.0,5.0,24.0,3.0,0.0,1.0,0.0,0.333,0.5,0.75,0.35,0.3023,0.1298,5,2
frag_01601,question_intent_tree,2.0,4.0,19.0,2.0,0.0,0.0,0.0,0.333,1.0,0.75,0.3,0.2207,-0.0343,4,2
frag_01601,class_objective_tree,2.0,5.0,24.0,3.0,0.0,1.0,0.0,0.333,0.5,0.75,0.35,0.3023,0.1298,5,2
frag_01601,hybrid_optimized_tree,2.0,4.0,19.0,2.0,0.0,0.0,0.0,0.333,1.0,0.75,0.3,0.2207,-0.0343,4,2
frag_01607,source_order_tree,1.5,3.0,22.0,1.0,0.0,0.0,0.0,0.333,0.5,0.75,0.25,0.1937,0.0062,3,2
frag_01607,evidence_role_tree,2.0,5.0,28.0,3.0,0.0,1.0,0.0,0.333,0.5,0.75,0.35,0.3063,0.1338,5,2
frag_01607,question_intent_tree,2.0,4.0,23.0,2.0,0.0,0.0,0.0,0.333,1.0,0.75,0.3,0.2247,-0.0303,4,2
frag_01607,class_objective_tree,2.0,4.0,23.0,2.0,0.0,0.0,0.0,0.333,1.0,0.75,0.3,0.2247,-0.0303,4,2
frag_01607,hybrid_optimized_tree,2.0,4.0,23.0,2.0,0.0,0.0,0.0,0.333,1.0,0.75,0.3,0.2247,-0.0303,4,2
frag_01610,source_order_tree,1.745,3.163,20.1,1.327,0.0,0.0,0.0,0.5,0.582,0.667,0.35,0.2194,0.0514,4,3
frag_01610,evidence_role_tree,2.0,4.673,23.2,2.837,0.0,0.837,0.0,0.333,0.582,0.75,0.45,0.2924,0.1226,7,2
frag_01610,question_intent_tree,2.0,3.837,19.0,2.0,0.0,0.0,0.0,0.333,1.0,0.75,0.4,0.2236,-0.0164,6,2
frag_01610,class_objective_tree,2.0,3.837,19.0,2.0,0.0,0.0,0.0,0.333,1.0,0.75,0.4,0.2236,-0.0164,6,2
frag_01610,hybrid_optimized_tree,1.837,3.673,18.2,1.837,0.0,0.0,0.0,0.333,1.0,0.75,0.35,0.2085,-0.039,5,2
frag_01612,source_order_tree,2.8,4.071,26.9,2.529,0.0,0.0,0.0,1.0,0.729,0.5,0.65,0.3364,0.2245,7,6
frag_01612,evidence_role_tree,2.0,4.083,20.1,2.542,0.0,0.542,0.0,0.333,0.729,0.75,0.75,0.2788,0.1319,13,2
frag_01612,question_intent_tree,2.0,3.542,17.4,2.0,0.0,0.0,0.0,0.333,1.0,0.75,0.65,0.2309,0.0284,11,2
frag_01612,class_objective_tree,2.0,3.542,17.4,2.0,0.0,0.0,0.0,0.333,1.0,0.75,0.55,0.2259,0.0084,9,2
frag_01612,hybrid_optimized_tree,1.542,3.083,15.1,1.542,0.0,0.0,0.0,0.333,1.0,0.75,0.55,0.1904,-0.0271,9,2
frag_01616,source_order_tree,1.686,2.915,20.2,1.457,0.0,0.0,0.0,0.5,0.771,0.667,0.35,0.2072,0.0107,4,3
frag_01616,evidence_role_tree,2.0,3.915,20.9,2.457,0.0,0.457,0.0,0.333,0.771,0.75,0.45,0.2573,0.0591,7,2
frag_01616,question_intent_tree,2.0,3.457,18.7,2.0,0.0,0.0,0.0,0.333,1.0,0.75,0.4,0.2185,-0.0215,6,2
frag_01616,class_objective_tree,2.0,3.457,18.7,2.0,0.0,0.0,0.0,0.333,1.0,0.75,0.4,0.2185,-0.0215,6,2
frag_01616,hybrid_optimized_tree,1.457,2.915,15.9,1.457,0.0,0.0,0.0,0.333,1.0,0.75,0.35,0.174,-0.0735,5,2
frag_01617,source_order_tree,1.0,2.0,11.0,1.0,0.0,0.0,0.0,0.167,1.0,0.857,0.15,0.1118,-0.1871,2,1
frag_01617,evidence_role_tree,2.0,3.0,14.0,2.0,0.0,0.0,0.0,0.333,1.0,0.75,0.25,0.2007,-0.0618,3,2
frag_01617,question_intent_tree,2.0,3.0,14.0,2.0,0.0,0.0,0.0,0.333,1.0,0.75,0.25,0.2007,-0.0618,3,2
frag_01617,class_objective_tree,2.0,3.0,14.0,2.0,0.0,0.0,0.0,0.333,1.0,0.75,0.25,0.2007,-0.0618,3,2
frag_01617,hybrid_optimized_tree,1.0,2.0,9.0,1.0,0.0,0.0,0.0,0.167,1.0,0.857,0.15,0.1098,-0.1891,2,1
frag_01618,source_order_tree,1.0,2.0,13.0,1.0,0.0,0.0,0.0,0.167,1.0,0.857,0.15,0.1138,-0.1851,2,1
frag_01618,evidence_role_tree,2.0,3.0,16.0,2.0,0.0,0.0,0.0,0.333,1.0,0.75,0.25,0.2027,-0.0598,3,2
frag_01618,question_intent_tree,2.0,3.0,16.0,2.0,0.0,0.0,0.0,0.333,1.0,0.75,0.25,0.2027,-0.0598,3,2
frag_01618,class_objective_tree,2.0,3.0,16.0,2.0,0.0,0.0,0.0,0.333,1.0,0.75,0.25,0.2027,-0.0598,3,2
frag_01618,hybrid_optimized_tree,1.0,2.0,11.0,1.0,0.0,0.0,0.0,0.167,1.0,0.857,0.15,0.1118,-0.1871,2,1
frag_01620,source_order_tree,1.0,2.0,11.0,1.0,0.0,0.0,0.0,0.167,1.0,0.857,0.15,0.1118,-0.1871,2,1
frag_01620,evidence_role_tree,2.0,3.0,14.0,2.0,0.0,0.0,0.0,0.333,1.0,0.75,0.25,0.2007,-0.0618,3,2
frag_01620,question_intent_tree,2.0,3.0,14.0,2.0,0.0,0.0,0.0,0.333,1.0,0.75,0.25,0.2007,-0.0618,3,2
frag_01620,class_objective_tree,2.0,3.0,14.0,2.0,0.0,0.0,0.0,0.333,1.0,0.75,0.25,0.2007,-0.0618,3,2
frag_01620,hybrid_optimized_tree,1.0,2.0,9.0,1.0,0.0,0.0,0.0,0.167,1.0,0.857,0.15,0.1098,-0.1891,2,1
frag_01622,source_order_tree,1.745,3.163,20.1,1.327,0.0,0.0,0.0,0.5,0.582,0.667,0.35,0.2194,0.0514,4,3
frag_01622,evidence_role_tree,2.0,4.673,23.2,2.837,0.0,0.837,0.0,0.333,0.582,0.75,0.45,0.2924,0.1226,7,2
frag_01622,question_intent_tree,2.0,3.837,19.0,2.0,0.0,0.0,0.0,0.333,1.0,0.75,0.4,0.2236,-0.0164,6,2
frag_01622,class_objective_tree,2.0,3.837,19.0,2.0,0.0,0.0,0.0,0.333,1.0,0.75,0.4,0.2236,-0.0164,6,2
frag_01622,hybrid_optimized_tree,1.837,3.673,18.2,1.837,0.0,0.0,0.0,0.333,1.0,0.75,0.35,0.2085,-0.039,5,2
frag_01625,source_order_tree,1.0,2.0,11.0,1.0,0.0,0.0,0.0,0.167,1.0,0.857,0.15,0.1118,-0.1871,2,1
frag_01625,evidence_role_tree,2.0,3.0,14.0,2.0,0.0,0.0,0.0,0.333,1.0,0.75,0.25,0.2007,-0.0618,3,2
frag_01625,question_intent_tree,2.0,3.0,14.0,2.0,0.0,0.0,0.0,0.333,1.0,0.75,0.25,0.2007,-0.0618,3,2
frag_01625,class_objective_tree,2.0,3.0,14.0,2.0,0.0,0.0,0.0,0.333,1.0,0.75,0.25,0.2007,-0.0618,3,2
frag_01625,hybrid_optimized_tree,1.0,2.0,9.0,1.0,0.0,0.0,0.0,0.167,1.0,0.857,0.15,0.1098,-0.1891,2,1
frag_01636,source_order_tree,1.0,2.0,13.0,1.0,0.0,0.0,0.0,0.167,1.0,0.857,0.15,0.1138,-0.1851,2,1
frag_01636,evidence_role_tree,2.0,3.0,16.0,2.0,0.0,0.0,0.0,0.333,1.0,0.75,0.25,0.2027,-0.0598,3,2
frag_01636,question_intent_tree,2.0,3.0,16.0,2.0,0.0,0.0,0.0,0.333,1.0,0.75,0.25,0.2027,-0.0598,3,2
frag_01636,class_objective_tree,2.0,3.0,16.0,2.0,0.0,0.0,0.0,0.333,1.0,0.75,0.25,0.2027,-0.0598,3,2
frag_01636,hybrid_optimized_tree,1.0,2.0,11.0,1.0,0.0,0.0,0.0,0.167,1.0,0.857,0.15,0.1118,-0.1871,2,1
frag_01638,source_order_tree,1.285,2.285,16.3,1.285,0.0,0.0,0.142,0.333,1.0,0.75,0.25,0.1653,-0.0972,3,2
frag_01638,evidence_role_tree,2.0,3.0,16.4,2.0,0.0,0.0,0.142,0.333,1.0,0.75,0.35,0.2223,-0.0252,5,2
frag_01638,question_intent_tree,2.0,3.0,16.4,2.0,0.0,0.0,0.142,0.333,1.0,0.75,0.35,0.2223,-0.0252,5,2
frag_01638,class_objective_tree,2.0,3.0,16.4,2.0,0.0,0.0,0.142,0.333,1.0,0.75,0.35,0.2223,-0.0252,5,2
frag_01638,hybrid_optimized_tree,1.0,2.0,11.4,1.0,0.0,0.0,0.142,0.167,1.0,0.857,0.2,0.129,-0.1624,3,1
frag_01648,source_order_tree,1.5,3.0,51.0,1.0,0.0,0.0,0.0,0.333,0.5,0.75,0.25,0.2227,0.0352,3,2
frag_01648,evidence_role_tree,2.0,5.0,57.0,3.0,0.0,1.0,0.0,0.333,0.5,0.75,0.35,0.3353,0.1628,5,2
frag_01648,question_intent_tree,2.0,4.0,52.0,2.0,0.0,0.0,0.0,0.333,1.0,0.75,0.3,0.2537,-0.0013,4,2
frag_01648,class_objective_tree,2.0,5.0,57.0,3.0,0.0,1.0,0.0,0.333,0.5,0.75,0.35,0.3353,0.1628,5,2
frag_01648,hybrid_optimized_tree,2.0,4.0,52.0,2.0,0.0,0.0,0.0,0.333,1.0,0.75,0.3,0.2537,-0.0013,4,2
frag_01650,source_order_tree,1.5,3.0,18.0,1.0,0.0,0.0,0.0,0.333,0.5,0.75,0.25,0.1897,0.0022,3,2
frag_01650,evidence_role_tree,2.0,5.0,24.0,3.0,0.0,1.0,0.0,0.333,0.5,0.75,0.35,0.3023,0.1298,5,2
frag_01650,question_intent_tree,2.0,4.0,19.0,2.0,0.0,0.0,0.0,0.333,1.0,0.75,0.3,0.2207,-0.0343,4,2
frag_01650,class_objective_tree,2.0,5.0,24.0,3.0,0.0,1.0,0.0,0.333,0.5,0.75,0.35,0.3023,0.1298,5,2
frag_01650,hybrid_optimized_tree,2.0,4.0,19.0,2.0,0.0,0.0,0.0,0.333,1.0,0.75,0.3,0.2207,-0.0343,4,2
frag_01671,source_order_tree,1.5,3.0,22.0,1.0,0.0,0.0,0.0,0.333,0.5,0.75,0.25,0.1937,0.0062,3,2
frag_01671,evidence_role_tree,2.0,5.0,28.0,3.0,0.0,1.0,0.0,0.333,0.5,0.75,0.35,0.3063,0.1338,5,2
frag_01671,question_intent_tree,2.0,4.0,23.0,2.0,0.0,0.0,0.0,0.333,1.0,0.75,0.3,0.2247,-0.0303,4,2
frag_01671,class_objective_tree,2.0,5.0,28.0,3.0,0.0,1.0,0.0,0.333,0.5,0.75,0.35,0.3063,0.1338,5,2
frag_01671,hybrid_optimized_tree,2.0,4.0,23.0,2.0,0.0,0.0,0.0,0.333,1.0,0.75,0.3,0.2247,-0.0303,4,2
frag_01683,source_order_tree,1.0,2.0,18.0,1.0,0.0,0.0,0.5,0.167,1.0,0.857,0.15,0.1688,-0.1301,2,1
frag_01683,evidence_role_tree,2.0,3.0,21.0,2.0,0.0,0.0,0.5,0.333,1.0,0.75,0.25,0.2577,-0.0048,3,2
frag_01683,question_intent_tree,2.0,3.0,21.0,2.0,0.0,0.0,0.5,0.333,1.0,0.75,0.25,0.2577,-0.0048,3,2
frag_01683,class_objective_tree,2.0,3.0,21.0,2.0,0.0,0.0,0.5,0.333,1.0,0.75,0.25,0.2577,-0.0048,3,2
frag_01683,hybrid_optimized_tree,1.0,2.0,16.0,1.0,0.0,0.0,0.5,0.167,1.0,0.857,0.15,0.1668,-0.1321,2,1
frag_01684,source_order_tree,2.186,3.463,28.1,1.909,0.0,0.0,0.0,0.833,0.723,0.545,0.55,0.28,0.145,6,5
frag_01684,evidence_role_tree,2.0,4.108,24.8,2.554,0.0,0.554,0.0,0.333,0.723,0.75,0.65,0.2794,0.1185,11,2
frag_01684,question_intent_tree,2.0,3.554,22.0,2.0,0.0,0.0,0.0,0.333,1.0,0.75,0.55,0.2306,0.0131,9,2
frag_01684,class_objective_tree,2.0,3.554,22.0,2.0,0.0,0.0,0.0,0.333,1.0,0.75,0.5,0.2281,0.0031,8,2
frag_01684,hybrid_optimized_tree,1.554,3.108,19.8,1.554,0.0,0.0,0.0,0.333,1.0,0.75,0.5,0.1935,-0.0315,8,2
frag_01687,source_order_tree,1.844,3.125,26.4,1.563,0.0,0.0,0.0,0.5,0.719,0.667,0.35,0.227,0.0384,4,3
frag_01687,evidence_role_tree,2.0,4.125,25.4,2.563,0.0,0.563,0.0,0.333,0.719,0.75,0.45,0.2709,0.0806,7,2
frag_01687,question_intent_tree,2.0,3.563,22.6,2.0,0.0,0.0,0.0,0.333,1.0,0.75,0.4,0.2238,-0.0162,6,2
frag_01687,class_objective_tree,2.0,3.563,22.6,2.0,0.0,0.0,0.0,0.333,1.0,0.75,0.4,0.2238,-0.0162,6,2
frag_01687,hybrid_optimized_tree,1.563,3.125,20.4,1.563,0.0,0.0,0.0,0.333,1.0,0.75,0.35,0.1874,-0.0601,5,2
frag_01690,source_order_tree,1.0,2.0,12.0,1.0,0.0,0.0,0.0,0.167,1.0,0.857,0.15,0.1128,-0.1861,2,1
frag_01690,evidence_role_tree,2.0,3.0,15.0,2.0,0.0,0.0,0.0,0.333,1.0,0.75,0.25,0.2017,-0.0608,3,2
frag_01690,question_intent_tree,2.0,3.0,15.0,2.0,0.0,0.0,0.0,0.333,1.0,0.75,0.25,0.2017,-0.0608,3,2
frag_01690,class_objective_tree,2.0,3.0,15.0,2.0,0.0,0.0,0.0,0.333,1.0,0.75,0.25,0.2017,-0.0608,3,2
frag_01690,hybrid_optimized_tree,1.0,2.0,10.0,1.0,0.0,0.0,0.0,0.167,1.0,0.857,0.15,0.1108,-0.1881,2,1
frag_01703,source_order_tree,1.4,2.4,24.4,1.4,0.0,0.0,0.2,0.333,1.0,0.75,0.25,0.1875,-0.075,3,2
frag_01703,evidence_role_tree,2.0,3.0,23.4,2.0,0.0,0.0,0.2,0.333,1.0,0.75,0.35,0.235,-0.0125,5,2
frag_01703,question_intent_tree,2.0,3.0,23.4,2.0,0.0,0.0,0.2,0.333,1.0,0.75,0.35,0.235,-0.0125,5,2
frag_01703,class_objective_tree,2.0,3.0,23.4,2.0,0.0,0.0,0.2,0.333,1.0,0.75,0.35,0.235,-0.0125,5,2
frag_01703,hybrid_optimized_tree,1.0,2.0,18.4,1.0,0.0,0.0,0.2,0.167,1.0,0.857,0.2,0.1417,-0.1497,3,1
frag_01705,source_order_tree,1.4,2.4,22.4,1.4,0.0,0.0,0.2,0.333,1.0,0.75,0.25,0.1855,-0.077,3,2
frag_01705,evidence_role_tree,2.0,3.0,22.2,2.0,0.0,0.0,0.2,0.333,1.0,0.75,0.35,0.2338,-0.0137,5,2
frag_01705,question_intent_tree,2.0,3.0,22.2,2.0,0.0,0.0,0.2,0.333,1.0,0.75,0.35,0.2338,-0.0137,5,2
frag_01705,class_objective_tree,2.0,3.0,22.2,2.0,0.0,0.0,0.2,0.333,1.0,0.75,0.35,0.2338,-0.0137,5,2
frag_01705,hybrid_optimized_tree,1.0,2.0,17.2,1.0,0.0,0.0,0.2,0.167,1.0,0.857,0.2,0.1405,-0.1509,3,1
frag_01706,source_order_tree,1.5,3.0,42.0,1.0,0.0,0.0,0.0,0.333,0.5,0.75,0.25,0.2137,0.0262,3,2
frag_01706,evidence_role_tree,2.0,5.0,48.0,3.0,0.0,1.0,0.0,0.333,0.5,0.75,0.35,0.3263,0.1538,5,2
frag_01706,question_intent_tree,2.0,4.0,43.0,2.0,0.0,0.0,0.0,0.333,1.0,0.75,0.3,0.2447,-0.0103,4,2
frag_01706,class_objective_tree,2.0,5.0,48.0,3.0,0.0,1.0,0.0,0.333,0.5,0.75,0.35,0.3263,0.1538,5,2
frag_01706,hybrid_optimized_tree,2.0,4.0,43.0,2.0,0.0,0.0,0.0,0.333,1.0,0.75,0.3,0.2447,-0.0103,4,2
frag_01711,source_order_tree,1.0,2.0,12.0,1.0,0.0,0.0,0.0,0.167,1.0,0.857,0.15,0.1128,-0.1861,2,1
frag_01711,evidence_role_tree,2.0,3.0,15.0,2.0,0.0,0.0,0.0,0.333,1.0,0.75,0.25,0.2017,-0.0608,3,2
frag_01711,question_intent_tree,2.0,3.0,15.0,2.0,0.0,0.0,0.0,0.333,1.0,0.75,0.25,0.2017,-0.0608,3,2
frag_01711,class_objective_tree,2.0,3.0,15.0,2.0,0.0,0.0,0.0,0.333,1.0,0.75,0.25,0.2017,-0.0608,3,2
frag_01711,hybrid_optimized_tree,1.0,2.0,10.0,1.0,0.0,0.0,0.0,0.167,1.0,0.857,0.15,0.1108,-0.1881,2,1
frag_01719,source_order_tree,1.5,3.0,35.0,1.0,0.0,0.0,0.0,0.333,0.5,0.75,0.25,0.2067,0.0192,3,2
frag_01719,evidence_role_tree,2.0,5.0,41.0,3.0,0.0,1.0,0.0,0.333,0.5,0.75,0.35,0.3193,0.1468,5,2
frag_01719,question_intent_tree,2.0,4.0,36.0,2.0,0.0,0.0,0.0,0.333,1.0,0.75,0.3,0.2377,-0.0173,4,2
frag_01719,class_objective_tree,2.0,4.0,36.0,2.0,0.0,0.0,0.0,0.333,1.0,0.75,0.3,0.2377,-0.0173,4,2
frag_01719,hybrid_optimized_tree,2.0,4.0,36.0,2.0,0.0,0.0,0.0,0.333,1.0,0.75,0.3,0.2377,-0.0173,4,2
frag_01722,source_order_tree,1.5,3.0,27.0,1.0,0.0,0.0,0.0,0.333,0.5,0.75,0.25,0.1987,0.0112,3,2
frag_01722,evidence_role_tree,2.0,5.0,33.0,3.0,0.0,1.0,0.0,0.333,0.5,0.75,0.35,0.3113,0.1388,5,2
frag_01722,question_intent_tree,2.0,4.0,28.0,2.0,0.0,0.0,0.0,0.333,1.0,0.75,0.3,0.2297,-0.0253,4,2
frag_01722,class_objective_tree,2.0,4.0,28.0,2.0,0.0,0.0,0.0,0.333,1.0,0.75,0.3,0.2297,-0.0253,4,2
frag_01722,hybrid_optimized_tree,2.0,4.0,28.0,2.0,0.0,0.0,0.0,0.333,1.0,0.75,0.3,0.2297,-0.0253,4,2
frag_01723,source_order_tree,1.5,3.0,26.0,1.0,0.0,0.0,0.0,0.333,0.5,0.75,0.25,0.1977,0.0102,3,2
frag_01723,evidence_role_tree,2.0,5.0,32.0,3.0,0.0,1.0,0.0,0.333,0.5,0.75,0.35,0.3103,0.1378,5,2
frag_01723,question_intent_tree,2.0,4.0,27.0,2.0,0.0,0.0,0.0,0.333,1.0,0.75,0.3,0.2287,-0.0263,4,2
frag_01723,class_objective_tree,2.0,4.0,27.0,2.0,0.0,0.0,0.0,0.333,1.0,0.75,0.3,0.2287,-0.0263,4,2
frag_01723,hybrid_optimized_tree,2.0,4.0,27.0,2.0,0.0,0.0,0.0,0.333,1.0,0.75,0.3,0.2287,-0.0263,4,2
frag_01724,source_order_tree,1.0,2.0,23.0,1.0,0.0,0.0,0.5,0.167,1.0,0.857,0.15,0.1738,-0.1251,2,1
frag_01724,evidence_role_tree,2.0,3.0,26.0,2.0,0.0,0.0,0.5,0.333,1.0,0.75,0.25,0.2627,0.0002,3,2
frag_01724,question_intent_tree,2.0,3.0,26.0,2.0,0.0,0.0,0.5,0.333,1.0,0.75,0.25,0.2627,0.0002,3,2
frag_01724,class_objective_tree,2.0,3.0,26.0,2.0,0.0,0.0,0.5,0.333,1.0,0.75,0.25,0.2627,0.0002,3,2
frag_01724,hybrid_optimized_tree,1.0,2.0,21.0,1.0,0.0,0.0,0.5,0.167,1.0,0.857,0.15,0.1718,-0.1271,2,1
frag_01725,source_order_tree,3.833,5.467,51.7,3.2,0.0,0.0,0.0,0.833,0.456,0.545,0.55,0.4338,0.3389,6,5
frag_01725,evidence_role_tree,2.0,5.533,40.2,3.267,0.0,1.267,0.0,0.333,0.456,0.75,0.65,0.3522,0.2314,11,2
frag_01725,question_intent_tree,2.0,4.267,33.9,2.0,0.0,0.0,0.0,0.333,1.0,0.75,0.5,0.2489,0.0239,8,2
frag_01725,class_objective_tree,2.0,4.267,33.9,2.0,0.0,0.0,0.0,0.333,1.0,0.75,0.5,0.2489,0.0239,8,2
frag_01725,hybrid_optimized_tree,1.911,4.267,33.9,2.0,0.0,0.267,0.0,0.333,0.822,0.75,0.5,0.2586,0.0603,8,2
frag_01726,source_order_tree,1.0,2.0,16.0,1.0,0.0,0.0,0.5,0.167,1.0,0.857,0.15,0.1668,-0.1321,2,1
frag_01726,evidence_role_tree,2.0,3.0,19.0,2.0,0.0,0.0,0.5,0.333,1.0,0.75,0.25,0.2557,-0.0068,3,2
frag_01726,question_intent_tree,2.0,3.0,19.0,2.0,0.0,0.0,0.5,0.333,1.0,0.75,0.25,0.2557,-0.0068,3,2
frag_01726,class_objective_tree,2.0,3.0,19.0,2.0,0.0,0.0,0.5,0.333,1.0,0.75,0.25,0.2557,-0.0068,3,2
frag_01726,hybrid_optimized_tree,1.0,2.0,14.0,1.0,0.0,0.0,0.5,0.167,1.0,0.857,0.15,0.1648,-0.1341,2,1
frag_01727,source_order_tree,2.0,4.0,27.0,1.0,0.0,0.0,0.0,0.5,0.333,0.667,0.35,0.2528,0.122,4,3
frag_01727,evidence_role_tree,2.0,7.0,36.0,4.0,0.0,2.0,0.0,0.333,0.333,0.75,0.45,0.3893,0.2568,7,2
frag_01727,question_intent_tree,2.0,5.0,26.0,2.0,0.0,0.0,0.0,0.333,1.0,0.75,0.35,0.2427,-0.0048,5,2
frag_01727,class_objective_tree,2.0,5.0,26.0,2.0,0.0,0.0,0.0,0.333,1.0,0.75,0.35,0.2427,-0.0048,5,2
frag_01727,hybrid_optimized_tree,1.667,5.0,26.0,2.0,0.0,1.0,0.0,0.333,0.333,0.75,0.35,0.2793,0.1318,5,2
frag_01728,source_order_tree,2.349,3.572,28.1,2.126,0.0,0.0,0.0,1.0,0.808,0.5,0.65,0.3013,0.1776,7,6
frag_01728,evidence_role_tree,2.0,3.892,23.7,2.446,0.0,0.446,0.0,0.333,0.808,0.75,0.75,0.2724,0.1137,13,2
frag_01728,question_intent_tree,2.0,3.446,21.5,2.0,0.0,0.0,0.0,0.333,1.0,0.75,0.6,0.2312,0.0212,10,2
frag_01728,class_objective_tree,2.0,3.446,21.5,2.0,0.0,0.0,0.0,0.333,1.0,0.75,0.55,0.2287,0.0112,9,2
frag_01728,hybrid_optimized_tree,1.321,2.798,18.2,1.352,0.0,0.094,0.0,0.333,0.937,0.75,0.55,0.1819,-0.0262,9,2
frag_01729,source_order_tree,1.5,3.0,35.0,1.0,0.0,0.0,0.0,0.333,0.5,0.75,0.25,0.2067,0.0192,3,2
frag_01729,evidence_role_tree,2.0,5.0,41.0,3.0,0.0,1.0,0.0,0.333,0.5,0.75,0.35,0.3193,0.1468,5,2
frag_01729,question_intent_tree,2.0,4.0,36.0,2.0,0.0,0.0,0.0,0.333,1.0,0.75,0.3,0.2377,-0.0173,4,2
frag_01729,class_objective_tree,2.0,4.0,36.0,2.0,0.0,0.0,0.0,0.333,1.0,0.75,0.3,0.2377,-0.0173,4,2
frag_01729,hybrid_optimized_tree,2.0,4.0,36.0,2.0,0.0,0.0,0.0,0.333,1.0,0.75,0.3,0.2377,-0.0173,4,2
frag_01730,source_order_tree,2.349,3.572,30.8,2.126,0.0,0.0,0.0,1.0,0.808,0.5,0.65,0.304,0.1803,7,6
frag_01730,evidence_role_tree,2.0,3.892,25.2,2.446,0.0,0.446,0.0,0.333,0.808,0.75,0.75,0.2739,0.1151,13,2
frag_01730,question_intent_tree,2.0,3.446,22.9,2.0,0.0,0.0,0.0,0.333,1.0,0.75,0.6,0.2327,0.0227,10,2
frag_01730,class_objective_tree,2.0,3.446,22.9,2.0,0.0,0.0,0.0,0.333,1.0,0.75,0.55,0.2302,0.0127,9,2
frag_01730,hybrid_optimized_tree,1.321,2.798,19.7,1.352,0.0,0.094,0.0,0.333,0.937,0.75,0.55,0.1834,-0.0247,9,2
frag_01731,source_order_tree,1.715,2.715,26.4,1.715,0.0,0.0,0.142,0.333,1.0,0.75,0.25,0.2067,-0.0558,3,2
frag_01731,evidence_role_tree,2.0,3.0,18.0,2.0,0.0,0.0,0.142,0.333,1.0,0.75,0.35,0.2239,-0.0236,5,2
frag_01731,question_intent_tree,2.0,3.0,18.0,2.0,0.0,0.0,0.142,0.333,1.0,0.75,0.35,0.2239,-0.0236,5,2
frag_01731,class_objective_tree,2.0,3.0,18.0,2.0,0.0,0.0,0.142,0.333,1.0,0.75,0.35,0.2239,-0.0236,5,2
frag_01731,hybrid_optimized_tree,1.0,2.0,13.0,1.0,0.0,0.0,0.142,0.167,1.0,0.857,0.2,0.1306,-0.1609,3,1
frag_01732,source_order_tree,1.0,2.0,12.0,1.0,0.0,0.0,0.0,0.167,1.0,0.857,0.15,0.1128,-0.1861,2,1
frag_01732,evidence_role_tree,2.0,3.0,15.0,2.0,0.0,0.0,0.0,0.333,1.0,0.75,0.25,0.2017,-0.0608,3,2
frag_01732,question_intent_tree,2.0,3.0,15.0,2.0,0.0,0.0,0.0,0.333,1.0,0.75,0.25,0.2017,-0.0608,3,2
frag_01732,class_objective_tree,2.0,3.0,15.0,2.0,0.0,0.0,0.0,0.333,1.0,0.75,0.25,0.2017,-0.0608,3,2
frag_01732,hybrid_optimized_tree,1.0,2.0,10.0,1.0,0.0,0.0,0.0,0.167,1.0,0.857,0.15,0.1108,-0.1881,2,1
frag_01734,source_order_tree,1.0,2.0,30.0,1.0,0.0,0.0,0.5,0.167,1.0,0.857,0.15,0.1808,-0.1181,2,1
frag_01734,evidence_role_tree,2.0,3.0,33.0,2.0,0.0,0.0,0.5,0.333,1.0,0.75,0.25,0.2697,0.0072,3,2
frag_01734,question_intent_tree,2.0,3.0,33.0,2.0,0.0,0.0,0.5,0.333,1.0,0.75,0.25,0.2697,0.0072,3,2
frag_01734,class_objective_tree,2.0,3.0,33.0,2.0,0.0,0.0,0.5,0.333,1.0,0.75,0.25,0.2697,0.0072,3,2
frag_01734,hybrid_optimized_tree,1.0,2.0,28.0,1.0,0.0,0.0,0.5,0.167,1.0,0.857,0.15,0.1788,-0.1201,2,1
frag_01737,source_order_tree,1.5,3.0,48.0,1.0,0.0,0.0,0.0,0.333,0.5,0.75,0.25,0.2197,0.0322,3,2
frag_01737,evidence_role_tree,2.0,5.0,54.0,3.0,0.0,1.0,0.0,0.333,0.5,0.75,0.35,0.3323,0.1598,5,2
frag_01737,question_intent_tree,2.0,4.0,49.0,2.0,0.0,0.0,0.0,0.333,1.0,0.75,0.3,0.2507,-0.0043,4,2
frag_01737,class_objective_tree,2.0,5.0,54.0,3.0,0.0,1.0,0.0,0.333,0.5,0.75,0.35,0.3323,0.1598,5,2
frag_01737,hybrid_optimized_tree,2.0,4.0,49.0,2.0,0.0,0.0,0.0,0.333,1.0,0.75,0.3,0.2507,-0.0043,4,2
frag_01739,source_order_tree,1.0,2.0,30.0,1.0,0.0,0.0,0.5,0.167,1.0,0.857,0.15,0.1808,-0.1181,2,1
frag_01739,evidence_role_tree,2.0,3.0,33.0,2.0,0.0,0.0,0.5,0.333,1.0,0.75,0.25,0.2697,0.0072,3,2
frag_01739,question_intent_tree,2.0,3.0,33.0,2.0,0.0,0.0,0.5,0.333,1.0,0.75,0.25,0.2697,0.0072,3,2
frag_01739,class_objective_tree,2.0,3.0,33.0,2.0,0.0,0.0,0.5,0.333,1.0,0.75,0.25,0.2697,0.0072,3,2
frag_01739,hybrid_optimized_tree,1.0,2.0,28.0,1.0,0.0,0.0,0.5,0.167,1.0,0.857,0.15,0.1788,-0.1201,2,1
frag_01740,source_order_tree,1.0,2.0,30.0,1.0,0.0,0.0,0.5,0.167,1.0,0.857,0.15,0.1808,-0.1181,2,1
frag_01740,evidence_role_tree,2.0,3.0,33.0,2.0,0.0,0.0,0.5,0.333,1.0,0.75,0.25,0.2697,0.0072,3,2
frag_01740,question_intent_tree,2.0,3.0,33.0,2.0,0.0,0.0,0.5,0.333,1.0,0.75,0.25,0.2697,0.0072,3,2
frag_01740,class_objective_tree,2.0,3.0,33.0,2.0,0.0,0.0,0.5,0.333,1.0,0.75,0.25,0.2697,0.0072,3,2
frag_01740,hybrid_optimized_tree,1.0,2.0,28.0,1.0,0.0,0.0,0.5,0.167,1.0,0.857,0.15,0.1788,-0.1201,2,1
frag_01741,source_order_tree,1.838,3.118,38.4,1.559,0.0,0.0,0.221,0.5,0.721,0.667,0.35,0.2606,0.0717,4,3
frag_01741,evidence_role_tree,2.0,4.118,28.5,2.559,0.0,0.559,0.221,0.333,0.721,0.75,0.45,0.2957,0.1051,7,2
frag_01741,question_intent_tree,2.0,3.559,25.7,2.0,0.0,0.0,0.221,0.333,1.0,0.75,0.4,0.2489,0.0089,6,2
frag_01741,class_objective_tree,2.0,3.559,25.7,2.0,0.0,0.0,0.221,0.333,1.0,0.75,0.4,0.2489,0.0089,6,2
frag_01741,hybrid_optimized_tree,1.559,3.118,23.5,1.559,0.0,0.0,0.221,0.333,1.0,0.75,0.35,0.2123,-0.0352,5,2
frag_01742,source_order_tree,2.055,3.555,36.5,1.555,0.0,0.0,0.0,0.5,0.5,0.667,0.35,0.2618,0.1059,4,3
frag_01742,evidence_role_tree,2.0,5.0,36.4,3.0,0.0,1.0,0.0,0.333,0.5,0.75,0.45,0.3198,0.1623,7,2
frag_01742,question_intent_tree,2.0,4.445,33.7,2.445,0.5,0.445,0.0,0.333,0.777,0.75,0.45,0.3258,0.1267,7,2
frag_01742,class_objective_tree,2.0,4.445,33.7,2.445,0.0,0.445,0.0,0.333,0.777,0.75,0.4,0.2733,0.0667,6,2
frag_01742,hybrid_optimized_tree,1.777,4.0,31.4,2.0,0.0,0.445,0.0,0.333,0.703,0.75,0.35,0.249,0.046,5,2
frag_01743,source_order_tree,2.055,3.555,40.4,1.555,0.0,0.0,0.0,0.5,0.5,0.667,0.35,0.2657,0.1098,4,3
frag_01743,evidence_role_tree,2.0,5.0,40.3,3.0,0.0,1.0,0.0,0.333,0.5,0.75,0.45,0.3237,0.1662,7,2
frag_01743,question_intent_tree,2.0,4.445,37.5,2.445,0.5,0.445,0.0,0.333,0.777,0.75,0.45,0.3297,0.1306,7,2
frag_01743,class_objective_tree,2.0,4.445,37.5,2.445,0.0,0.445,0.0,0.333,0.777,0.75,0.4,0.2772,0.0706,6,2
frag_01743,hybrid_optimized_tree,1.777,4.0,35.3,2.0,0.0,0.445,0.0,0.333,0.703,0.75,0.35,0.2528,0.0498,5,2
frag_01744,source_order_tree,1.5,3.0,19.0,1.0,0.0,0.0,0.0,0.333,0.5,0.75,0.25,0.1907,0.0032,3,2
frag_01744,evidence_role_tree,2.0,5.0,25.0,3.0,0.0,1.0,0.0,0.333,0.5,0.75,0.35,0.3033,0.1308,5,2
frag_01744,question_intent_tree,2.0,4.0,20.0,2.0,0.0,0.0,0.0,0.333,1.0,0.75,0.3,0.2217,-0.0333,4,2
frag_01744,class_objective_tree,2.0,5.0,25.0,3.0,0.0,1.0,0.0,0.333,0.5,0.75,0.35,0.3033,0.1308,5,2
frag_01744,hybrid_optimized_tree,2.0,4.0,20.0,2.0,0.0,0.0,0.0,0.333,1.0,0.75,0.3,0.2217,-0.0333,4,2
frag_01752,source_order_tree,1.5,3.0,20.0,1.0,0.0,0.0,0.0,0.333,0.5,0.75,0.25,0.1917,0.0042,3,2
frag_01752,evidence_role_tree,2.0,5.0,26.0,3.0,0.0,1.0,0.0,0.333,0.5,0.75,0.35,0.3043,0.1318,5,2
frag_01752,question_intent_tree,2.0,4.0,21.0,2.0,0.0,0.0,0.0,0.333,1.0,0.75,0.3,0.2227,-0.0323,4,2
frag_01752,class_objective_tree,2.0,4.0,21.0,2.0,0.0,0.0,0.0,0.333,1.0,0.75,0.3,0.2227,-0.0323,4,2
frag_01752,hybrid_optimized_tree,2.0,4.0,21.0,2.0,0.0,0.0,0.0,0.333,1.0,0.75,0.3,0.2227,-0.0323,4,2
frag_01756,source_order_tree,1.5,3.0,19.0,1.0,0.0,0.0,0.0,0.333,0.5,0.75,0.25,0.1907,0.0032,3,2
frag_01756,evidence_role_tree,2.0,5.0,25.0,3.0,0.0,1.0,0.0,0.333,0.5,0.75,0.35,0.3033,0.1308,5,2
frag_01756,question_intent_tree,2.0,4.0,20.0,2.0,0.0,0.0,0.0,0.333,1.0,0.75,0.3,0.2217,-0.0333,4,2
frag_01756,class_objective_tree,2.0,4.0,20.0,2.0,0.0,0.0,0.0,0.333,1.0,0.75,0.3,0.2217,-0.0333,4,2
frag_01756,hybrid_optimized_tree,2.0,4.0,20.0,2.0,0.0,0.0,0.0,0.333,1.0,0.75,0.3,0.2217,-0.0333,4,2
frag_01757,source_order_tree,1.5,3.0,19.0,1.0,0.0,0.0,0.0,0.333,0.5,0.75,0.25,0.1907,0.0032,3,2
frag_01757,evidence_role_tree,2.0,5.0,25.0,3.0,0.0,1.0,0.0,0.333,0.5,0.75,0.35,0.3033,0.1308,5,2
frag_01757,question_intent_tree,2.0,4.0,20.0,2.0,0.0,0.0,0.0,0.333,1.0,0.75,0.3,0.2217,-0.0333,4,2
frag_01757,class_objective_tree,2.0,4.0,20.0,2.0,0.0,0.0,0.0,0.333,1.0,0.75,0.3,0.2217,-0.0333,4,2
frag_01757,hybrid_optimized_tree,2.0,4.0,20.0,2.0,0.0,0.0,0.0,0.333,1.0,0.75,0.3,0.2217,-0.0333,4,2
frag_01759,source_order_tree,1.5,3.0,20.0,1.0,0.0,0.0,0.0,0.333,0.5,0.75,0.25,0.1917,0.0042,3,2
frag_01759,evidence_role_tree,2.0,5.0,26.0,3.0,0.0,1.0,0.0,0.333,0.5,0.75,0.35,0.3043,0.1318,5,2
frag_01759,question_intent_tree,2.0,4.0,21.0,2.0,0.0,0.0,0.0,0.333,1.0,0.75,0.3,0.2227,-0.0323,4,2
frag_01759,class_objective_tree,2.0,4.0,21.0,2.0,0.0,0.0,0.0,0.333,1.0,0.75,0.3,0.2227,-0.0323,4,2
frag_01759,hybrid_optimized_tree,2.0,4.0,21.0,2.0,0.0,0.0,0.0,0.333,1.0,0.75,0.3,0.2227,-0.0323,4,2
frag_01769,source_order_tree,1.0,2.0,21.0,1.0,0.0,0.0,0.5,0.167,1.0,0.857,0.15,0.1718,-0.1271,2,1
frag_01769,evidence_role_tree,2.0,3.0,24.0,2.0,0.0,0.0,0.5,0.333,1.0,0.75,0.25,0.2607,-0.0018,3,2
frag_01769,question_intent_tree,2.0,3.0,24.0,2.0,0.0,0.0,0.5,0.333,1.0,0.75,0.25,0.2607,-0.0018,3,2
frag_01769,class_objective_tree,2.0,3.0,24.0,2.0,0.0,0.0,0.5,0.333,1.0,0.75,0.25,0.2607,-0.0018,3,2
frag_01769,hybrid_optimized_tree,1.0,2.0,19.0,1.0,0.0,0.0,0.5,0.167,1.0,0.857,0.15,0.1698,-0.1291,2,1
frag_01770,source_order_tree,1.0,2.0,11.0,1.0,0.0,0.0,0.0,0.167,1.0,0.857,0.15,0.1118,-0.1871,2,1
frag_01770,evidence_role_tree,2.0,3.0,14.0,2.0,0.0,0.0,0.0,0.333,1.0,0.75,0.25,0.2007,-0.0618,3,2
frag_01770,question_intent_tree,2.0,3.0,14.0,2.0,0.0,0.0,0.0,0.333,1.0,0.75,0.25,0.2007,-0.0618,3,2
frag_01770,class_objective_tree,2.0,3.0,14.0,2.0,0.0,0.0,0.0,0.333,1.0,0.75,0.25,0.2007,-0.0618,3,2
frag_01770,hybrid_optimized_tree,1.0,2.0,9.0,1.0,0.0,0.0,0.0,0.167,1.0,0.857,0.15,0.1098,-0.1891,2,1
frag_01771,source_order_tree,1.5,3.0,19.0,1.0,0.0,0.0,0.0,0.333,0.5,0.75,0.25,0.1907,0.0032,3,2
frag_01771,evidence_role_tree,2.0,5.0,25.0,3.0,0.0,1.0,0.0,0.333,0.5,0.75,0.35,0.3033,0.1308,5,2
frag_01771,question_intent_tree,2.0,4.0,20.0,2.0,0.0,0.0,0.0,0.333,1.0,0.75,0.3,0.2217,-0.0333,4,2
frag_01771,class_objective_tree,2.0,4.0,20.0,2.0,0.0,0.0,0.0,0.333,1.0,0.75,0.3,0.2217,-0.0333,4,2
frag_01771,hybrid_optimized_tree,2.0,4.0,20.0,2.0,0.0,0.0,0.0,0.333,1.0,0.75,0.3,0.2217,-0.0333,4,2
frag_01774,source_order_tree,1.5,3.0,28.0,1.0,0.0,0.0,0.0,0.333,0.5,0.75,0.25,0.1997,0.0122,3,2
frag_01774,evidence_role_tree,2.0,5.0,34.0,3.0,0.0,1.0,0.0,0.333,0.5,0.75,0.35,0.3123,0.1398,5,2
frag_01774,question_intent_tree,2.0,4.0,29.0,2.0,0.0,0.0,0.0,0.333,1.0,0.75,0.3,0.2307,-0.0243,4,2
frag_01774,class_objective_tree,2.0,5.0,34.0,3.0,0.0,1.0,0.0,0.333,0.5,0.75,0.35,0.3123,0.1398,5,2
frag_01774,hybrid_optimized_tree,2.0,4.0,29.0,2.0,0.0,0.0,0.0,0.333,1.0,0.75,0.3,0.2307,-0.0243,4,2
frag_01775,source_order_tree,1.5,3.0,18.0,1.0,0.0,0.0,0.0,0.333,0.5,0.75,0.25,0.1897,0.0022,3,2
frag_01775,evidence_role_tree,2.0,5.0,24.0,3.0,0.0,1.0,0.0,0.333,0.5,0.75,0.35,0.3023,0.1298,5,2
frag_01775,question_intent_tree,2.0,4.0,19.0,2.0,0.0,0.0,0.0,0.333,1.0,0.75,0.3,0.2207,-0.0343,4,2
frag_01775,class_objective_tree,2.0,5.0,24.0,3.0,0.0,1.0,0.0,0.333,0.5,0.75,0.35,0.3023,0.1298,5,2
frag_01775,hybrid_optimized_tree,2.0,4.0,19.0,2.0,0.0,0.0,0.0,0.333,1.0,0.75,0.3,0.2207,-0.0343,4,2
frag_01778,source_order_tree,1.5,3.0,26.0,1.0,0.0,0.0,0.0,0.333,0.5,0.75,0.25,0.1977,0.0102,3,2
frag_01778,evidence_role_tree,2.0,5.0,32.0,3.0,0.0,1.0,0.0,0.333,0.5,0.75,0.35,0.3103,0.1378,5,2
frag_01778,question_intent_tree,2.0,4.0,27.0,2.0,0.0,0.0,0.0,0.333,1.0,0.75,0.3,0.2287,-0.0263,4,2
frag_01778,class_objective_tree,2.0,4.0,27.0,2.0,0.0,0.0,0.0,0.333,1.0,0.75,0.3,0.2287,-0.0263,4,2
frag_01778,hybrid_optimized_tree,2.0,4.0,27.0,2.0,0.0,0.0,0.0,0.333,1.0,0.75,0.3,0.2287,-0.0263,4,2
frag_01779,source_order_tree,1.394,2.525,16.8,1.263,0.0,0.0,0.0,0.5,0.869,0.667,0.35,0.1784,-0.0327,4,3
frag_01779,evidence_role_tree,2.0,3.525,18.7,2.263,0.0,0.263,0.0,0.333,0.869,0.75,0.45,0.2381,0.0253,7,2
frag_01779,question_intent_tree,2.0,3.263,17.4,2.0,0.0,0.0,0.0,0.333,1.0,0.75,0.4,0.2149,-0.0251,6,2
frag_01779,class_objective_tree,2.0,3.263,17.4,2.0,0.0,0.0,0.0,0.333,1.0,0.75,0.4,0.2149,-0.0251,6,2
frag_01779,hybrid_optimized_tree,1.263,2.525,13.7,1.263,0.0,0.0,0.0,0.333,1.0,0.75,0.35,0.1552,-0.0923,5,2
frag_01782,source_order_tree,1.5,3.0,26.0,1.0,0.0,0.0,0.0,0.333,0.5,0.75,0.25,0.1977,0.0102,3,2
frag_01782,evidence_role_tree,2.0,5.0,32.0,3.0,0.0,1.0,0.0,0.333,0.5,0.75,0.35,0.3103,0.1378,5,2
frag_01782,question_intent_tree,2.0,4.0,27.0,2.0,0.0,0.0,0.0,0.333,1.0,0.75,0.3,0.2287,-0.0263,4,2
frag_01782,class_objective_tree,2.0,4.0,27.0,2.0,0.0,0.0,0.0,0.333,1.0,0.75,0.3,0.2287,-0.0263,4,2
frag_01782,hybrid_optimized_tree,2.0,4.0,27.0,2.0,0.0,0.0,0.0,0.333,1.0,0.75,0.3,0.2287,-0.0263,4,2
frag_01783,source_order_tree,1.5,3.0,26.0,1.0,0.0,0.0,0.0,0.333,0.5,0.75,0.25,0.1977,0.0102,3,2
frag_01783,evidence_role_tree,2.0,5.0,32.0,3.0,0.0,1.0,0.0,0.333,0.5,0.75,0.35,0.3103,0.1378,5,2
frag_01783,question_intent_tree,2.0,4.0,27.0,2.0,0.0,0.0,0.0,0.333,1.0,0.75,0.3,0.2287,-0.0263,4,2
frag_01783,class_objective_tree,2.0,4.0,27.0,2.0,0.0,0.0,0.0,0.333,1.0,0.75,0.3,0.2287,-0.0263,4,2
frag_01783,hybrid_optimized_tree,2.0,4.0,27.0,2.0,0.0,0.0,0.0,0.333,1.0,0.75,0.3,0.2287,-0.0263,4,2
frag_01792,source_order_tree,1.838,3.118,38.4,1.559,0.0,0.0,0.221,0.5,0.721,0.667,0.35,0.2606,0.0717,4,3
frag_01792,evidence_role_tree,2.0,4.118,28.5,2.559,0.0,0.559,0.221,0.333,0.721,0.75,0.45,0.2957,0.1051,7,2
frag_01792,question_intent_tree,2.0,3.559,25.7,2.0,0.0,0.0,0.221,0.333,1.0,0.75,0.4,0.2489,0.0089,6,2
frag_01792,class_objective_tree,2.0,3.559,25.7,2.0,0.0,0.0,0.221,0.333,1.0,0.75,0.4,0.2489,0.0089,6,2
frag_01792,hybrid_optimized_tree,1.559,3.118,23.5,1.559,0.0,0.0,0.221,0.333,1.0,0.75,0.35,0.2123,-0.0352,5,2
frag_01796,source_order_tree,1.0,2.0,12.0,1.0,0.0,0.0,0.0,0.167,1.0,0.857,0.15,0.1128,-0.1861,2,1
frag_01796,evidence_role_tree,2.0,3.0,15.0,2.0,0.0,0.0,0.0,0.333,1.0,0.75,0.25,0.2017,-0.0608,3,2
frag_01796,question_intent_tree,2.0,3.0,15.0,2.0,0.0,0.0,0.0,0.333,1.0,0.75,0.25,0.2017,-0.0608,3,2
frag_01796,class_objective_tree,2.0,3.0,15.0,2.0,0.0,0.0,0.0,0.333,1.0,0.75,0.25,0.2017,-0.0608,3,2
frag_01796,hybrid_optimized_tree,1.0,2.0,10.0,1.0,0.0,0.0,0.0,0.167,1.0,0.857,0.15,0.1108,-0.1881,2,1
frag_01802,source_order_tree,1.0,2.0,11.0,1.0,0.0,0.0,0.0,0.167,1.0,0.857,0.15,0.1118,-0.1871,2,1
frag_01802,evidence_role_tree,2.0,3.0,14.0,2.0,0.0,0.0,0.0,0.333,1.0,0.75,0.25,0.2007,-0.0618,3,2
frag_01802,question_intent_tree,2.0,3.0,14.0,2.0,0.0,0.0,0.0,0.333,1.0,0.75,0.25,0.2007,-0.0618,3,2
frag_01802,class_objective_tree,2.0,3.0,14.0,2.0,0.0,0.0,0.0,0.333,1.0,0.75,0.25,0.2007,-0.0618,3,2
frag_01802,hybrid_optimized_tree,1.0,2.0,9.0,1.0,0.0,0.0,0.0,0.167,1.0,0.857,0.15,0.1098,-0.1891,2,1
frag_01807,source_order_tree,2.511,3.674,37.5,2.348,0.0,0.0,0.337,0.5,0.837,0.667,0.35,0.3152,0.1088,4,3
frag_01807,evidence_role_tree,2.0,3.652,30.7,2.326,0.0,0.326,0.337,0.333,0.837,0.75,0.45,0.2893,0.0813,7,2
frag_01807,question_intent_tree,2.0,3.326,29.1,2.0,0.0,0.0,0.337,0.333,1.0,0.75,0.4,0.261,0.021,6,2
frag_01807,class_objective_tree,2.0,3.326,29.1,2.0,0.0,0.0,0.337,0.333,1.0,0.75,0.4,0.261,0.021,6,2
frag_01807,hybrid_optimized_tree,1.326,2.652,25.7,1.326,0.0,0.0,0.337,0.333,1.0,0.75,0.35,0.2063,-0.0412,5,2
frag_01808,source_order_tree,1.0,2.0,13.0,1.0,0.0,0.0,0.0,0.167,1.0,0.857,0.15,0.1138,-0.1851,2,1
frag_01808,evidence_role_tree,2.0,3.0,16.0,2.0,0.0,0.0,0.0,0.333,1.0,0.75,0.25,0.2027,-0.0598,3,2
frag_01808,question_intent_tree,2.0,3.0,16.0,2.0,0.0,0.0,0.0,0.333,1.0,0.75,0.25,0.2027,-0.0598,3,2
frag_01808,class_objective_tree,2.0,3.0,16.0,2.0,0.0,0.0,0.0,0.333,1.0,0.75,0.25,0.2027,-0.0598,3,2
frag_01808,hybrid_optimized_tree,1.0,2.0,11.0,1.0,0.0,0.0,0.0,0.167,1.0,0.857,0.15,0.1118,-0.1871,2,1
frag_01823,source_order_tree,1.5,3.0,26.0,1.0,0.0,0.0,0.0,0.333,0.5,0.75,0.25,0.1977,0.0102,3,2
frag_01823,evidence_role_tree,2.0,5.0,32.0,3.0,0.0,1.0,0.0,0.333,0.5,0.75,0.35,0.3103,0.1378,5,2
frag_01823,question_intent_tree,2.0,4.0,27.0,2.0,0.0,0.0,0.0,0.333,1.0,0.75,0.3,0.2287,-0.0263,4,2
frag_01823,class_objective_tree,2.0,4.0,27.0,2.0,0.0,0.0,0.0,0.333,1.0,0.75,0.3,0.2287,-0.0263,4,2
frag_01823,hybrid_optimized_tree,2.0,4.0,27.0,2.0,0.0,0.0,0.0,0.333,1.0,0.75,0.3,0.2287,-0.0263,4,2
frag_01825,source_order_tree,1.5,3.0,18.0,1.0,0.0,0.0,0.0,0.333,0.5,0.75,0.25,0.1897,0.0022,3,2
frag_01825,evidence_role_tree,2.0,5.0,24.0,3.0,0.0,1.0,0.0,0.333,0.5,0.75,0.35,0.3023,0.1298,5,2
frag_01825,question_intent_tree,2.0,4.0,19.0,2.0,0.0,0.0,0.0,0.333,1.0,0.75,0.3,0.2207,-0.0343,4,2
frag_01825,class_objective_tree,2.0,5.0,24.0,3.0,0.0,1.0,0.0,0.333,0.5,0.75,0.35,0.3023,0.1298,5,2
frag_01825,hybrid_optimized_tree,2.0,4.0,19.0,2.0,0.0,0.0,0.0,0.333,1.0,0.75,0.3,0.2207,-0.0343,4,2
frag_01831,source_order_tree,1.686,2.915,18.8,1.457,0.0,0.0,0.0,0.5,0.771,0.667,0.35,0.2057,0.0092,4,3
frag_01831,evidence_role_tree,2.0,3.915,19.9,2.457,0.0,0.457,0.0,0.333,0.771,0.75,0.45,0.2563,0.0581,7,2
frag_01831,question_intent_tree,2.0,3.457,17.7,2.0,0.0,0.0,0.0,0.333,1.0,0.75,0.4,0.2175,-0.0225,6,2
frag_01831,class_objective_tree,2.0,3.457,17.7,2.0,0.0,0.0,0.0,0.333,1.0,0.75,0.4,0.2175,-0.0225,6,2
frag_01831,hybrid_optimized_tree,1.457,2.915,14.9,1.457,0.0,0.0,0.0,0.333,1.0,0.75,0.35,0.173,-0.0745,5,2
frag_01832,source_order_tree,1.5,3.0,20.0,1.0,0.0,0.0,0.0,0.333,0.5,0.75,0.25,0.1917,0.0042,3,2
frag_01832,evidence_role_tree,2.0,5.0,26.0,3.0,0.0,1.0,0.0,0.333,0.5,0.75,0.35,0.3043,0.1318,5,2
frag_01832,question_intent_tree,2.0,4.0,21.0,2.0,0.0,0.0,0.0,0.333,1.0,0.75,0.3,0.2227,-0.0323,4,2
frag_01832,class_objective_tree,2.0,4.0,21.0,2.0,0.0,0.0,0.0,0.333,1.0,0.75,0.3,0.2227,-0.0323,4,2
frag_01832,hybrid_optimized_tree,2.0,4.0,21.0,2.0,0.0,0.0,0.0,0.333,1.0,0.75,0.3,0.2227,-0.0323,4,2
frag_01834,source_order_tree,2.725,4.225,41.2,2.225,0.0,0.0,0.0,0.667,0.5,0.6,0.45,0.3283,0.2008,5,4
frag_01834,evidence_role_tree,2.0,5.0,30.0,3.0,0.0,1.0,0.0,0.333,0.5,0.75,0.55,0.3184,0.1759,9,2
frag_01834,question_intent_tree,2.0,4.0,25.0,2.0,0.0,0.0,0.0,0.333,1.0,0.75,0.45,0.2342,0.0017,7,2
frag_01834,class_objective_tree,2.0,4.388,27.0,2.388,0.0,0.388,0.0,0.333,0.806,0.75,0.5,0.2674,0.0715,8,2
frag_01834,hybrid_optimized_tree,2.0,4.0,25.0,2.0,0.0,0.0,0.0,0.333,1.0,0.75,0.45,0.2342,0.0017,7,2
frag_01836,source_order_tree,2.725,4.225,28.4,2.225,0.0,0.0,0.0,0.667,0.5,0.6,0.45,0.3155,0.188,5,4
frag_01836,evidence_role_tree,2.0,5.0,25.8,3.0,0.0,1.0,0.0,0.333,0.5,0.75,0.55,0.3142,0.1717,9,2
frag_01836,question_intent_tree,2.0,4.0,20.8,2.0,0.0,0.0,0.0,0.333,1.0,0.75,0.45,0.23,-0.0025,7,2
frag_01836,class_objective_tree,2.0,4.388,22.8,2.388,0.0,0.388,0.0,0.333,0.806,0.75,0.5,0.2632,0.0673,8,2
frag_01836,hybrid_optimized_tree,2.0,4.0,20.8,2.0,0.0,0.0,0.0,0.333,1.0,0.75,0.45,0.23,-0.0025,7,2
frag_01839,source_order_tree,1.0,2.0,11.0,1.0,0.0,0.0,0.0,0.167,1.0,0.857,0.15,0.1118,-0.1871,2,1
frag_01839,evidence_role_tree,2.0,3.0,14.0,2.0,0.0,0.0,0.0,0.333,1.0,0.75,0.25,0.2007,-0.0618,3,2
frag_01839,question_intent_tree,2.0,3.0,14.0,2.0,0.0,0.0,0.0,0.333,1.0,0.75,0.25,0.2007,-0.0618,3,2
frag_01839,class_objective_tree,2.0,3.0,14.0,2.0,0.0,0.0,0.0,0.333,1.0,0.75,0.25,0.2007,-0.0618,3,2
frag_01839,hybrid_optimized_tree,1.0,2.0,9.0,1.0,0.0,0.0,0.0,0.167,1.0,0.857,0.15,0.1098,-0.1891,2,1
frag_01842,source_order_tree,1.0,2.0,11.0,1.0,0.0,0.0,0.0,0.167,1.0,0.857,0.15,0.1118,-0.1871,2,1
frag_01842,evidence_role_tree,2.0,3.0,14.0,2.0,0.0,0.0,0.0,0.333,1.0,0.75,0.25,0.2007,-0.0618,3,2
frag_01842,question_intent_tree,2.0,3.0,14.0,2.0,0.0,0.0,0.0,0.333,1.0,0.75,0.25,0.2007,-0.0618,3,2
frag_01842,class_objective_tree,2.0,3.0,14.0,2.0,0.0,0.0,0.0,0.333,1.0,0.75,0.25,0.2007,-0.0618,3,2
frag_01842,hybrid_optimized_tree,1.0,2.0,9.0,1.0,0.0,0.0,0.0,0.167,1.0,0.857,0.15,0.1098,-0.1891,2,1
frag_01848,source_order_tree,1.0,2.0,13.0,1.0,0.0,0.0,0.0,0.167,1.0,0.857,0.15,0.1138,-0.1851,2,1
frag_01848,evidence_role_tree,2.0,3.0,16.0,2.0,0.0,0.0,0.0,0.333,1.0,0.75,0.25,0.2027,-0.0598,3,2
frag_01848,question_intent_tree,2.0,3.0,16.0,2.0,0.0,0.0,0.0,0.333,1.0,0.75,0.25,0.2027,-0.0598,3,2
frag_01848,class_objective_tree,2.0,3.0,16.0,2.0,0.0,0.0,0.0,0.333,1.0,0.75,0.25,0.2027,-0.0598,3,2
frag_01848,hybrid_optimized_tree,1.0,2.0,11.0,1.0,0.0,0.0,0.0,0.167,1.0,0.857,0.15,0.1118,-0.1871,2,1
frag_01857,source_order_tree,1.0,2.0,11.0,1.0,0.0,0.0,0.0,0.167,1.0,0.857,0.15,0.1118,-0.1871,2,1
frag_01857,evidence_role_tree,2.0,3.0,14.0,2.0,0.0,0.0,0.0,0.333,1.0,0.75,0.25,0.2007,-0.0618,3,2
frag_01857,question_intent_tree,2.0,3.0,14.0,2.0,0.0,0.0,0.0,0.333,1.0,0.75,0.25,0.2007,-0.0618,3,2
frag_01857,class_objective_tree,2.0,3.0,14.0,2.0,0.0,0.0,0.0,0.333,1.0,0.75,0.25,0.2007,-0.0618,3,2
frag_01857,hybrid_optimized_tree,1.0,2.0,9.0,1.0,0.0,0.0,0.0,0.167,1.0,0.857,0.15,0.1098,-0.1891,2,1
frag_01869,source_order_tree,1.5,3.0,26.0,1.0,0.0,0.0,0.0,0.333,0.5,0.75,0.25,0.1977,0.0102,3,2
frag_01869,evidence_role_tree,2.0,5.0,32.0,3.0,0.0,1.0,0.0,0.333,0.5,0.75,0.35,0.3103,0.1378,5,2
frag_01869,question_intent_tree,2.0,4.0,27.0,2.0,0.0,0.0,0.0,0.333,1.0,0.75,0.3,0.2287,-0.0263,4,2
frag_01869,class_objective_tree,2.0,5.0,32.0,3.0,0.0,1.0,0.0,0.333,0.5,0.75,0.35,0.3103,0.1378,5,2
frag_01869,hybrid_optimized_tree,2.0,4.0,27.0,2.0,0.0,0.0,0.0,0.333,1.0,0.75,0.3,0.2287,-0.0263,4,2
frag_01871,source_order_tree,1.5,3.0,26.0,1.0,0.0,0.0,0.0,0.333,0.5,0.75,0.25,0.1977,0.0102,3,2
frag_01871,evidence_role_tree,2.0,5.0,32.0,3.0,0.0,1.0,0.0,0.333,0.5,0.75,0.35,0.3103,0.1378,5,2
frag_01871,question_intent_tree,2.0,4.0,27.0,2.0,0.0,0.0,0.0,0.333,1.0,0.75,0.3,0.2287,-0.0263,4,2
frag_01871,class_objective_tree,2.0,5.0,32.0,3.0,0.0,1.0,0.0,0.333,0.5,0.75,0.35,0.3103,0.1378,5,2
frag_01871,hybrid_optimized_tree,2.0,4.0,27.0,2.0,0.0,0.0,0.0,0.333,1.0,0.75,0.3,0.2287,-0.0263,4,2
frag_01880,source_order_tree,1.522,2.696,16.9,1.348,0.0,0.0,0.0,0.5,0.826,0.667,0.35,0.1896,-0.0151,4,3
frag_01880,evidence_role_tree,2.0,3.696,18.1,2.348,0.0,0.348,0.0,0.333,0.826,0.75,0.45,0.245,0.0386,7,2
frag_01880,question_intent_tree,2.0,3.348,16.4,2.0,0.0,0.0,0.0,0.333,1.0,0.75,0.4,0.2149,-0.0251,6,2
frag_01880,class_objective_tree,2.0,3.348,16.4,2.0,0.0,0.0,0.0,0.333,1.0,0.75,0.4,0.2149,-0.0251,6,2
frag_01880,hybrid_optimized_tree,1.348,2.696,13.1,1.348,0.0,0.0,0.0,0.333,1.0,0.75,0.35,0.1619,-0.0856,5,2
frag_01881,source_order_tree,1.0,2.0,11.0,1.0,0.0,0.0,0.0,0.167,1.0,0.857,0.15,0.1118,-0.1871,2,1
frag_01881,evidence_role_tree,2.0,3.0,14.0,2.0,0.0,0.0,0.0,0.333,1.0,0.75,0.25,0.2007,-0.0618,3,2
frag_01881,question_intent_tree,2.0,3.0,14.0,2.0,0.0,0.0,0.0,0.333,1.0,0.75,0.25,0.2007,-0.0618,3,2
frag_01881,class_objective_tree,2.0,3.0,14.0,2.0,0.0,0.0,0.0,0.333,1.0,0.75,0.25,0.2007,-0.0618,3,2
frag_01881,hybrid_optimized_tree,1.0,2.0,9.0,1.0,0.0,0.0,0.0,0.167,1.0,0.857,0.15,0.1098,-0.1891,2,1
frag_01882,source_order_tree,1.0,2.0,30.0,1.0,0.0,0.0,0.5,0.167,1.0,0.857,0.15,0.1808,-0.1181,2,1
frag_01882,evidence_role_tree,2.0,3.0,33.0,2.0,0.0,0.0,0.5,0.333,1.0,0.75,0.25,0.2697,0.0072,3,2
frag_01882,question_intent_tree,2.0,3.0,33.0,2.0,0.0,0.0,0.5,0.333,1.0,0.75,0.25,0.2697,0.0072,3,2
frag_01882,class_objective_tree,2.0,3.0,33.0,2.0,0.0,0.0,0.5,0.333,1.0,0.75,0.25,0.2697,0.0072,3,2
frag_01882,hybrid_optimized_tree,1.0,2.0,28.0,1.0,0.0,0.0,0.5,0.167,1.0,0.857,0.15,0.1788,-0.1201,2,1
frag_01883,source_order_tree,1.0,2.0,30.0,1.0,0.0,0.0,0.5,0.167,1.0,0.857,0.15,0.1808,-0.1181,2,1
frag_01883,evidence_role_tree,2.0,3.0,33.0,2.0,0.0,0.0,0.5,0.333,1.0,0.75,0.25,0.2697,0.0072,3,2
frag_01883,question_intent_tree,2.0,3.0,33.0,2.0,0.0,0.0,0.5,0.333,1.0,0.75,0.25,0.2697,0.0072,3,2
frag_01883,class_objective_tree,2.0,3.0,33.0,2.0,0.0,0.0,0.5,0.333,1.0,0.75,0.25,0.2697,0.0072,3,2
frag_01883,hybrid_optimized_tree,1.0,2.0,28.0,1.0,0.0,0.0,0.5,0.167,1.0,0.857,0.15,0.1788,-0.1201,2,1
frag_01884,source_order_tree,1.0,2.0,30.0,1.0,0.0,0.0,0.5,0.167,1.0,0.857,0.15,0.1808,-0.1181,2,1
frag_01884,evidence_role_tree,2.0,3.0,33.0,2.0,0.0,0.0,0.5,0.333,1.0,0.75,0.25,0.2697,0.0072,3,2
frag_01884,question_intent_tree,2.0,3.0,33.0,2.0,0.0,0.0,0.5,0.333,1.0,0.75,0.25,0.2697,0.0072,3,2
frag_01884,class_objective_tree,2.0,3.0,33.0,2.0,0.0,0.0,0.5,0.333,1.0,0.75,0.25,0.2697,0.0072,3,2
frag_01884,hybrid_optimized_tree,1.0,2.0,28.0,1.0,0.0,0.0,0.5,0.167,1.0,0.857,0.15,0.1788,-0.1201,2,1
frag_01885,source_order_tree,1.0,2.0,30.0,1.0,0.0,0.0,0.5,0.167,1.0,0.857,0.15,0.1808,-0.1181,2,1
frag_01885,evidence_role_tree,2.0,3.0,33.0,2.0,0.0,0.0,0.5,0.333,1.0,0.75,0.25,0.2697,0.0072,3,2
frag_01885,question_intent_tree,2.0,3.0,33.0,2.0,0.0,0.0,0.5,0.333,1.0,0.75,0.25,0.2697,0.0072,3,2
frag_01885,class_objective_tree,2.0,3.0,33.0,2.0,0.0,0.0,0.5,0.333,1.0,0.75,0.25,0.2697,0.0072,3,2
frag_01885,hybrid_optimized_tree,1.0,2.0,28.0,1.0,0.0,0.0,0.5,0.167,1.0,0.857,0.15,0.1788,-0.1201,2,1
frag_01891,source_order_tree,1.0,2.0,14.0,1.0,0.0,0.0,0.0,0.167,1.0,0.857,0.15,0.1148,-0.1841,2,1
frag_01891,evidence_role_tree,2.0,3.0,17.0,2.0,0.0,0.0,0.0,0.333,1.0,0.75,0.25,0.2037,-0.0588,3,2
frag_01891,question_intent_tree,2.0,3.0,17.0,2.0,0.0,0.0,0.0,0.333,1.0,0.75,0.25,0.2037,-0.0588,3,2
frag_01891,class_objective_tree,2.0,3.0,17.0,2.0,0.0,0.0,0.0,0.333,1.0,0.75,0.25,0.2037,-0.0588,3,2
frag_01891,hybrid_optimized_tree,1.0,2.0,12.0,1.0,0.0,0.0,0.0,0.167,1.0,0.857,0.15,0.1128,-0.1861,2,1
frag_01893,source_order_tree,1.0,2.0,14.0,1.0,0.0,0.0,0.0,0.167,1.0,0.857,0.15,0.1148,-0.1841,2,1
frag_01893,evidence_role_tree,2.0,3.0,17.0,2.0,0.0,0.0,0.0,0.333,1.0,0.75,0.25,0.2037,-0.0588,3,2
frag_01893,question_intent_tree,2.0,3.0,17.0,2.0,0.0,0.0,0.0,0.333,1.0,0.75,0.25,0.2037,-0.0588,3,2
frag_01893,class_objective_tree,2.0,3.0,17.0,2.0,0.0,0.0,0.0,0.333,1.0,0.75,0.25,0.2037,-0.0588,3,2
frag_01893,hybrid_optimized_tree,1.0,2.0,12.0,1.0,0.0,0.0,0.0,0.167,1.0,0.857,0.15,0.1128,-0.1861,2,1
frag_01894,source_order_tree,1.217,2.217,13.2,1.217,0.0,0.0,0.0,0.333,1.0,0.75,0.25,0.143,-0.1195,3,2
frag_01894,evidence_role_tree,2.0,3.0,14.7,2.0,0.0,0.0,0.0,0.333,1.0,0.75,0.35,0.2063,-0.0412,5,2
frag_01894,question_intent_tree,2.0,3.0,14.7,2.0,0.0,0.0,0.0,0.333,1.0,0.75,0.35,0.2063,-0.0412,5,2
frag_01894,class_objective_tree,2.0,3.0,14.7,2.0,0.0,0.0,0.0,0.333,1.0,0.75,0.35,0.2063,-0.0412,5,2
frag_01894,hybrid_optimized_tree,1.0,2.0,9.7,1.0,0.0,0.0,0.0,0.167,1.0,0.857,0.2,0.113,-0.1784,3,1
frag_01897,source_order_tree,1.0,2.0,12.0,1.0,0.0,0.0,0.0,0.167,1.0,0.857,0.15,0.1128,-0.1861,2,1
frag_01897,evidence_role_tree,2.0,3.0,15.0,2.0,0.0,0.0,0.0,0.333,1.0,0.75,0.25,0.2017,-0.0608,3,2
frag_01897,question_intent_tree,2.0,3.0,15.0,2.0,0.0,0.0,0.0,0.333,1.0,0.75,0.25,0.2017,-0.0608,3,2
frag_01897,class_objective_tree,2.0,3.0,15.0,2.0,0.0,0.0,0.0,0.333,1.0,0.75,0.25,0.2017,-0.0608,3,2
frag_01897,hybrid_optimized_tree,1.0,2.0,10.0,1.0,0.0,0.0,0.0,0.167,1.0,0.857,0.15,0.1108,-0.1881,2,1
frag_01901,source_order_tree,1.0,2.0,12.0,1.0,0.0,0.0,0.0,0.167,1.0,0.857,0.15,0.1128,-0.1861,2,1
frag_01901,evidence_role_tree,2.0,3.0,15.0,2.0,0.0,0.0,0.0,0.333,1.0,0.75,0.25,0.2017,-0.0608,3,2
frag_01901,question_intent_tree,2.0,3.0,15.0,2.0,0.0,0.0,0.0,0.333,1.0,0.75,0.25,0.2017,-0.0608,3,2
frag_01901,class_objective_tree,2.0,3.0,15.0,2.0,0.0,0.0,0.0,0.333,1.0,0.75,0.25,0.2017,-0.0608,3,2
frag_01901,hybrid_optimized_tree,1.0,2.0,10.0,1.0,0.0,0.0,0.0,0.167,1.0,0.857,0.15,0.1108,-0.1881,2,1
frag_01907,source_order_tree,2.129,3.506,26.0,1.753,0.0,0.0,0.0,0.5,0.624,0.667,0.35,0.2514,0.0771,4,3
frag_01907,evidence_role_tree,2.0,4.506,23.8,2.753,0.0,0.753,0.0,0.333,0.624,0.75,0.45,0.2857,0.1097,7,2
frag_01907,question_intent_tree,2.0,3.753,20.0,2.0,0.0,0.0,0.0,0.333,1.0,0.75,0.4,0.2236,-0.0164,6,2
frag_01907,class_objective_tree,2.0,3.753,20.0,2.0,0.0,0.0,0.0,0.333,1.0,0.75,0.4,0.2236,-0.0164,6,2
frag_01907,hybrid_optimized_tree,1.753,3.506,18.8,1.753,0.0,0.0,0.0,0.333,1.0,0.75,0.35,0.2019,-0.0456,5,2
frag_01908,source_order_tree,1.0,2.0,14.0,1.0,0.0,0.0,0.0,0.167,1.0,0.857,0.15,0.1148,-0.1841,2,1
frag_01908,evidence_role_tree,2.0,3.0,17.0,2.0,0.0,0.0,0.0,0.333,1.0,0.75,0.25,0.2037,-0.0588,3,2
frag_01908,question_intent_tree,2.0,3.0,17.0,2.0,0.0,0.0,0.0,0.333,1.0,0.75,0.25,0.2037,-0.0588,3,2
frag_01908,class_objective_tree,2.0,3.0,17.0,2.0,0.0,0.0,0.0,0.333,1.0,0.75,0.25,0.2037,-0.0588,3,2
frag_01908,hybrid_optimized_tree,1.0,2.0,12.0,1.0,0.0,0.0,0.0,0.167,1.0,0.857,0.15,0.1128,-0.1861,2,1
frag_01909,source_order_tree,2.129,3.506,26.0,1.753,0.0,0.0,0.0,0.5,0.624,0.667,0.35,0.2514,0.0771,4,3
frag_01909,evidence_role_tree,2.0,4.506,23.8,2.753,0.0,0.753,0.0,0.333,0.624,0.75,0.45,0.2857,0.1097,7,2
frag_01909,question_intent_tree,2.0,3.753,20.0,2.0,0.0,0.0,0.0,0.333,1.0,0.75,0.4,0.2236,-0.0164,6,2
frag_01909,class_objective_tree,2.0,3.753,20.0,2.0,0.0,0.0,0.0,0.333,1.0,0.75,0.4,0.2236,-0.0164,6,2
frag_01909,hybrid_optimized_tree,1.753,3.506,18.8,1.753,0.0,0.0,0.0,0.333,1.0,0.75,0.35,0.2019,-0.0456,5,2
frag_01912,source_order_tree,1.0,2.0,13.0,1.0,0.0,0.0,0.0,0.167,1.0,0.857,0.15,0.1138,-0.1851,2,1
frag_01912,evidence_role_tree,2.0,3.0,16.0,2.0,0.0,0.0,0.0,0.333,1.0,0.75,0.25,0.2027,-0.0598,3,2
frag_01912,question_intent_tree,2.0,3.0,16.0,2.0,0.0,0.0,0.0,0.333,1.0,0.75,0.25,0.2027,-0.0598,3,2
frag_01912,class_objective_tree,2.0,3.0,16.0,2.0,0.0,0.0,0.0,0.333,1.0,0.75,0.25,0.2027,-0.0598,3,2
frag_01912,hybrid_optimized_tree,1.0,2.0,11.0,1.0,0.0,0.0,0.0,0.167,1.0,0.857,0.15,0.1118,-0.1871,2,1
frag_01914,source_order_tree,1.0,2.0,13.0,1.0,0.0,0.0,0.0,0.167,1.0,0.857,0.15,0.1138,-0.1851,2,1
frag_01914,evidence_role_tree,2.0,3.0,16.0,2.0,0.0,0.0,0.0,0.333,1.0,0.75,0.25,0.2027,-0.0598,3,2
frag_01914,question_intent_tree,2.0,3.0,16.0,2.0,0.0,0.0,0.0,0.333,1.0,0.75,0.25,0.2027,-0.0598,3,2
frag_01914,class_objective_tree,2.0,3.0,16.0,2.0,0.0,0.0,0.0,0.333,1.0,0.75,0.25,0.2027,-0.0598,3,2
frag_01914,hybrid_optimized_tree,1.0,2.0,11.0,1.0,0.0,0.0,0.0,0.167,1.0,0.857,0.15,0.1118,-0.1871,2,1
frag_01917,source_order_tree,1.0,2.0,11.0,1.0,0.0,0.0,0.0,0.167,1.0,0.857,0.15,0.1118,-0.1871,2,1
frag_01917,evidence_role_tree,2.0,3.0,14.0,2.0,0.0,0.0,0.0,0.333,1.0,0.75,0.25,0.2007,-0.0618,3,2
frag_01917,question_intent_tree,2.0,3.0,14.0,2.0,0.0,0.0,0.0,0.333,1.0,0.75,0.25,0.2007,-0.0618,3,2
frag_01917,class_objective_tree,2.0,3.0,14.0,2.0,0.0,0.0,0.0,0.333,1.0,0.75,0.25,0.2007,-0.0618,3,2
frag_01917,hybrid_optimized_tree,1.0,2.0,9.0,1.0,0.0,0.0,0.0,0.167,1.0,0.857,0.15,0.1098,-0.1891,2,1
frag_01918,source_order_tree,1.0,2.0,13.0,1.0,0.0,0.0,0.0,0.167,1.0,0.857,0.15,0.1138,-0.1851,2,1
frag_01918,evidence_role_tree,2.0,3.0,16.0,2.0,0.0,0.0,0.0,0.333,1.0,0.75,0.25,0.2027,-0.0598,3,2
frag_01918,question_intent_tree,2.0,3.0,16.0,2.0,0.0,0.0,0.0,0.333,1.0,0.75,0.25,0.2027,-0.0598,3,2
frag_01918,class_objective_tree,2.0,3.0,16.0,2.0,0.0,0.0,0.0,0.333,1.0,0.75,0.25,0.2027,-0.0598,3,2
frag_01918,hybrid_optimized_tree,1.0,2.0,11.0,1.0,0.0,0.0,0.0,0.167,1.0,0.857,0.15,0.1118,-0.1871,2,1
frag_01919,source_order_tree,1.5,3.0,18.0,1.0,0.0,0.0,0.0,0.333,0.5,0.75,0.25,0.1897,0.0022,3,2
frag_01919,evidence_role_tree,2.0,5.0,24.0,3.0,0.0,1.0,0.0,0.333,0.5,0.75,0.35,0.3023,0.1298,5,2
frag_01919,question_intent_tree,2.0,4.0,19.0,2.0,0.0,0.0,0.0,0.333,1.0,0.75,0.3,0.2207,-0.0343,4,2
frag_01919,class_objective_tree,2.0,4.0,19.0,2.0,0.0,0.0,0.0,0.333,1.0,0.75,0.3,0.2207,-0.0343,4,2
frag_01919,hybrid_optimized_tree,2.0,4.0,19.0,2.0,0.0,0.0,0.0,0.333,1.0,0.75,0.3,0.2207,-0.0343,4,2
frag_01922,source_order_tree,1.0,2.0,13.0,1.0,0.0,0.0,0.0,0.167,1.0,0.857,0.15,0.1138,-0.1851,2,1
frag_01922,evidence_role_tree,2.0,3.0,16.0,2.0,0.0,0.0,0.0,0.333,1.0,0.75,0.25,0.2027,-0.0598,3,2
frag_01922,question_intent_tree,2.0,3.0,16.0,2.0,0.0,0.0,0.0,0.333,1.0,0.75,0.25,0.2027,-0.0598,3,2
frag_01922,class_objective_tree,2.0,3.0,16.0,2.0,0.0,0.0,0.0,0.333,1.0,0.75,0.25,0.2027,-0.0598,3,2
frag_01922,hybrid_optimized_tree,1.0,2.0,11.0,1.0,0.0,0.0,0.0,0.167,1.0,0.857,0.15,0.1118,-0.1871,2,1
frag_01924,source_order_tree,1.0,2.0,11.0,1.0,0.0,0.0,0.0,0.167,1.0,0.857,0.15,0.1118,-0.1871,2,1
frag_01924,evidence_role_tree,2.0,3.0,14.0,2.0,0.0,0.0,0.0,0.333,1.0,0.75,0.25,0.2007,-0.0618,3,2
frag_01924,question_intent_tree,2.0,3.0,14.0,2.0,0.0,0.0,0.0,0.333,1.0,0.75,0.25,0.2007,-0.0618,3,2
frag_01924,class_objective_tree,2.0,3.0,14.0,2.0,0.0,0.0,0.0,0.333,1.0,0.75,0.25,0.2007,-0.0618,3,2
frag_01924,hybrid_optimized_tree,1.0,2.0,9.0,1.0,0.0,0.0,0.0,0.167,1.0,0.857,0.15,0.1098,-0.1891,2,1
frag_01926,source_order_tree,1.0,2.0,11.0,1.0,0.0,0.0,0.0,0.167,1.0,0.857,0.15,0.1118,-0.1871,2,1
frag_01926,evidence_role_tree,2.0,3.0,14.0,2.0,0.0,0.0,0.0,0.333,1.0,0.75,0.25,0.2007,-0.0618,3,2
frag_01926,question_intent_tree,2.0,3.0,14.0,2.0,0.0,0.0,0.0,0.333,1.0,0.75,0.25,0.2007,-0.0618,3,2
frag_01926,class_objective_tree,2.0,3.0,14.0,2.0,0.0,0.0,0.0,0.333,1.0,0.75,0.25,0.2007,-0.0618,3,2
frag_01926,hybrid_optimized_tree,1.0,2.0,9.0,1.0,0.0,0.0,0.0,0.167,1.0,0.857,0.15,0.1098,-0.1891,2,1
frag_01932,source_order_tree,1.0,2.0,30.0,1.0,0.0,0.0,0.5,0.167,1.0,0.857,0.15,0.1808,-0.1181,2,1
frag_01932,evidence_role_tree,2.0,3.0,33.0,2.0,0.0,0.0,0.5,0.333,1.0,0.75,0.25,0.2697,0.0072,3,2
frag_01932,question_intent_tree,2.0,3.0,33.0,2.0,0.0,0.0,0.5,0.333,1.0,0.75,0.25,0.2697,0.0072,3,2
frag_01932,class_objective_tree,2.0,3.0,33.0,2.0,0.0,0.0,0.5,0.333,1.0,0.75,0.25,0.2697,0.0072,3,2
frag_01932,hybrid_optimized_tree,1.0,2.0,28.0,1.0,0.0,0.0,0.5,0.167,1.0,0.857,0.15,0.1788,-0.1201,2,1
frag_01933,source_order_tree,1.0,2.0,11.0,1.0,0.0,0.0,0.0,0.167,1.0,0.857,0.15,0.1118,-0.1871,2,1
frag_01933,evidence_role_tree,2.0,3.0,14.0,2.0,0.0,0.0,0.0,0.333,1.0,0.75,0.25,0.2007,-0.0618,3,2
frag_01933,question_intent_tree,2.0,3.0,14.0,2.0,0.0,0.0,0.0,0.333,1.0,0.75,0.25,0.2007,-0.0618,3,2
frag_01933,class_objective_tree,2.0,3.0,14.0,2.0,0.0,0.0,0.0,0.333,1.0,0.75,0.25,0.2007,-0.0618,3,2
frag_01933,hybrid_optimized_tree,1.0,2.0,9.0,1.0,0.0,0.0,0.0,0.167,1.0,0.857,0.15,0.1098,-0.1891,2,1
frag_01934,source_order_tree,1.394,2.525,16.8,1.263,0.0,0.0,0.0,0.5,0.869,0.667,0.35,0.1784,-0.0327,4,3
frag_01934,evidence_role_tree,2.0,3.525,18.7,2.263,0.0,0.263,0.0,0.333,0.869,0.75,0.45,0.2381,0.0253,7,2
frag_01934,question_intent_tree,2.0,3.263,17.4,2.0,0.0,0.0,0.0,0.333,1.0,0.75,0.4,0.2149,-0.0251,6,2
frag_01934,class_objective_tree,2.0,3.263,17.4,2.0,0.0,0.0,0.0,0.333,1.0,0.75,0.4,0.2149,-0.0251,6,2
frag_01934,hybrid_optimized_tree,1.263,2.525,13.7,1.263,0.0,0.0,0.0,0.333,1.0,0.75,0.35,0.1552,-0.0923,5,2
frag_01935,source_order_tree,1.5,3.0,26.0,1.0,0.0,0.0,0.0,0.333,0.5,0.75,0.25,0.1977,0.0102,3,2
frag_01935,evidence_role_tree,2.0,5.0,32.0,3.0,0.0,1.0,0.0,0.333,0.5,0.75,0.35,0.3103,0.1378,5,2
frag_01935,question_intent_tree,2.0,4.0,27.0,2.0,0.0,0.0,0.0,0.333,1.0,0.75,0.3,0.2287,-0.0263,4,2
frag_01935,class_objective_tree,2.0,4.0,27.0,2.0,0.0,0.0,0.0,0.333,1.0,0.75,0.3,0.2287,-0.0263,4,2
frag_01935,hybrid_optimized_tree,2.0,4.0,27.0,2.0,0.0,0.0,0.0,0.333,1.0,0.75,0.3,0.2287,-0.0263,4,2
frag_01936,source_order_tree,1.5,3.0,19.0,1.0,0.0,0.0,0.0,0.333,0.5,0.75,0.25,0.1907,0.0032,3,2
frag_01936,evidence_role_tree,2.0,5.0,25.0,3.0,0.0,1.0,0.0,0.333,0.5,0.75,0.35,0.3033,0.1308,5,2
frag_01936,question_intent_tree,2.0,4.0,20.0,2.0,0.0,0.0,0.0,0.333,1.0,0.75,0.3,0.2217,-0.0333,4,2
frag_01936,class_objective_tree,2.0,4.0,20.0,2.0,0.0,0.0,0.0,0.333,1.0,0.75,0.3,0.2217,-0.0333,4,2
frag_01936,hybrid_optimized_tree,2.0,4.0,20.0,2.0,0.0,0.0,0.0,0.333,1.0,0.75,0.3,0.2217,-0.0333,4,2
frag_01937,source_order_tree,1.5,3.0,20.0,1.0,0.0,0.0,0.0,0.333,0.5,0.75,0.25,0.1917,0.0042,3,2
frag_01937,evidence_role_tree,2.0,5.0,26.0,3.0,0.0,1.0,0.0,0.333,0.5,0.75,0.35,0.3043,0.1318,5,2
frag_01937,question_intent_tree,2.0,4.0,21.0,2.0,0.0,0.0,0.0,0.333,1.0,0.75,0.3,0.2227,-0.0323,4,2
frag_01937,class_objective_tree,2.0,4.0,21.0,2.0,0.0,0.0,0.0,0.333,1.0,0.75,0.3,0.2227,-0.0323,4,2
frag_01937,hybrid_optimized_tree,2.0,4.0,21.0,2.0,0.0,0.0,0.0,0.333,1.0,0.75,0.3,0.2227,-0.0323,4,2
frag_01940,source_order_tree,3.5,5.0,42.0,3.0,1.0,0.0,0.0,0.667,0.5,0.6,0.45,0.4853,0.3578,5,4
frag_01940,evidence_role_tree,2.0,5.0,29.0,3.0,1.0,1.0,0.0,0.333,0.5,0.75,0.45,0.4123,0.2548,7,2
frag_01940,question_intent_tree,2.0,4.0,24.0,2.0,1.0,0.0,0.0,0.333,1.0,0.75,0.4,0.3307,0.0907,6,2
frag_01940,class_objective_tree,2.0,4.0,24.0,2.0,1.0,0.0,0.0,0.333,1.0,0.75,0.4,0.3307,0.0907,6,2
frag_01940,hybrid_optimized_tree,2.0,4.0,24.0,2.0,1.0,0.0,0.0,0.333,1.0,0.75,0.4,0.3307,0.0907,6,2
frag_01942,source_order_tree,1.5,3.0,19.0,1.0,0.0,0.0,0.0,0.333,0.5,0.75,0.25,0.1907,0.0032,3,2
frag_01942,evidence_role_tree,2.0,5.0,25.0,3.0,0.0,1.0,0.0,0.333,0.5,0.75,0.35,0.3033,0.1308,5,2
frag_01942,question_intent_tree,2.0,4.0,20.0,2.0,0.0,0.0,0.0,0.333,1.0,0.75,0.3,0.2217,-0.0333,4,2
frag_01942,class_objective_tree,2.0,4.0,20.0,2.0,0.0,0.0,0.0,0.333,1.0,0.75,0.3,0.2217,-0.0333,4,2
frag_01942,hybrid_optimized_tree,2.0,4.0,20.0,2.0,0.0,0.0,0.0,0.333,1.0,0.75,0.3,0.2217,-0.0333,4,2
frag_01951,source_order_tree,1.0,2.0,22.0,1.0,0.0,0.0,0.5,0.167,1.0,0.857,0.15,0.1728,-0.1261,2,1
frag_01951,evidence_role_tree,2.0,3.0,25.0,2.0,0.0,0.0,0.5,0.333,1.0,0.75,0.25,0.2617,-0.0008,3,2
frag_01951,question_intent_tree,2.0,3.0,25.0,2.0,0.0,0.0,0.5,0.333,1.0,0.75,0.25,0.2617,-0.0008,3,2
frag_01951,class_objective_tree,2.0,3.0,25.0,2.0,0.0,0.0,0.5,0.333,1.0,0.75,0.25,0.2617,-0.0008,3,2
frag_01951,hybrid_optimized_tree,1.0,2.0,20.0,1.0,0.0,0.0,0.5,0.167,1.0,0.857,0.15,0.1708,-0.1281,2,1
frag_01952,source_order_tree,2.055,3.555,40.4,1.555,0.0,0.0,0.0,0.5,0.5,0.667,0.35,0.2657,0.1098,4,3
frag_01952,evidence_role_tree,2.0,5.0,40.3,3.0,0.0,1.0,0.0,0.333,0.5,0.75,0.45,0.3237,0.1662,7,2
frag_01952,question_intent_tree,2.0,4.445,37.5,2.445,0.5,0.445,0.0,0.333,0.777,0.75,0.45,0.3297,0.1306,7,2
frag_01952,class_objective_tree,2.0,4.445,37.5,2.445,0.0,0.445,0.0,0.333,0.777,0.75,0.4,0.2772,0.0706,6,2
frag_01952,hybrid_optimized_tree,1.777,4.0,35.3,2.0,0.0,0.445,0.0,0.333,0.703,0.75,0.35,0.2528,0.0498,5,2
frag_01953,source_order_tree,1.0,2.0,12.0,1.0,0.0,0.0,0.0,0.167,1.0,0.857,0.15,0.1128,-0.1861,2,1
frag_01953,evidence_role_tree,2.0,3.0,15.0,2.0,0.0,0.0,0.0,0.333,1.0,0.75,0.25,0.2017,-0.0608,3,2
frag_01953,question_intent_tree,2.0,3.0,15.0,2.0,0.0,0.0,0.0,0.333,1.0,0.75,0.25,0.2017,-0.0608,3,2
frag_01953,class_objective_tree,2.0,3.0,15.0,2.0,0.0,0.0,0.0,0.333,1.0,0.75,0.25,0.2017,-0.0608,3,2
frag_01953,hybrid_optimized_tree,1.0,2.0,10.0,1.0,0.0,0.0,0.0,0.167,1.0,0.857,0.15,0.1108,-0.1881,2,1
frag_01954,source_order_tree,1.0,2.0,12.0,1.0,0.0,0.0,0.0,0.167,1.0,0.857,0.15,0.1128,-0.1861,2,1
frag_01954,evidence_role_tree,2.0,3.0,15.0,2.0,0.0,0.0,0.0,0.333,1.0,0.75,0.25,0.2017,-0.0608,3,2
frag_01954,question_intent_tree,2.0,3.0,15.0,2.0,0.0,0.0,0.0,0.333,1.0,0.75,0.25,0.2017,-0.0608,3,2
frag_01954,class_objective_tree,2.0,3.0,15.0,2.0,0.0,0.0,0.0,0.333,1.0,0.75,0.25,0.2017,-0.0608,3,2
frag_01954,hybrid_optimized_tree,1.0,2.0,10.0,1.0,0.0,0.0,0.0,0.167,1.0,0.857,0.15,0.1108,-0.1881,2,1
frag_01956,source_order_tree,1.5,3.0,20.0,1.0,0.0,0.0,0.0,0.333,0.5,0.75,0.25,0.1917,0.0042,3,2
frag_01956,evidence_role_tree,2.0,5.0,26.0,3.0,0.0,1.0,0.0,0.333,0.5,0.75,0.35,0.3043,0.1318,5,2
frag_01956,question_intent_tree,2.0,4.0,21.0,2.0,0.0,0.0,0.0,0.333,1.0,0.75,0.3,0.2227,-0.0323,4,2
frag_01956,class_objective_tree,2.0,4.0,21.0,2.0,0.0,0.0,0.0,0.333,1.0,0.75,0.3,0.2227,-0.0323,4,2
frag_01956,hybrid_optimized_tree,2.0,4.0,21.0,2.0,0.0,0.0,0.0,0.333,1.0,0.75,0.3,0.2227,-0.0323,4,2
frag_01957,source_order_tree,1.5,3.0,21.0,1.0,0.0,0.0,0.0,0.333,0.5,0.75,0.25,0.1927,0.0052,3,2
frag_01957,evidence_role_tree,2.0,5.0,27.0,3.0,0.0,1.0,0.0,0.333,0.5,0.75,0.35,0.3053,0.1328,5,2
frag_01957,question_intent_tree,2.0,4.0,22.0,2.0,0.0,0.0,0.0,0.333,1.0,0.75,0.3,0.2237,-0.0313,4,2
frag_01957,class_objective_tree,2.0,4.0,22.0,2.0,0.0,0.0,0.0,0.333,1.0,0.75,0.3,0.2237,-0.0313,4,2
frag_01957,hybrid_optimized_tree,2.0,4.0,22.0,2.0,0.0,0.0,0.0,0.333,1.0,0.75,0.3,0.2237,-0.0313,4,2
frag_01958,source_order_tree,1.0,2.0,13.0,1.0,0.0,0.0,0.0,0.167,1.0,0.857,0.15,0.1138,-0.1851,2,1
frag_01958,evidence_role_tree,2.0,3.0,16.0,2.0,0.0,0.0,0.0,0.333,1.0,0.75,0.25,0.2027,-0.0598,3,2
frag_01958,question_intent_tree,2.0,3.0,16.0,2.0,0.0,0.0,0.0,0.333,1.0,0.75,0.25,0.2027,-0.0598,3,2
frag_01958,class_objective_tree,2.0,3.0,16.0,2.0,0.0,0.0,0.0,0.333,1.0,0.75,0.25,0.2027,-0.0598,3,2
frag_01958,hybrid_optimized_tree,1.0,2.0,11.0,1.0,0.0,0.0,0.0,0.167,1.0,0.857,0.15,0.1118,-0.1871,2,1
frag_01959,source_order_tree,1.5,3.0,20.0,1.0,0.0,0.0,0.0,0.333,0.5,0.75,0.25,0.1917,0.0042,3,2
frag_01959,evidence_role_tree,2.0,5.0,26.0,3.0,0.0,1.0,0.0,0.333,0.5,0.75,0.35,0.3043,0.1318,5,2
frag_01959,question_intent_tree,2.0,4.0,21.0,2.0,0.0,0.0,0.0,0.333,1.0,0.75,0.3,0.2227,-0.0323,4,2
frag_01959,class_objective_tree,2.0,4.0,21.0,2.0,0.0,0.0,0.0,0.333,1.0,0.75,0.3,0.2227,-0.0323,4,2
frag_01959,hybrid_optimized_tree,2.0,4.0,21.0,2.0,0.0,0.0,0.0,0.333,1.0,0.75,0.3,0.2227,-0.0323,4,2
frag_01960,source_order_tree,1.5,3.0,19.0,1.0,0.0,0.0,0.0,0.333,0.5,0.75,0.25,0.1907,0.0032,3,2
frag_01960,evidence_role_tree,2.0,5.0,25.0,3.0,0.0,1.0,0.0,0.333,0.5,0.75,0.35,0.3033,0.1308,5,2
frag_01960,question_intent_tree,2.0,4.0,20.0,2.0,0.0,0.0,0.0,0.333,1.0,0.75,0.3,0.2217,-0.0333,4,2
frag_01960,class_objective_tree,2.0,4.0,20.0,2.0,0.0,0.0,0.0,0.333,1.0,0.75,0.3,0.2217,-0.0333,4,2
frag_01960,hybrid_optimized_tree,2.0,4.0,20.0,2.0,0.0,0.0,0.0,0.333,1.0,0.75,0.3,0.2217,-0.0333,4,2
frag_01961,source_order_tree,1.5,3.0,21.0,1.0,0.0,0.0,0.0,0.333,0.5,0.75,0.25,0.1927,0.0052,3,2
frag_01961,evidence_role_tree,2.0,5.0,27.0,3.0,0.0,1.0,0.0,0.333,0.5,0.75,0.35,0.3053,0.1328,5,2
frag_01961,question_intent_tree,2.0,4.0,22.0,2.0,0.0,0.0,0.0,0.333,1.0,0.75,0.3,0.2237,-0.0313,4,2
frag_01961,class_objective_tree,2.0,4.0,22.0,2.0,0.0,0.0,0.0,0.333,1.0,0.75,0.3,0.2237,-0.0313,4,2
frag_01961,hybrid_optimized_tree,2.0,4.0,22.0,2.0,0.0,0.0,0.0,0.333,1.0,0.75,0.3,0.2237,-0.0313,4,2
frag_01963,source_order_tree,1.5,3.0,20.0,1.0,0.0,0.0,0.0,0.333,0.5,0.75,0.25,0.1917,0.0042,3,2
frag_01963,evidence_role_tree,2.0,5.0,26.0,3.0,0.0,1.0,0.0,0.333,0.5,0.75,0.35,0.3043,0.1318,5,2
frag_01963,question_intent_tree,2.0,4.0,21.0,2.0,0.0,0.0,0.0,0.333,1.0,0.75,0.3,0.2227,-0.0323,4,2
frag_01963,class_objective_tree,2.0,4.0,21.0,2.0,0.0,0.0,0.0,0.333,1.0,0.75,0.3,0.2227,-0.0323,4,2
frag_01963,hybrid_optimized_tree,2.0,4.0,21.0,2.0,0.0,0.0,0.0,0.333,1.0,0.75,0.3,0.2227,-0.0323,4,2
frag_01964,source_order_tree,1.0,2.0,28.0,1.0,0.0,0.0,0.5,0.167,1.0,0.857,0.15,0.1788,-0.1201,2,1
frag_01964,evidence_role_tree,2.0,3.0,31.0,2.0,0.0,0.0,0.5,0.333,1.0,0.75,0.25,0.2677,0.0052,3,2
frag_01964,question_intent_tree,2.0,3.0,31.0,2.0,0.0,0.0,0.5,0.333,1.0,0.75,0.25,0.2677,0.0052,3,2
frag_01964,class_objective_tree,2.0,3.0,31.0,2.0,0.0,0.0,0.5,0.333,1.0,0.75,0.25,0.2677,0.0052,3,2
frag_01964,hybrid_optimized_tree,1.0,2.0,26.0,1.0,0.0,0.0,0.5,0.167,1.0,0.857,0.15,0.1768,-0.1221,2,1
frag_01965,source_order_tree,2.142,3.642,31.9,1.642,0.0,0.0,0.0,0.667,0.5,0.6,0.45,0.2768,0.1493,5,4
frag_01965,evidence_role_tree,2.0,5.0,32.2,3.0,0.0,1.0,0.0,0.333,0.5,0.75,0.55,0.3205,0.178,9,2
frag_01965,question_intent_tree,2.0,4.0,27.2,2.0,0.0,0.0,0.0,0.333,1.0,0.75,0.45,0.2363,0.0038,7,2
frag_01965,class_objective_tree,2.0,4.0,27.2,2.0,0.0,0.0,0.0,0.333,1.0,0.75,0.45,0.2363,0.0038,7,2
frag_01965,hybrid_optimized_tree,2.0,4.0,27.2,2.0,0.0,0.0,0.0,0.333,1.0,0.75,0.45,0.2363,0.0038,7,2
frag_01966,source_order_tree,1.686,2.915,20.8,1.457,0.0,0.0,0.0,0.5,0.771,0.667,0.35,0.2077,0.0112,4,3
frag_01966,evidence_role_tree,2.0,3.915,21.0,2.457,0.0,0.457,0.0,0.333,0.771,0.75,0.45,0.2573,0.0591,7,2
frag_01966,question_intent_tree,2.0,3.457,18.7,2.0,0.0,0.0,0.0,0.333,1.0,0.75,0.4,0.2186,-0.0214,6,2
frag_01966,class_objective_tree,2.0,3.457,18.7,2.0,0.0,0.0,0.0,0.333,1.0,0.75,0.4,0.2186,-0.0214,6,2
frag_01966,hybrid_optimized_tree,1.457,2.915,16.0,1.457,0.0,0.0,0.0,0.333,1.0,0.75,0.35,0.1741,-0.0734,5,2
frag_01967,source_order_tree,1.5,3.0,19.0,1.0,0.0,0.0,0.0,0.333,0.5,0.75,0.25,0.1907,0.0032,3,2
frag_01967,evidence_role_tree,2.0,5.0,25.0,3.0,0.0,1.0,0.0,0.333,0.5,0.75,0.35,0.3033,0.1308,5,2
frag_01967,question_intent_tree,2.0,4.0,20.0,2.0,0.0,0.0,0.0,0.333,1.0,0.75,0.3,0.2217,-0.0333,4,2
frag_01967,class_objective_tree,2.0,4.0,20.0,2.0,0.0,0.0,0.0,0.333,1.0,0.75,0.3,0.2217,-0.0333,4,2
frag_01967,hybrid_optimized_tree,2.0,4.0,20.0,2.0,0.0,0.0,0.0,0.333,1.0,0.75,0.3,0.2217,-0.0333,4,2
frag_01973,source_order_tree,2.947,4.447,35.0,2.447,0.0,0.0,0.0,0.667,0.5,0.6,0.45,0.3383,0.2108,5,4
frag_01973,evidence_role_tree,2.0,5.0,28.0,3.0,0.0,1.0,0.0,0.333,0.5,0.75,0.55,0.3163,0.1738,9,2
frag_01973,question_intent_tree,2.0,4.0,23.0,2.0,0.0,0.0,0.0,0.333,1.0,0.75,0.45,0.2322,-0.0003,7,2
frag_01973,class_objective_tree,2.0,4.0,23.0,2.0,0.0,0.0,0.0,0.333,1.0,0.75,0.45,0.2322,-0.0003,7,2
frag_01973,hybrid_optimized_tree,2.0,4.0,23.0,2.0,0.0,0.0,0.0,0.333,1.0,0.75,0.45,0.2322,-0.0003,7,2
frag_01975,source_order_tree,1.5,3.0,22.0,1.0,0.0,0.0,0.0,0.333,0.5,0.75,0.25,0.1937,0.0062,3,2
frag_01975,evidence_role_tree,2.0,5.0,28.0,3.0,0.0,1.0,0.0,0.333,0.5,0.75,0.35,0.3063,0.1338,5,2
frag_01975,question_intent_tree,2.0,4.0,23.0,2.0,0.0,0.0,0.0,0.333,1.0,0.75,0.3,0.2247,-0.0303,4,2
frag_01975,class_objective_tree,2.0,4.0,23.0,2.0,0.0,0.0,0.0,0.333,1.0,0.75,0.3,0.2247,-0.0303,4,2
frag_01975,hybrid_optimized_tree,2.0,4.0,23.0,2.0,0.0,0.0,0.0,0.333,1.0,0.75,0.3,0.2247,-0.0303,4,2
frag_01977,source_order_tree,2.947,4.447,36.0,2.447,0.0,0.0,0.0,0.667,0.5,0.6,0.45,0.3393,0.2118,5,4
frag_01977,evidence_role_tree,2.0,5.0,28.3,3.0,0.0,1.0,0.0,0.333,0.5,0.75,0.55,0.3166,0.1741,9,2
frag_01977,question_intent_tree,2.0,4.0,23.3,2.0,0.0,0.0,0.0,0.333,1.0,0.75,0.45,0.2324,-0.0001,7,2
frag_01977,class_objective_tree,2.0,4.0,23.3,2.0,0.0,0.0,0.0,0.333,1.0,0.75,0.45,0.2324,-0.0001,7,2
frag_01977,hybrid_optimized_tree,2.0,4.0,23.3,2.0,0.0,0.0,0.0,0.333,1.0,0.75,0.45,0.2324,-0.0001,7,2
frag_01987,source_order_tree,2.055,3.555,40.4,1.555,0.0,0.0,0.0,0.5,0.5,0.667,0.35,0.2657,0.1098,4,3
frag_01987,evidence_role_tree,2.0,5.0,40.3,3.0,0.0,1.0,0.0,0.333,0.5,0.75,0.45,0.3237,0.1662,7,2
frag_01987,question_intent_tree,2.0,4.445,37.5,2.445,0.5,0.445,0.0,0.333,0.777,0.75,0.45,0.3297,0.1306,7,2
frag_01987,class_objective_tree,2.0,4.445,37.5,2.445,0.0,0.445,0.0,0.333,0.777,0.75,0.4,0.2772,0.0706,6,2
frag_01987,hybrid_optimized_tree,1.777,4.0,35.3,2.0,0.0,0.445,0.0,0.333,0.703,0.75,0.35,0.2528,0.0498,5,2
frag_01988,source_order_tree,2.055,3.555,40.4,1.555,0.0,0.0,0.0,0.5,0.5,0.667,0.35,0.2657,0.1098,4,3
frag_01988,evidence_role_tree,2.0,5.0,40.3,3.0,0.0,1.0,0.0,0.333,0.5,0.75,0.45,0.3237,0.1662,7,2
frag_01988,question_intent_tree,2.0,4.445,37.5,2.445,0.5,0.445,0.0,0.333,0.777,0.75,0.45,0.3297,0.1306,7,2
frag_01988,class_objective_tree,2.0,4.445,37.5,2.445,0.0,0.445,0.0,0.333,0.777,0.75,0.4,0.2772,0.0706,6,2
frag_01988,hybrid_optimized_tree,1.777,4.0,35.3,2.0,0.0,0.445,0.0,0.333,0.703,0.75,0.35,0.2528,0.0498,5,2
frag_01990,source_order_tree,1.0,2.0,30.0,1.0,0.0,0.0,0.5,0.167,1.0,0.857,0.15,0.1808,-0.1181,2,1
frag_01990,evidence_role_tree,2.0,3.0,33.0,2.0,0.0,0.0,0.5,0.333,1.0,0.75,0.25,0.2697,0.0072,3,2
frag_01990,question_intent_tree,2.0,3.0,33.0,2.0,0.0,0.0,0.5,0.333,1.0,0.75,0.25,0.2697,0.0072,3,2
frag_01990,class_objective_tree,2.0,3.0,33.0,2.0,0.0,0.0,0.5,0.333,1.0,0.75,0.25,0.2697,0.0072,3,2
frag_01990,hybrid_optimized_tree,1.0,2.0,28.0,1.0,0.0,0.0,0.5,0.167,1.0,0.857,0.15,0.1788,-0.1201,2,1
frag_01992,source_order_tree,1.5,3.0,18.0,1.0,0.0,0.0,0.0,0.333,0.5,0.75,0.25,0.1897,0.0022,3,2
frag_01992,evidence_role_tree,2.0,5.0,24.0,3.0,0.0,1.0,0.0,0.333,0.5,0.75,0.35,0.3023,0.1298,5,2
frag_01992,question_intent_tree,2.0,4.0,19.0,2.0,0.0,0.0,0.0,0.333,1.0,0.75,0.3,0.2207,-0.0343,4,2
frag_01992,class_objective_tree,2.0,5.0,24.0,3.0,0.0,1.0,0.0,0.333,0.5,0.75,0.35,0.3023,0.1298,5,2
frag_01992,hybrid_optimized_tree,2.0,4.0,19.0,2.0,0.0,0.0,0.0,0.333,1.0,0.75,0.3,0.2207,-0.0343,4,2
frag_01996,source_order_tree,1.5,3.0,21.0,1.0,0.0,0.0,0.0,0.333,0.5,0.75,0.25,0.1927,0.0052,3,2
frag_01996,evidence_role_tree,2.0,5.0,27.0,3.0,0.0,1.0,0.0,0.333,0.5,0.75,0.35,0.3053,0.1328,5,2
frag_01996,question_intent_tree,2.0,4.0,22.0,2.0,0.0,0.0,0.0,0.333,1.0,0.75,0.3,0.2237,-0.0313,4,2
frag_01996,class_objective_tree,2.0,4.0,22.0,2.0,0.0,0.0,0.0,0.333,1.0,0.75,0.3,0.2237,-0.0313,4,2
frag_01996,hybrid_optimized_tree,2.0,4.0,22.0,2.0,0.0,0.0,0.0,0.333,1.0,0.75,0.3,0.2237,-0.0313,4,2
frag_02013,source_order_tree,1.0,2.0,30.0,1.0,0.0,0.0,0.5,0.167,1.0,0.857,0.15,0.1808,-0.1181,2,1
frag_02013,evidence_role_tree,2.0,3.0,33.0,2.0,0.0,0.0,0.5,0.333,1.0,0.75,0.25,0.2697,0.0072,3,2
frag_02013,question_intent_tree,2.0,3.0,33.0,2.0,0.0,0.0,0.5,0.333,1.0,0.75,0.25,0.2697,0.0072,3,2
frag_02013,class_objective_tree,2.0,3.0,33.0,2.0,0.0,0.0,0.5,0.333,1.0,0.75,0.25,0.2697,0.0072,3,2
frag_02013,hybrid_optimized_tree,1.0,2.0,28.0,1.0,0.0,0.0,0.5,0.167,1.0,0.857,0.15,0.1788,-0.1201,2,1
frag_02015,source_order_tree,3.763,5.016,49.6,3.511,0.0,0.0,0.248,0.833,0.748,0.545,0.55,0.4396,0.3009,6,5
frag_02015,evidence_role_tree,2.0,4.009,31.1,2.505,0.0,0.505,0.248,0.333,0.748,0.75,0.65,0.3062,0.1416,11,2
frag_02015,question_intent_tree,2.0,3.505,28.5,2.0,0.0,0.0,0.248,0.333,1.0,0.75,0.55,0.2613,0.0438,9,2
frag_02015,class_objective_tree,2.0,3.505,28.5,2.0,0.0,0.0,0.248,0.333,1.0,0.75,0.5,0.2588,0.0338,8,2
frag_02015,hybrid_optimized_tree,1.505,3.009,26.1,1.505,0.0,0.0,0.248,0.333,1.0,0.75,0.5,0.2204,-0.0046,8,2
frag_02017,source_order_tree,1.5,3.0,18.0,1.0,0.0,0.0,0.0,0.333,0.5,0.75,0.25,0.1897,0.0022,3,2
frag_02017,evidence_role_tree,2.0,5.0,24.0,3.0,0.0,1.0,0.0,0.333,0.5,0.75,0.35,0.3023,0.1298,5,2
frag_02017,question_intent_tree,2.0,4.0,19.0,2.0,0.0,0.0,0.0,0.333,1.0,0.75,0.3,0.2207,-0.0343,4,2
frag_02017,class_objective_tree,2.0,4.0,19.0,2.0,0.0,0.0,0.0,0.333,1.0,0.75,0.3,0.2207,-0.0343,4,2
frag_02017,hybrid_optimized_tree,2.0,4.0,19.0,2.0,0.0,0.0,0.0,0.333,1.0,0.75,0.3,0.2207,-0.0343,4,2
frag_02026,source_order_tree,1.6,2.6,35.4,1.6,0.0,0.0,0.2,0.333,1.0,0.75,0.25,0.2131,-0.0494,3,2
frag_02026,evidence_role_tree,2.0,3.0,22.8,2.0,0.0,0.0,0.2,0.333,1.0,0.75,0.35,0.2344,-0.0131,5,2
frag_02026,question_intent_tree,2.0,3.0,22.8,2.0,0.0,0.0,0.2,0.333,1.0,0.75,0.35,0.2344,-0.0131,5,2
frag_02026,class_objective_tree,2.0,3.0,22.8,2.0,0.0,0.0,0.2,0.333,1.0,0.75,0.35,0.2344,-0.0131,5,2
frag_02026,hybrid_optimized_tree,1.0,2.0,17.8,1.0,0.0,0.0,0.2,0.167,1.0,0.857,0.2,0.1411,-0.1503,3,1
frag_02027,source_order_tree,2.511,3.674,35.5,2.348,0.0,0.0,0.337,0.5,0.837,0.667,0.35,0.3132,0.1068,4,3
frag_02027,evidence_role_tree,2.0,3.652,30.1,2.326,0.0,0.326,0.337,0.333,0.837,0.75,0.45,0.2887,0.0807,7,2
frag_02027,question_intent_tree,2.0,3.326,28.4,2.0,0.0,0.0,0.337,0.333,1.0,0.75,0.4,0.2604,0.0204,6,2
frag_02027,class_objective_tree,2.0,3.326,28.4,2.0,0.0,0.0,0.337,0.333,1.0,0.75,0.4,0.2604,0.0204,6,2
frag_02027,hybrid_optimized_tree,1.326,2.652,25.1,1.326,0.0,0.0,0.337,0.333,1.0,0.75,0.35,0.2056,-0.0419,5,2
frag_02032,source_order_tree,1.0,2.0,13.0,1.0,0.0,0.0,0.0,0.167,1.0,0.857,0.15,0.1138,-0.1851,2,1
frag_02032,evidence_role_tree,2.0,3.0,16.0,2.0,0.0,0.0,0.0,0.333,1.0,0.75,0.25,0.2027,-0.0598,3,2
frag_02032,question_intent_tree,2.0,3.0,16.0,2.0,0.0,0.0,0.0,0.333,1.0,0.75,0.25,0.2027,-0.0598,3,2
frag_02032,class_objective_tree,2.0,3.0,16.0,2.0,0.0,0.0,0.0,0.333,1.0,0.75,0.25,0.2027,-0.0598,3,2
frag_02032,hybrid_optimized_tree,1.0,2.0,11.0,1.0,0.0,0.0,0.0,0.167,1.0,0.857,0.15,0.1118,-0.1871,2,1
frag_02033,source_order_tree,1.0,2.0,13.0,1.0,0.0,0.0,0.0,0.167,1.0,0.857,0.15,0.1138,-0.1851,2,1
frag_02033,evidence_role_tree,2.0,3.0,16.0,2.0,0.0,0.0,0.0,0.333,1.0,0.75,0.25,0.2027,-0.0598,3,2
frag_02033,question_intent_tree,2.0,3.0,16.0,2.0,0.0,0.0,0.0,0.333,1.0,0.75,0.25,0.2027,-0.0598,3,2
frag_02033,class_objective_tree,2.0,3.0,16.0,2.0,0.0,0.0,0.0,0.333,1.0,0.75,0.25,0.2027,-0.0598,3,2
frag_02033,hybrid_optimized_tree,1.0,2.0,11.0,1.0,0.0,0.0,0.0,0.167,1.0,0.857,0.15,0.1118,-0.1871,2,1
frag_02035,source_order_tree,1.0,2.0,30.0,1.0,0.0,0.0,0.5,0.167,1.0,0.857,0.15,0.1808,-0.1181,2,1
frag_02035,evidence_role_tree,2.0,3.0,33.0,2.0,0.0,0.0,0.5,0.333,1.0,0.75,0.25,0.2697,0.0072,3,2
frag_02035,question_intent_tree,2.0,3.0,33.0,2.0,0.0,0.0,0.5,0.333,1.0,0.75,0.25,0.2697,0.0072,3,2
frag_02035,class_objective_tree,2.0,3.0,33.0,2.0,0.0,0.0,0.5,0.333,1.0,0.75,0.25,0.2697,0.0072,3,2
frag_02035,hybrid_optimized_tree,1.0,2.0,28.0,1.0,0.0,0.0,0.5,0.167,1.0,0.857,0.15,0.1788,-0.1201,2,1
frag_02041,source_order_tree,1.4,2.4,24.4,1.4,0.0,0.0,0.2,0.333,1.0,0.75,0.25,0.1875,-0.075,3,2
frag_02041,evidence_role_tree,2.0,3.0,23.4,2.0,0.0,0.0,0.2,0.333,1.0,0.75,0.35,0.235,-0.0125,5,2
frag_02041,question_intent_tree,2.0,3.0,23.4,2.0,0.0,0.0,0.2,0.333,1.0,0.75,0.35,0.235,-0.0125,5,2
frag_02041,class_objective_tree,2.0,3.0,23.4,2.0,0.0,0.0,0.2,0.333,1.0,0.75,0.35,0.235,-0.0125,5,2
frag_02041,hybrid_optimized_tree,1.0,2.0,18.4,1.0,0.0,0.0,0.2,0.167,1.0,0.857,0.2,0.1417,-0.1497,3,1
frag_02048,source_order_tree,1.5,3.0,21.0,1.0,0.0,0.0,0.0,0.333,0.5,0.75,0.25,0.1927,0.0052,3,2
frag_02048,evidence_role_tree,2.0,5.0,27.0,3.0,0.0,1.0,0.0,0.333,0.5,0.75,0.35,0.3053,0.1328,5,2
frag_02048,question_intent_tree,2.0,4.0,22.0,2.0,0.0,0.0,0.0,0.333,1.0,0.75,0.3,0.2237,-0.0313,4,2
frag_02048,class_objective_tree,2.0,4.0,22.0,2.0,0.0,0.0,0.0,0.333,1.0,0.75,0.3,0.2237,-0.0313,4,2
frag_02048,hybrid_optimized_tree,2.0,4.0,22.0,2.0,0.0,0.0,0.0,0.333,1.0,0.75,0.3,0.2237,-0.0313,4,2
frag_02049,source_order_tree,2.968,4.414,29.9,2.521,0.0,0.0,0.0,0.833,0.553,0.545,0.55,0.3457,0.2361,6,5
frag_02049,evidence_role_tree,2.0,4.786,24.6,2.893,0.0,0.893,0.0,0.333,0.553,0.75,0.65,0.3086,0.1731,11,2
frag_02049,question_intent_tree,2.0,3.893,20.1,2.0,0.0,0.0,0.0,0.333,1.0,0.75,0.55,0.2329,0.0154,9,2
frag_02049,class_objective_tree,2.0,4.239,21.8,2.346,0.0,0.346,0.0,0.333,0.827,0.75,0.55,0.2604,0.0688,9,2
frag_02049,hybrid_optimized_tree,1.893,3.786,19.6,1.893,0.0,0.0,0.0,0.333,1.0,0.75,0.5,0.2222,-0.0028,8,2
frag_02051,source_order_tree,2.8,4.071,28.7,2.529,0.0,0.0,0.0,1.0,0.729,0.5,0.65,0.3382,0.2263,7,6
frag_02051,evidence_role_tree,2.0,4.083,21.2,2.542,0.0,0.542,0.0,0.333,0.729,0.75,0.75,0.2798,0.1329,13,2
frag_02051,question_intent_tree,2.0,3.542,18.5,2.0,0.0,0.0,0.0,0.333,1.0,0.75,0.65,0.2319,0.0294,11,2
frag_02051,class_objective_tree,2.0,3.542,18.5,2.0,0.0,0.0,0.0,0.333,1.0,0.75,0.55,0.2269,0.0094,9,2
frag_02051,hybrid_optimized_tree,1.542,3.083,16.2,1.542,0.0,0.0,0.0,0.333,1.0,0.75,0.55,0.1914,-0.0261,9,2
frag_02053,source_order_tree,1.5,3.0,23.0,1.0,0.0,0.0,0.0,0.333,0.5,0.75,0.25,0.1947,0.0072,3,2
frag_02053,evidence_role_tree,2.0,5.0,29.0,3.0,0.0,1.0,0.0,0.333,0.5,0.75,0.35,0.3073,0.1348,5,2
frag_02053,question_intent_tree,2.0,4.0,24.0,2.0,0.0,0.0,0.0,0.333,1.0,0.75,0.3,0.2257,-0.0293,4,2
frag_02053,class_objective_tree,2.0,4.0,24.0,2.0,0.0,0.0,0.0,0.333,1.0,0.75,0.3,0.2257,-0.0293,4,2
frag_02053,hybrid_optimized_tree,2.0,4.0,24.0,2.0,0.0,0.0,0.0,0.333,1.0,0.75,0.3,0.2257,-0.0293,4,2
frag_02056,source_order_tree,2.142,3.642,30.0,1.642,0.0,0.0,0.0,0.667,0.5,0.6,0.45,0.2749,0.1474,5,4
frag_02056,evidence_role_tree,2.0,5.0,30.2,3.0,0.0,1.0,0.0,0.333,0.5,0.75,0.55,0.3186,0.1761,9,2
frag_02056,question_intent_tree,2.0,4.0,25.2,2.0,0.0,0.0,0.0,0.333,1.0,0.75,0.45,0.2344,0.0019,7,2
frag_02056,class_objective_tree,2.0,4.0,25.2,2.0,0.0,0.0,0.0,0.333,1.0,0.75,0.45,0.2344,0.0019,7,2
frag_02056,hybrid_optimized_tree,2.0,4.0,25.2,2.0,0.0,0.0,0.0,0.333,1.0,0.75,0.45,0.2344,0.0019,7,2
frag_02058,source_order_tree,1.0,2.0,18.0,1.0,0.0,0.0,0.5,0.167,1.0,0.857,0.15,0.1688,-0.1301,2,1
frag_02058,evidence_role_tree,2.0,3.0,21.0,2.0,0.0,0.0,0.5,0.333,1.0,0.75,0.25,0.2577,-0.0048,3,2
frag_02058,question_intent_tree,2.0,3.0,21.0,2.0,0.0,0.0,0.5,0.333,1.0,0.75,0.25,0.2577,-0.0048,3,2
frag_02058,class_objective_tree,2.0,3.0,21.0,2.0,0.0,0.0,0.5,0.333,1.0,0.75,0.25,0.2577,-0.0048,3,2
frag_02058,hybrid_optimized_tree,1.0,2.0,16.0,1.0,0.0,0.0,0.5,0.167,1.0,0.857,0.15,0.1668,-0.1321,2,1
frag_02060,source_order_tree,1.0,2.0,30.0,1.0,0.0,0.0,0.0,0.167,1.0,0.857,0.15,0.1308,-0.1681,2,1
frag_02060,evidence_role_tree,2.0,3.0,33.0,2.0,0.0,0.0,0.0,0.333,1.0,0.75,0.25,0.2197,-0.0428,3,2
frag_02060,question_intent_tree,2.0,3.0,33.0,2.0,0.0,0.0,0.0,0.333,1.0,0.75,0.25,0.2197,-0.0428,3,2
frag_02060,class_objective_tree,2.0,3.0,33.0,2.0,0.0,0.0,0.0,0.333,1.0,0.75,0.25,0.2197,-0.0428,3,2
frag_02060,hybrid_optimized_tree,1.0,2.0,28.0,1.0,0.0,0.0,0.0,0.167,1.0,0.857,0.15,0.1288,-0.1701,2,1
frag_02062,source_order_tree,1.5,3.0,22.0,1.0,0.0,0.0,0.0,0.333,0.5,0.75,0.25,0.1937,0.0062,3,2
frag_02062,evidence_role_tree,2.0,5.0,28.0,3.0,0.0,1.0,0.0,0.333,0.5,0.75,0.35,0.3063,0.1338,5,2
frag_02062,question_intent_tree,2.0,4.0,23.0,2.0,0.0,0.0,0.0,0.333,1.0,0.75,0.3,0.2247,-0.0303,4,2
frag_02062,class_objective_tree,2.0,4.0,23.0,2.0,0.0,0.0,0.0,0.333,1.0,0.75,0.3,0.2247,-0.0303,4,2
frag_02062,hybrid_optimized_tree,2.0,4.0,23.0,2.0,0.0,0.0,0.0,0.333,1.0,0.75,0.3,0.2247,-0.0303,4,2
frag_02063,source_order_tree,1.5,3.0,20.0,1.0,0.0,0.0,0.0,0.333,0.5,0.75,0.25,0.1917,0.0042,3,2
frag_02063,evidence_role_tree,2.0,5.0,26.0,3.0,0.0,1.0,0.0,0.333,0.5,0.75,0.35,0.3043,0.1318,5,2
frag_02063,question_intent_tree,2.0,4.0,21.0,2.0,0.0,0.0,0.0,0.333,1.0,0.75,0.3,0.2227,-0.0323,4,2
frag_02063,class_objective_tree,2.0,4.0,21.0,2.0,0.0,0.0,0.0,0.333,1.0,0.75,0.3,0.2227,-0.0323,4,2
frag_02063,hybrid_optimized_tree,2.0,4.0,21.0,2.0,0.0,0.0,0.0,0.333,1.0,0.75,0.3,0.2227,-0.0323,4,2
frag_02065,source_order_tree,1.5,3.0,19.0,1.0,0.0,0.0,0.0,0.333,0.5,0.75,0.25,0.1907,0.0032,3,2
frag_02065,evidence_role_tree,2.0,5.0,25.0,3.0,0.0,1.0,0.0,0.333,0.5,0.75,0.35,0.3033,0.1308,5,2
frag_02065,question_intent_tree,2.0,4.0,20.0,2.0,0.0,0.0,0.0,0.333,1.0,0.75,0.3,0.2217,-0.0333,4,2
frag_02065,class_objective_tree,2.0,4.0,20.0,2.0,0.0,0.0,0.0,0.333,1.0,0.75,0.3,0.2217,-0.0333,4,2
frag_02065,hybrid_optimized_tree,2.0,4.0,20.0,2.0,0.0,0.0,0.0,0.333,1.0,0.75,0.3,0.2217,-0.0333,4,2
frag_02073,source_order_tree,1.0,2.0,14.0,1.0,0.0,0.0,0.0,0.167,1.0,0.857,0.15,0.1148,-0.1841,2,1
frag_02073,evidence_role_tree,2.0,3.0,17.0,2.0,0.0,0.0,0.0,0.333,1.0,0.75,0.25,0.2037,-0.0588,3,2
frag_02073,question_intent_tree,2.0,3.0,17.0,2.0,0.0,0.0,0.0,0.333,1.0,0.75,0.25,0.2037,-0.0588,3,2
frag_02073,class_objective_tree,2.0,3.0,17.0,2.0,0.0,0.0,0.0,0.333,1.0,0.75,0.25,0.2037,-0.0588,3,2
frag_02073,hybrid_optimized_tree,1.0,2.0,12.0,1.0,0.0,0.0,0.0,0.167,1.0,0.857,0.15,0.1128,-0.1861,2,1
frag_02075,source_order_tree,1.0,2.0,14.0,1.0,0.0,0.0,0.0,0.167,1.0,0.857,0.15,0.1148,-0.1841,2,1
frag_02075,evidence_role_tree,2.0,3.0,17.0,2.0,0.0,0.0,0.0,0.333,1.0,0.75,0.25,0.2037,-0.0588,3,2
frag_02075,question_intent_tree,2.0,3.0,17.0,2.0,0.0,0.0,0.0,0.333,1.0,0.75,0.25,0.2037,-0.0588,3,2
frag_02075,class_objective_tree,2.0,3.0,17.0,2.0,0.0,0.0,0.0,0.333,1.0,0.75,0.25,0.2037,-0.0588,3,2
frag_02075,hybrid_optimized_tree,1.0,2.0,12.0,1.0,0.0,0.0,0.0,0.167,1.0,0.857,0.15,0.1128,-0.1861,2,1
frag_02076,source_order_tree,1.5,3.0,26.0,1.0,0.0,0.0,0.0,0.333,0.5,0.75,0.25,0.1977,0.0102,3,2
frag_02076,evidence_role_tree,2.0,5.0,32.0,3.0,0.0,1.0,0.0,0.333,0.5,0.75,0.35,0.3103,0.1378,5,2
frag_02076,question_intent_tree,2.0,4.0,27.0,2.0,0.0,0.0,0.0,0.333,1.0,0.75,0.3,0.2287,-0.0263,4,2
frag_02076,class_objective_tree,2.0,5.0,32.0,3.0,0.0,1.0,0.0,0.333,0.5,0.75,0.35,0.3103,0.1378,5,2
frag_02076,hybrid_optimized_tree,2.0,4.0,27.0,2.0,0.0,0.0,0.0,0.333,1.0,0.75,0.3,0.2287,-0.0263,4,2
frag_02077,source_order_tree,1.5,3.0,26.0,1.0,0.0,0.0,0.0,0.333,0.5,0.75,0.25,0.1977,0.0102,3,2
frag_02077,evidence_role_tree,2.0,5.0,32.0,3.0,0.0,1.0,0.0,0.333,0.5,0.75,0.35,0.3103,0.1378,5,2
frag_02077,question_intent_tree,2.0,4.0,27.0,2.0,0.0,0.0,0.0,0.333,1.0,0.75,0.3,0.2287,-0.0263,4,2
frag_02077,class_objective_tree,2.0,5.0,32.0,3.0,0.0,1.0,0.0,0.333,0.5,0.75,0.35,0.3103,0.1378,5,2
frag_02077,hybrid_optimized_tree,2.0,4.0,27.0,2.0,0.0,0.0,0.0,0.333,1.0,0.75,0.3,0.2287,-0.0263,4,2
frag_02084,source_order_tree,1.686,2.915,19.3,1.457,0.0,0.0,0.0,0.5,0.771,0.667,0.35,0.2063,0.0098,4,3
frag_02084,evidence_role_tree,2.0,3.915,20.0,2.457,0.0,0.457,0.0,0.333,0.771,0.75,0.45,0.2563,0.0581,7,2
frag_02084,question_intent_tree,2.0,3.457,17.7,2.0,0.0,0.0,0.0,0.333,1.0,0.75,0.4,0.2176,-0.0224,6,2
frag_02084,class_objective_tree,2.0,3.457,17.7,2.0,0.0,0.0,0.0,0.333,1.0,0.75,0.4,0.2176,-0.0224,6,2
frag_02084,hybrid_optimized_tree,1.457,2.915,15.0,1.457,0.0,0.0,0.0,0.333,1.0,0.75,0.35,0.1731,-0.0744,5,2
frag_02085,source_order_tree,1.5,3.0,21.0,1.0,0.0,0.0,0.0,0.333,0.5,0.75,0.25,0.1927,0.0052,3,2
frag_02085,evidence_role_tree,2.0,5.0,27.0,3.0,0.0,1.0,0.0,0.333,0.5,0.75,0.35,0.3053,0.1328,5,2
frag_02085,question_intent_tree,2.0,4.0,22.0,2.0,0.0,0.0,0.0,0.333,1.0,0.75,0.3,0.2237,-0.0313,4,2
frag_02085,class_objective_tree,2.0,4.0,22.0,2.0,0.0,0.0,0.0,0.333,1.0,0.75,0.3,0.2237,-0.0313,4,2
frag_02085,hybrid_optimized_tree,2.0,4.0,22.0,2.0,0.0,0.0,0.0,0.333,1.0,0.75,0.3,0.2237,-0.0313,4,2
frag_02095,source_order_tree,1.0,2.0,30.0,1.0,0.0,0.0,0.5,0.167,1.0,0.857,0.15,0.1808,-0.1181,2,1
frag_02095,evidence_role_tree,2.0,3.0,33.0,2.0,0.0,0.0,0.5,0.333,1.0,0.75,0.25,0.2697,0.0072,3,2
frag_02095,question_intent_tree,2.0,3.0,33.0,2.0,0.0,0.0,0.5,0.333,1.0,0.75,0.25,0.2697,0.0072,3,2
frag_02095,class_objective_tree,2.0,3.0,33.0,2.0,0.0,0.0,0.5,0.333,1.0,0.75,0.25,0.2697,0.0072,3,2
frag_02095,hybrid_optimized_tree,1.0,2.0,28.0,1.0,0.0,0.0,0.5,0.167,1.0,0.857,0.15,0.1788,-0.1201,2,1
frag_02096,source_order_tree,1.0,2.0,30.0,1.0,0.0,0.0,0.5,0.167,1.0,0.857,0.15,0.1808,-0.1181,2,1
frag_02096,evidence_role_tree,2.0,3.0,33.0,2.0,0.0,0.0,0.5,0.333,1.0,0.75,0.25,0.2697,0.0072,3,2
frag_02096,question_intent_tree,2.0,3.0,33.0,2.0,0.0,0.0,0.5,0.333,1.0,0.75,0.25,0.2697,0.0072,3,2
frag_02096,class_objective_tree,2.0,3.0,33.0,2.0,0.0,0.0,0.5,0.333,1.0,0.75,0.25,0.2697,0.0072,3,2
frag_02096,hybrid_optimized_tree,1.0,2.0,28.0,1.0,0.0,0.0,0.5,0.167,1.0,0.857,0.15,0.1788,-0.1201,2,1
frag_02098,source_order_tree,1.5,3.0,20.0,1.0,0.0,0.0,0.0,0.333,0.5,0.75,0.25,0.1917,0.0042,3,2
frag_02098,evidence_role_tree,2.0,5.0,26.0,3.0,0.0,1.0,0.0,0.333,0.5,0.75,0.35,0.3043,0.1318,5,2
frag_02098,question_intent_tree,2.0,4.0,21.0,2.0,0.0,0.0,0.0,0.333,1.0,0.75,0.3,0.2227,-0.0323,4,2
frag_02098,class_objective_tree,2.0,4.0,21.0,2.0,0.0,0.0,0.0,0.333,1.0,0.75,0.3,0.2227,-0.0323,4,2
frag_02098,hybrid_optimized_tree,2.0,4.0,21.0,2.0,0.0,0.0,0.0,0.333,1.0,0.75,0.3,0.2227,-0.0323,4,2
frag_02099,source_order_tree,2.477,3.652,42.9,2.303,0.0,0.0,0.326,0.5,0.826,0.667,0.35,0.3175,0.1128,4,3
frag_02099,evidence_role_tree,2.0,3.697,32.7,2.348,0.0,0.348,0.326,0.333,0.826,0.75,0.45,0.2921,0.0857,7,2
frag_02099,question_intent_tree,2.0,3.348,30.9,2.0,0.0,0.0,0.326,0.333,1.0,0.75,0.4,0.262,0.022,6,2
frag_02099,class_objective_tree,2.0,3.348,30.9,2.0,0.0,0.0,0.326,0.333,1.0,0.75,0.4,0.262,0.022,6,2
frag_02099,hybrid_optimized_tree,1.348,2.697,27.7,1.348,0.0,0.0,0.326,0.333,1.0,0.75,0.35,0.209,-0.0385,5,2
frag_02100,source_order_tree,2.477,3.652,42.9,2.303,0.0,0.0,0.326,0.5,0.826,0.667,0.35,0.3175,0.1128,4,3
frag_02100,evidence_role_tree,2.0,3.697,32.7,2.348,0.0,0.348,0.326,0.333,0.826,0.75,0.45,0.2921,0.0857,7,2
frag_02100,question_intent_tree,2.0,3.348,30.9,2.0,0.0,0.0,0.326,0.333,1.0,0.75,0.4,0.262,0.022,6,2
frag_02100,class_objective_tree,2.0,3.348,30.9,2.0,0.0,0.0,0.326,0.333,1.0,0.75,0.4,0.262,0.022,6,2
frag_02100,hybrid_optimized_tree,1.348,2.697,27.7,1.348,0.0,0.0,0.326,0.333,1.0,0.75,0.35,0.209,-0.0385,5,2
frag_02105,source_order_tree,2.477,3.652,42.9,2.303,0.0,0.0,0.326,0.5,0.826,0.667,0.35,0.3175,0.1128,4,3
frag_02105,evidence_role_tree,2.0,3.697,32.7,2.348,0.0,0.348,0.326,0.333,0.826,0.75,0.45,0.2921,0.0857,7,2
frag_02105,question_intent_tree,2.0,3.348,30.9,2.0,0.0,0.0,0.326,0.333,1.0,0.75,0.4,0.262,0.022,6,2
frag_02105,class_objective_tree,2.0,3.348,30.9,2.0,0.0,0.0,0.326,0.333,1.0,0.75,0.4,0.262,0.022,6,2
frag_02105,hybrid_optimized_tree,1.348,2.697,27.7,1.348,0.0,0.0,0.326,0.333,1.0,0.75,0.35,0.209,-0.0385,5,2
frag_02106,source_order_tree,1.0,2.0,30.0,1.0,0.0,0.0,0.5,0.167,1.0,0.857,0.15,0.1808,-0.1181,2,1
frag_02106,evidence_role_tree,2.0,3.0,33.0,2.0,0.0,0.0,0.5,0.333,1.0,0.75,0.25,0.2697,0.0072,3,2
frag_02106,question_intent_tree,2.0,3.0,33.0,2.0,0.0,0.0,0.5,0.333,1.0,0.75,0.25,0.2697,0.0072,3,2
frag_02106,class_objective_tree,2.0,3.0,33.0,2.0,0.0,0.0,0.5,0.333,1.0,0.75,0.25,0.2697,0.0072,3,2
frag_02106,hybrid_optimized_tree,1.0,2.0,28.0,1.0,0.0,0.0,0.5,0.167,1.0,0.857,0.15,0.1788,-0.1201,2,1
frag_02109,source_order_tree,1.0,2.0,13.0,1.0,0.0,0.0,0.0,0.167,1.0,0.857,0.15,0.1138,-0.1851,2,1
frag_02109,evidence_role_tree,2.0,3.0,16.0,2.0,0.0,0.0,0.0,0.333,1.0,0.75,0.25,0.2027,-0.0598,3,2
frag_02109,question_intent_tree,2.0,3.0,16.0,2.0,0.0,0.0,0.0,0.333,1.0,0.75,0.25,0.2027,-0.0598,3,2
frag_02109,class_objective_tree,2.0,3.0,16.0,2.0,0.0,0.0,0.0,0.333,1.0,0.75,0.25,0.2027,-0.0598,3,2
frag_02109,hybrid_optimized_tree,1.0,2.0,11.0,1.0,0.0,0.0,0.0,0.167,1.0,0.857,0.15,0.1118,-0.1871,2,1
frag_02110,source_order_tree,1.0,2.0,30.0,1.0,0.0,0.0,0.5,0.167,1.0,0.857,0.15,0.1808,-0.1181,2,1
frag_02110,evidence_role_tree,2.0,3.0,33.0,2.0,0.0,0.0,0.5,0.333,1.0,0.75,0.25,0.2697,0.0072,3,2
frag_02110,question_intent_tree,2.0,3.0,33.0,2.0,0.0,0.0,0.5,0.333,1.0,0.75,0.25,0.2697,0.0072,3,2
frag_02110,class_objective_tree,2.0,3.0,33.0,2.0,0.0,0.0,0.5,0.333,1.0,0.75,0.25,0.2697,0.0072,3,2
frag_02110,hybrid_optimized_tree,1.0,2.0,28.0,1.0,0.0,0.0,0.5,0.167,1.0,0.857,0.15,0.1788,-0.1201,2,1
frag_02111,source_order_tree,4.818,6.166,60.5,4.471,0.0,0.0,0.152,1.167,0.652,0.462,0.75,0.5481,0.4705,8,7
frag_02111,evidence_role_tree,2.0,4.391,28.4,2.696,0.0,0.696,0.152,0.333,0.652,0.75,0.85,0.3206,0.2003,15,2
frag_02111,question_intent_tree,2.0,3.696,24.9,2.0,0.0,0.0,0.152,0.333,1.0,0.75,0.7,0.258,0.063,12,2
frag_02111,class_objective_tree,2.0,3.696,24.9,2.0,0.0,0.0,0.152,0.333,1.0,0.75,0.6,0.253,0.043,10,2
frag_02111,hybrid_optimized_tree,1.696,3.391,23.4,1.696,0.0,0.0,0.152,0.333,1.0,0.75,0.65,0.2319,0.0294,11,2
frag_02114,source_order_tree,1.0,2.0,13.0,1.0,0.0,0.0,0.0,0.167,1.0,0.857,0.15,0.1138,-0.1851,2,1
frag_02114,evidence_role_tree,2.0,3.0,16.0,2.0,0.0,0.0,0.0,0.333,1.0,0.75,0.25,0.2027,-0.0598,3,2
frag_02114,question_intent_tree,2.0,3.0,16.0,2.0,0.0,0.0,0.0,0.333,1.0,0.75,0.25,0.2027,-0.0598,3,2
frag_02114,class_objective_tree,2.0,3.0,16.0,2.0,0.0,0.0,0.0,0.333,1.0,0.75,0.25,0.2027,-0.0598,3,2
frag_02114,hybrid_optimized_tree,1.0,2.0,11.0,1.0,0.0,0.0,0.0,0.167,1.0,0.857,0.15,0.1118,-0.1871,2,1
frag_02121,source_order_tree,1.0,2.0,13.0,1.0,0.0,0.0,0.0,0.167,1.0,0.857,0.15,0.1138,-0.1851,2,1
frag_02121,evidence_role_tree,2.0,3.0,16.0,2.0,0.0,0.0,0.0,0.333,1.0,0.75,0.25,0.2027,-0.0598,3,2
frag_02121,question_intent_tree,2.0,3.0,16.0,2.0,0.0,0.0,0.0,0.333,1.0,0.75,0.25,0.2027,-0.0598,3,2
frag_02121,class_objective_tree,2.0,3.0,16.0,2.0,0.0,0.0,0.0,0.333,1.0,0.75,0.25,0.2027,-0.0598,3,2
frag_02121,hybrid_optimized_tree,1.0,2.0,11.0,1.0,0.0,0.0,0.0,0.167,1.0,0.857,0.15,0.1118,-0.1871,2,1
frag_02123,source_order_tree,1.5,3.0,20.0,1.0,0.0,0.0,0.0,0.333,0.5,0.75,0.25,0.1917,0.0042,3,2
frag_02123,evidence_role_tree,2.0,5.0,26.0,3.0,0.0,1.0,0.0,0.333,0.5,0.75,0.35,0.3043,0.1318,5,2
frag_02123,question_intent_tree,2.0,4.0,21.0,2.0,0.0,0.0,0.0,0.333,1.0,0.75,0.3,0.2227,-0.0323,4,2
frag_02123,class_objective_tree,2.0,4.0,21.0,2.0,0.0,0.0,0.0,0.333,1.0,0.75,0.3,0.2227,-0.0323,4,2
frag_02123,hybrid_optimized_tree,2.0,4.0,21.0,2.0,0.0,0.0,0.0,0.333,1.0,0.75,0.3,0.2227,-0.0323,4,2
frag_02131,source_order_tree,1.5,3.0,51.0,1.0,0.0,0.0,0.0,0.333,0.5,0.75,0.25,0.2227,0.0352,3,2
frag_02131,evidence_role_tree,2.0,5.0,57.0,3.0,0.0,1.0,0.0,0.333,0.5,0.75,0.35,0.3353,0.1628,5,2
frag_02131,question_intent_tree,2.0,4.0,52.0,2.0,0.0,0.0,0.0,0.333,1.0,0.75,0.3,0.2537,-0.0013,4,2
frag_02131,class_objective_tree,2.0,5.0,57.0,3.0,0.0,1.0,0.0,0.333,0.5,0.75,0.35,0.3353,0.1628,5,2
frag_02131,hybrid_optimized_tree,2.0,4.0,52.0,2.0,0.0,0.0,0.0,0.333,1.0,0.75,0.3,0.2537,-0.0013,4,2
frag_02134,source_order_tree,1.5,3.0,18.0,1.0,0.0,0.0,0.0,0.333,0.5,0.75,0.25,0.1897,0.0022,3,2
frag_02134,evidence_role_tree,2.0,5.0,24.0,3.0,0.0,1.0,0.0,0.333,0.5,0.75,0.35,0.3023,0.1298,5,2
frag_02134,question_intent_tree,2.0,4.0,19.0,2.0,0.0,0.0,0.0,0.333,1.0,0.75,0.3,0.2207,-0.0343,4,2
frag_02134,class_objective_tree,2.0,5.0,24.0,3.0,0.0,1.0,0.0,0.333,0.5,0.75,0.35,0.3023,0.1298,5,2
frag_02134,hybrid_optimized_tree,2.0,4.0,19.0,2.0,0.0,0.0,0.0,0.333,1.0,0.75,0.3,0.2207,-0.0343,4,2
frag_02136,source_order_tree,1.5,3.0,19.0,1.0,0.0,0.0,0.0,0.333,0.5,0.75,0.25,0.1907,0.0032,3,2
frag_02136,evidence_role_tree,2.0,5.0,25.0,3.0,0.0,1.0,0.0,0.333,0.5,0.75,0.35,0.3033,0.1308,5,2
frag_02136,question_intent_tree,2.0,4.0,20.0,2.0,0.0,0.0,0.0,0.333,1.0,0.75,0.3,0.2217,-0.0333,4,2
frag_02136,class_objective_tree,2.0,4.0,20.0,2.0,0.0,0.0,0.0,0.333,1.0,0.75,0.3,0.2217,-0.0333,4,2
frag_02136,hybrid_optimized_tree,2.0,4.0,20.0,2.0,0.0,0.0,0.0,0.333,1.0,0.75,0.3,0.2217,-0.0333,4,2
frag_02142,source_order_tree,1.0,2.0,30.0,1.0,0.0,0.0,0.5,0.167,1.0,0.857,0.15,0.1808,-0.1181,2,1
frag_02142,evidence_role_tree,2.0,3.0,33.0,2.0,0.0,0.0,0.5,0.333,1.0,0.75,0.25,0.2697,0.0072,3,2
frag_02142,question_intent_tree,2.0,3.0,33.0,2.0,0.0,0.0,0.5,0.333,1.0,0.75,0.25,0.2697,0.0072,3,2
frag_02142,class_objective_tree,2.0,3.0,33.0,2.0,0.0,0.0,0.5,0.333,1.0,0.75,0.25,0.2697,0.0072,3,2
frag_02142,hybrid_optimized_tree,1.0,2.0,28.0,1.0,0.0,0.0,0.5,0.167,1.0,0.857,0.15,0.1788,-0.1201,2,1
frag_02143,source_order_tree,1.0,2.0,30.0,1.0,0.0,0.0,0.5,0.167,1.0,0.857,0.15,0.1808,-0.1181,2,1
frag_02143,evidence_role_tree,2.0,3.0,33.0,2.0,0.0,0.0,0.5,0.333,1.0,0.75,0.25,0.2697,0.0072,3,2
frag_02143,question_intent_tree,2.0,3.0,33.0,2.0,0.0,0.0,0.5,0.333,1.0,0.75,0.25,0.2697,0.0072,3,2
frag_02143,class_objective_tree,2.0,3.0,33.0,2.0,0.0,0.0,0.5,0.333,1.0,0.75,0.25,0.2697,0.0072,3,2
frag_02143,hybrid_optimized_tree,1.0,2.0,28.0,1.0,0.0,0.0,0.5,0.167,1.0,0.857,0.15,0.1788,-0.1201,2,1
frag_02145,source_order_tree,1.0,2.0,30.0,1.0,0.0,0.0,0.5,0.167,1.0,0.857,0.15,0.1808,-0.1181,2,1
frag_02145,evidence_role_tree,2.0,3.0,33.0,2.0,0.0,0.0,0.5,0.333,1.0,0.75,0.25,0.2697,0.0072,3,2
frag_02145,question_intent_tree,2.0,3.0,33.0,2.0,0.0,0.0,0.5,0.333,1.0,0.75,0.25,0.2697,0.0072,3,2
frag_02145,class_objective_tree,2.0,3.0,33.0,2.0,0.0,0.0,0.5,0.333,1.0,0.75,0.25,0.2697,0.0072,3,2
frag_02145,hybrid_optimized_tree,1.0,2.0,28.0,1.0,0.0,0.0,0.5,0.167,1.0,0.857,0.15,0.1788,-0.1201,2,1
frag_02153,source_order_tree,2.947,4.447,32.6,2.447,0.0,0.0,0.0,0.667,0.5,0.6,0.45,0.3358,0.2083,5,4
frag_02153,evidence_role_tree,2.0,5.0,26.3,3.0,0.0,1.0,0.0,0.333,0.5,0.75,0.55,0.3146,0.1721,9,2
frag_02153,question_intent_tree,2.0,4.0,21.3,2.0,0.0,0.0,0.0,0.333,1.0,0.75,0.45,0.2304,-0.0021,7,2
frag_02153,class_objective_tree,2.0,4.0,21.3,2.0,0.0,0.0,0.0,0.333,1.0,0.75,0.45,0.2304,-0.0021,7,2
frag_02153,hybrid_optimized_tree,2.0,4.0,21.3,2.0,0.0,0.0,0.0,0.333,1.0,0.75,0.45,0.2304,-0.0021,7,2
frag_02155,source_order_tree,1.0,2.0,13.0,1.0,0.0,0.0,0.0,0.167,1.0,0.857,0.15,0.1138,-0.1851,2,1
frag_02155,evidence_role_tree,2.0,3.0,16.0,2.0,0.0,0.0,0.0,0.333,1.0,0.75,0.25,0.2027,-0.0598,3,2
frag_02155,question_intent_tree,2.0,3.0,16.0,2.0,0.0,0.0,0.0,0.333,1.0,0.75,0.25,0.2027,-0.0598,3,2
frag_02155,class_objective_tree,2.0,3.0,16.0,2.0,0.0,0.0,0.0,0.333,1.0,0.75,0.25,0.2027,-0.0598,3,2
frag_02155,hybrid_optimized_tree,1.0,2.0,11.0,1.0,0.0,0.0,0.0,0.167,1.0,0.857,0.15,0.1118,-0.1871,2,1
frag_02157,source_order_tree,1.0,2.0,11.0,1.0,0.0,0.0,0.0,0.167,1.0,0.857,0.15,0.1118,-0.1871,2,1
frag_02157,evidence_role_tree,2.0,3.0,14.0,2.0,0.0,0.0,0.0,0.333,1.0,0.75,0.25,0.2007,-0.0618,3,2
frag_02157,question_intent_tree,2.0,3.0,14.0,2.0,0.0,0.0,0.0,0.333,1.0,0.75,0.25,0.2007,-0.0618,3,2
frag_02157,class_objective_tree,2.0,3.0,14.0,2.0,0.0,0.0,0.0,0.333,1.0,0.75,0.25,0.2007,-0.0618,3,2
frag_02157,hybrid_optimized_tree,1.0,2.0,9.0,1.0,0.0,0.0,0.0,0.167,1.0,0.857,0.15,0.1098,-0.1891,2,1
frag_02159,source_order_tree,1.5,3.0,19.0,1.0,0.0,0.0,0.0,0.333,0.5,0.75,0.25,0.1907,0.0032,3,2
frag_02159,evidence_role_tree,2.0,5.0,25.0,3.0,0.0,1.0,0.0,0.333,0.5,0.75,0.35,0.3033,0.1308,5,2
frag_02159,question_intent_tree,2.0,4.0,20.0,2.0,0.0,0.0,0.0,0.333,1.0,0.75,0.3,0.2217,-0.0333,4,2
frag_02159,class_objective_tree,2.0,4.0,20.0,2.0,0.0,0.0,0.0,0.333,1.0,0.75,0.3,0.2217,-0.0333,4,2
frag_02159,hybrid_optimized_tree,2.0,4.0,20.0,2.0,0.0,0.0,0.0,0.333,1.0,0.75,0.3,0.2217,-0.0333,4,2
frag_02165,source_order_tree,1.0,2.0,12.0,1.0,0.0,0.0,0.0,0.167,1.0,0.857,0.15,0.1128,-0.1861,2,1
frag_02165,evidence_role_tree,2.0,3.0,15.0,2.0,0.0,0.0,0.0,0.333,1.0,0.75,0.25,0.2017,-0.0608,3,2
frag_02165,question_intent_tree,2.0,3.0,15.0,2.0,0.0,0.0,0.0,0.333,1.0,0.75,0.25,0.2017,-0.0608,3,2
frag_02165,class_objective_tree,2.0,3.0,15.0,2.0,0.0,0.0,0.0,0.333,1.0,0.75,0.25,0.2017,-0.0608,3,2
frag_02165,hybrid_optimized_tree,1.0,2.0,10.0,1.0,0.0,0.0,0.0,0.167,1.0,0.857,0.15,0.1108,-0.1881,2,1
frag_02166,source_order_tree,1.0,2.0,12.0,1.0,0.0,0.0,0.0,0.167,1.0,0.857,0.15,0.1128,-0.1861,2,1
frag_02166,evidence_role_tree,2.0,3.0,15.0,2.0,0.0,0.0,0.0,0.333,1.0,0.75,0.25,0.2017,-0.0608,3,2
frag_02166,question_intent_tree,2.0,3.0,15.0,2.0,0.0,0.0,0.0,0.333,1.0,0.75,0.25,0.2017,-0.0608,3,2
frag_02166,class_objective_tree,2.0,3.0,15.0,2.0,0.0,0.0,0.0,0.333,1.0,0.75,0.25,0.2017,-0.0608,3,2
frag_02166,hybrid_optimized_tree,1.0,2.0,10.0,1.0,0.0,0.0,0.0,0.167,1.0,0.857,0.15,0.1108,-0.1881,2,1
frag_02169,source_order_tree,1.5,3.0,20.0,1.0,0.0,0.0,0.0,0.333,0.5,0.75,0.25,0.1917,0.0042,3,2
frag_02169,evidence_role_tree,2.0,5.0,26.0,3.0,0.0,1.0,0.0,0.333,0.5,0.75,0.35,0.3043,0.1318,5,2
frag_02169,question_intent_tree,2.0,4.0,21.0,2.0,0.0,0.0,0.0,0.333,1.0,0.75,0.3,0.2227,-0.0323,4,2
frag_02169,class_objective_tree,2.0,4.0,21.0,2.0,0.0,0.0,0.0,0.333,1.0,0.75,0.3,0.2227,-0.0323,4,2
frag_02169,hybrid_optimized_tree,2.0,4.0,21.0,2.0,0.0,0.0,0.0,0.333,1.0,0.75,0.3,0.2227,-0.0323,4,2
frag_02175,source_order_tree,2.129,3.506,24.3,1.753,0.0,0.0,0.0,0.5,0.624,0.667,0.35,0.2497,0.0753,4,3
frag_02175,evidence_role_tree,2.0,4.506,22.8,2.753,0.0,0.753,0.0,0.333,0.624,0.75,0.45,0.2847,0.1087,7,2
frag_02175,question_intent_tree,2.0,3.753,19.0,2.0,0.0,0.0,0.0,0.333,1.0,0.75,0.4,0.2226,-0.0174,6,2
frag_02175,class_objective_tree,2.0,3.753,19.0,2.0,0.0,0.0,0.0,0.333,1.0,0.75,0.4,0.2226,-0.0174,6,2
frag_02175,hybrid_optimized_tree,1.753,3.506,17.8,1.753,0.0,0.0,0.0,0.333,1.0,0.75,0.35,0.2009,-0.0466,5,2
frag_02180,source_order_tree,1.5,3.0,21.0,1.0,0.0,0.0,0.0,0.333,0.5,0.75,0.25,0.1927,0.0052,3,2
frag_02180,evidence_role_tree,2.0,5.0,27.0,3.0,0.0,1.0,0.0,0.333,0.5,0.75,0.35,0.3053,0.1328,5,2
frag_02180,question_intent_tree,2.0,4.0,22.0,2.0,0.0,0.0,0.0,0.333,1.0,0.75,0.3,0.2237,-0.0313,4,2
frag_02180,class_objective_tree,2.0,4.0,22.0,2.0,0.0,0.0,0.0,0.333,1.0,0.75,0.3,0.2237,-0.0313,4,2
frag_02180,hybrid_optimized_tree,2.0,4.0,22.0,2.0,0.0,0.0,0.0,0.333,1.0,0.75,0.3,0.2237,-0.0313,4,2
frag_02182,source_order_tree,1.5,3.0,18.0,1.0,0.0,0.0,0.0,0.333,0.5,0.75,0.25,0.1897,0.0022,3,2
frag_02182,evidence_role_tree,2.0,5.0,24.0,3.0,0.0,1.0,0.0,0.333,0.5,0.75,0.35,0.3023,0.1298,5,2
frag_02182,question_intent_tree,2.0,4.0,19.0,2.0,0.0,0.0,0.0,0.333,1.0,0.75,0.3,0.2207,-0.0343,4,2
frag_02182,class_objective_tree,2.0,5.0,24.0,3.0,0.0,1.0,0.0,0.333,0.5,0.75,0.35,0.3023,0.1298,5,2
frag_02182,hybrid_optimized_tree,2.0,4.0,19.0,2.0,0.0,0.0,0.0,0.333,1.0,0.75,0.3,0.2207,-0.0343,4,2
frag_02194,source_order_tree,1.0,2.0,12.0,1.0,0.0,0.0,0.0,0.167,1.0,0.857,0.15,0.1128,-0.1861,2,1
frag_02194,evidence_role_tree,2.0,3.0,15.0,2.0,0.0,0.0,0.0,0.333,1.0,0.75,0.25,0.2017,-0.0608,3,2
frag_02194,question_intent_tree,2.0,3.0,15.0,2.0,0.0,0.0,0.0,0.333,1.0,0.75,0.25,0.2017,-0.0608,3,2
frag_02194,class_objective_tree,2.0,3.0,15.0,2.0,0.0,0.0,0.0,0.333,1.0,0.75,0.25,0.2017,-0.0608,3,2
frag_02194,hybrid_optimized_tree,1.0,2.0,10.0,1.0,0.0,0.0,0.0,0.167,1.0,0.857,0.15,0.1108,-0.1881,2,1
frag_02195,source_order_tree,2.105,3.273,31.7,1.937,0.0,0.0,0.133,0.667,0.832,0.6,0.45,0.2731,0.0958,5,4
frag_02195,evidence_role_tree,2.0,3.672,22.7,2.336,0.0,0.336,0.133,0.333,0.832,0.75,0.55,0.2668,0.0745,9,2
frag_02195,question_intent_tree,2.0,3.336,21.1,2.0,0.0,0.0,0.133,0.333,1.0,0.75,0.5,0.2377,0.0127,8,2
frag_02195,class_objective_tree,2.0,3.336,21.1,2.0,0.0,0.0,0.133,0.333,1.0,0.75,0.45,0.2352,0.0027,7,2
frag_02195,hybrid_optimized_tree,1.336,2.672,17.7,1.336,0.0,0.0,0.133,0.333,1.0,0.75,0.4,0.1812,-0.0588,6,2
frag_02202,source_order_tree,1.0,2.0,30.0,1.0,0.0,0.0,0.5,0.167,1.0,0.857,0.15,0.1808,-0.1181,2,1
frag_02202,evidence_role_tree,2.0,3.0,33.0,2.0,0.0,0.0,0.5,0.333,1.0,0.75,0.25,0.2697,0.0072,3,2
frag_02202,question_intent_tree,2.0,3.0,33.0,2.0,0.0,0.0,0.5,0.333,1.0,0.75,0.25,0.2697,0.0072,3,2
frag_02202,class_objective_tree,2.0,3.0,33.0,2.0,0.0,0.0,0.5,0.333,1.0,0.75,0.25,0.2697,0.0072,3,2
frag_02202,hybrid_optimized_tree,1.0,2.0,28.0,1.0,0.0,0.0,0.5,0.167,1.0,0.857,0.15,0.1788,-0.1201,2,1
frag_02213,source_order_tree,1.0,2.0,30.0,1.0,0.0,0.0,0.5,0.167,1.0,0.857,0.15,0.1808,-0.1181,2,1
frag_02213,evidence_role_tree,2.0,3.0,33.0,2.0,0.0,0.0,0.5,0.333,1.0,0.75,0.25,0.2697,0.0072,3,2
frag_02213,question_intent_tree,2.0,3.0,33.0,2.0,0.0,0.0,0.5,0.333,1.0,0.75,0.25,0.2697,0.0072,3,2
frag_02213,class_objective_tree,2.0,3.0,33.0,2.0,0.0,0.0,0.5,0.333,1.0,0.75,0.25,0.2697,0.0072,3,2
frag_02213,hybrid_optimized_tree,1.0,2.0,28.0,1.0,0.0,0.0,0.5,0.167,1.0,0.857,0.15,0.1788,-0.1201,2,1
frag_02214,source_order_tree,1.0,2.0,30.0,1.0,0.0,0.0,0.5,0.167,1.0,0.857,0.15,0.1808,-0.1181,2,1
frag_02214,evidence_role_tree,2.0,3.0,33.0,2.0,0.0,0.0,0.5,0.333,1.0,0.75,0.25,0.2697,0.0072,3,2
frag_02214,question_intent_tree,2.0,3.0,33.0,2.0,0.0,0.0,0.5,0.333,1.0,0.75,0.25,0.2697,0.0072,3,2
frag_02214,class_objective_tree,2.0,3.0,33.0,2.0,0.0,0.0,0.5,0.333,1.0,0.75,0.25,0.2697,0.0072,3,2
frag_02214,hybrid_optimized_tree,1.0,2.0,28.0,1.0,0.0,0.0,0.5,0.167,1.0,0.857,0.15,0.1788,-0.1201,2,1
frag_02217,source_order_tree,1.0,2.0,14.0,1.0,0.0,0.0,0.0,0.167,1.0,0.857,0.15,0.1148,-0.1841,2,1
frag_02217,evidence_role_tree,2.0,3.0,17.0,2.0,0.0,0.0,0.0,0.333,1.0,0.75,0.25,0.2037,-0.0588,3,2
frag_02217,question_intent_tree,2.0,3.0,17.0,2.0,0.0,0.0,0.0,0.333,1.0,0.75,0.25,0.2037,-0.0588,3,2
frag_02217,class_objective_tree,2.0,3.0,17.0,2.0,0.0,0.0,0.0,0.333,1.0,0.75,0.25,0.2037,-0.0588,3,2
frag_02217,hybrid_optimized_tree,1.0,2.0,12.0,1.0,0.0,0.0,0.0,0.167,1.0,0.857,0.15,0.1128,-0.1861,2,1
frag_02220,source_order_tree,1.5,3.0,18.0,1.0,0.0,0.0,0.0,0.333,0.5,0.75,0.25,0.1897,0.0022,3,2
frag_02220,evidence_role_tree,2.0,5.0,24.0,3.0,0.0,1.0,0.0,0.333,0.5,0.75,0.35,0.3023,0.1298,5,2
frag_02220,question_intent_tree,2.0,4.0,19.0,2.0,0.0,0.0,0.0,0.333,1.0,0.75,0.3,0.2207,-0.0343,4,2
frag_02220,class_objective_tree,2.0,5.0,24.0,3.0,0.0,1.0,0.0,0.333,0.5,0.75,0.35,0.3023,0.1298,5,2
frag_02220,hybrid_optimized_tree,2.0,4.0,19.0,2.0,0.0,0.0,0.0,0.333,1.0,0.75,0.3,0.2207,-0.0343,4,2
frag_02222,source_order_tree,1.0,2.0,30.0,1.0,0.0,0.0,0.5,0.167,1.0,0.857,0.15,0.1808,-0.1181,2,1
frag_02222,evidence_role_tree,2.0,3.0,33.0,2.0,0.0,0.0,0.5,0.333,1.0,0.75,0.25,0.2697,0.0072,3,2
frag_02222,question_intent_tree,2.0,3.0,33.0,2.0,0.0,0.0,0.5,0.333,1.0,0.75,0.25,0.2697,0.0072,3,2
frag_02222,class_objective_tree,2.0,3.0,33.0,2.0,0.0,0.0,0.5,0.333,1.0,0.75,0.25,0.2697,0.0072,3,2
frag_02222,hybrid_optimized_tree,1.0,2.0,28.0,1.0,0.0,0.0,0.5,0.167,1.0,0.857,0.15,0.1788,-0.1201,2,1
frag_02224,source_order_tree,2.939,4.055,47.9,2.822,0.0,0.0,0.384,0.667,0.884,0.6,0.45,0.3726,0.1875,5,4
frag_02224,evidence_role_tree,2.0,3.465,31.0,2.232,0.0,0.232,0.384,0.333,0.884,0.75,0.55,0.2912,0.0912,9,2
frag_02224,question_intent_tree,2.0,3.232,29.9,2.0,0.0,0.0,0.384,0.333,1.0,0.75,0.5,0.2703,0.0453,8,2
frag_02224,class_objective_tree,2.0,3.232,29.9,2.0,0.0,0.0,0.384,0.333,1.0,0.75,0.45,0.2678,0.0353,7,2
frag_02224,hybrid_optimized_tree,1.232,2.465,26.0,1.232,0.0,0.0,0.384,0.333,1.0,0.75,0.4,0.2058,-0.0342,6,2
frag_02229,source_order_tree,1.0,2.0,13.0,1.0,0.0,0.0,0.0,0.167,1.0,0.857,0.15,0.1138,-0.1851,2,1
frag_02229,evidence_role_tree,2.0,3.0,16.0,2.0,0.0,0.0,0.0,0.333,1.0,0.75,0.25,0.2027,-0.0598,3,2
frag_02229,question_intent_tree,2.0,3.0,16.0,2.0,0.0,0.0,0.0,0.333,1.0,0.75,0.25,0.2027,-0.0598,3,2
frag_02229,class_objective_tree,2.0,3.0,16.0,2.0,0.0,0.0,0.0,0.333,1.0,0.75,0.25,0.2027,-0.0598,3,2
frag_02229,hybrid_optimized_tree,1.0,2.0,11.0,1.0,0.0,0.0,0.0,0.167,1.0,0.857,0.15,0.1118,-0.1871,2,1
frag_02249,source_order_tree,1.686,2.915,19.3,1.457,0.0,0.0,0.0,0.5,0.771,0.667,0.35,0.2063,0.0098,4,3
frag_02249,evidence_role_tree,2.0,3.915,20.0,2.457,0.0,0.457,0.0,0.333,0.771,0.75,0.45,0.2563,0.0581,7,2
frag_02249,question_intent_tree,2.0,3.457,17.7,2.0,0.0,0.0,0.0,0.333,1.0,0.75,0.4,0.2176,-0.0224,6,2
frag_02249,class_objective_tree,2.0,3.457,17.7,2.0,0.0,0.0,0.0,0.333,1.0,0.75,0.4,0.2176,-0.0224,6,2
frag_02249,hybrid_optimized_tree,1.457,2.915,15.0,1.457,0.0,0.0,0.0,0.333,1.0,0.75,0.35,0.1731,-0.0744,5,2
frag_02250,source_order_tree,1.5,3.0,21.0,1.0,0.0,0.0,0.0,0.333,0.5,0.75,0.25,0.1927,0.0052,3,2
frag_02250,evidence_role_tree,2.0,5.0,27.0,3.0,0.0,1.0,0.0,0.333,0.5,0.75,0.35,0.3053,0.1328,5,2
frag_02250,question_intent_tree,2.0,4.0,22.0,2.0,0.0,0.0,0.0,0.333,1.0,0.75,0.3,0.2237,-0.0313,4,2
frag_02250,class_objective_tree,2.0,4.0,22.0,2.0,0.0,0.0,0.0,0.333,1.0,0.75,0.3,0.2237,-0.0313,4,2
frag_02250,hybrid_optimized_tree,2.0,4.0,22.0,2.0,0.0,0.0,0.0,0.333,1.0,0.75,0.3,0.2237,-0.0313,4,2
frag_02251,source_order_tree,1.686,2.915,17.9,1.457,0.0,0.0,0.0,0.5,0.771,0.667,0.35,0.2048,0.0083,4,3
frag_02251,evidence_role_tree,2.0,3.915,19.0,2.457,0.0,0.457,0.0,0.333,0.771,0.75,0.45,0.2553,0.0571,7,2
frag_02251,question_intent_tree,2.0,3.457,16.7,2.0,0.0,0.0,0.0,0.333,1.0,0.75,0.4,0.2166,-0.0234,6,2
frag_02251,class_objective_tree,2.0,3.457,16.7,2.0,0.0,0.0,0.0,0.333,1.0,0.75,0.4,0.2166,-0.0234,6,2
frag_02251,hybrid_optimized_tree,1.457,2.915,14.0,1.457,0.0,0.0,0.0,0.333,1.0,0.75,0.35,0.1721,-0.0754,5,2
frag_02252,source_order_tree,1.0,2.0,14.0,1.0,0.0,0.0,0.0,0.167,1.0,0.857,0.15,0.1148,-0.1841,2,1
frag_02252,evidence_role_tree,2.0,3.0,17.0,2.0,0.0,0.0,0.0,0.333,1.0,0.75,0.25,0.2037,-0.0588,3,2
frag_02252,question_intent_tree,2.0,3.0,17.0,2.0,0.0,0.0,0.0,0.333,1.0,0.75,0.25,0.2037,-0.0588,3,2
frag_02252,class_objective_tree,2.0,3.0,17.0,2.0,0.0,0.0,0.0,0.333,1.0,0.75,0.25,0.2037,-0.0588,3,2
frag_02252,hybrid_optimized_tree,1.0,2.0,12.0,1.0,0.0,0.0,0.0,0.167,1.0,0.857,0.15,0.1128,-0.1861,2,1
frag_02254,source_order_tree,1.217,2.217,15.2,1.217,0.0,0.0,0.0,0.333,1.0,0.75,0.25,0.145,-0.1175,3,2
frag_02254,evidence_role_tree,2.0,3.0,16.2,2.0,0.0,0.0,0.0,0.333,1.0,0.75,0.35,0.2079,-0.0396,5,2
frag_02254,question_intent_tree,2.0,3.0,16.2,2.0,0.0,0.0,0.0,0.333,1.0,0.75,0.35,0.2079,-0.0396,5,2
frag_02254,class_objective_tree,2.0,3.0,16.2,2.0,0.0,0.0,0.0,0.333,1.0,0.75,0.35,0.2079,-0.0396,5,2
frag_02254,hybrid_optimized_tree,1.0,2.0,11.2,1.0,0.0,0.0,0.0,0.167,1.0,0.857,0.2,0.1146,-0.1769,3,1
frag_02257,source_order_tree,2.193,3.462,24.6,1.924,0.0,0.0,0.0,0.5,0.731,0.667,0.35,0.25,0.0596,4,3
frag_02257,evidence_role_tree,2.0,4.076,21.8,2.538,0.0,0.538,0.0,0.333,0.731,0.75,0.45,0.2651,0.073,7,2
frag_02257,question_intent_tree,2.0,3.538,19.2,2.0,0.0,0.0,0.0,0.333,1.0,0.75,0.4,0.22,-0.02,6,2
frag_02257,class_objective_tree,2.0,3.538,19.2,2.0,0.0,0.0,0.0,0.333,1.0,0.75,0.4,0.22,-0.02,6,2
frag_02257,hybrid_optimized_tree,1.538,3.076,16.8,1.538,0.0,0.0,0.0,0.333,1.0,0.75,0.35,0.1817,-0.0658,5,2
frag_02268,source_order_tree,1.686,2.915,19.3,1.457,0.0,0.0,0.0,0.5,0.771,0.667,0.35,0.2063,0.0098,4,3
frag_02268,evidence_role_tree,2.0,3.915,20.0,2.457,0.0,0.457,0.0,0.333,0.771,0.75,0.45,0.2563,0.0581,7,2
frag_02268,question_intent_tree,2.0,3.457,17.7,2.0,0.0,0.0,0.0,0.333,1.0,0.75,0.4,0.2176,-0.0224,6,2
frag_02268,class_objective_tree,2.0,3.457,17.7,2.0,0.0,0.0,0.0,0.333,1.0,0.75,0.4,0.2176,-0.0224,6,2
frag_02268,hybrid_optimized_tree,1.457,2.915,15.0,1.457,0.0,0.0,0.0,0.333,1.0,0.75,0.35,0.1731,-0.0744,5,2
frag_02281,source_order_tree,1.5,3.0,26.0,1.0,0.0,0.0,0.0,0.333,0.5,0.75,0.25,0.1977,0.0102,3,2
frag_02281,evidence_role_tree,2.0,5.0,32.0,3.0,0.0,1.0,0.0,0.333,0.5,0.75,0.35,0.3103,0.1378,5,2
frag_02281,question_intent_tree,2.0,4.0,27.0,2.0,0.0,0.0,0.0,0.333,1.0,0.75,0.3,0.2287,-0.0263,4,2
frag_02281,class_objective_tree,2.0,4.0,27.0,2.0,0.0,0.0,0.0,0.333,1.0,0.75,0.3,0.2287,-0.0263,4,2
frag_02281,hybrid_optimized_tree,2.0,4.0,27.0,2.0,0.0,0.0,0.0,0.333,1.0,0.75,0.3,0.2287,-0.0263,4,2
frag_02291,source_order_tree,1.5,3.0,19.0,1.0,0.0,0.0,0.0,0.333,0.5,0.75,0.25,0.1907,0.0032,3,2
frag_02291,evidence_role_tree,2.0,5.0,25.0,3.0,0.0,1.0,0.0,0.333,0.5,0.75,0.35,0.3033,0.1308,5,2
frag_02291,question_intent_tree,2.0,4.0,20.0,2.0,0.0,0.0,0.0,0.333,1.0,0.75,0.3,0.2217,-0.0333,4,2
frag_02291,class_objective_tree,2.0,4.0,20.0,2.0,0.0,0.0,0.0,0.333,1.0,0.75,0.3,0.2217,-0.0333,4,2
frag_02291,hybrid_optimized_tree,2.0,4.0,20.0,2.0,0.0,0.0,0.0,0.333,1.0,0.75,0.3,0.2217,-0.0333,4,2
frag_02292,source_order_tree,1.5,3.0,19.0,1.0,0.0,0.0,0.0,0.333,0.5,0.75,0.25,0.1907,0.0032,3,2
frag_02292,evidence_role_tree,2.0,5.0,25.0,3.0,0.0,1.0,0.0,0.333,0.5,0.75,0.35,0.3033,0.1308,5,2
frag_02292,question_intent_tree,2.0,4.0,20.0,2.0,0.0,0.0,0.0,0.333,1.0,0.75,0.3,0.2217,-0.0333,4,2
frag_02292,class_objective_tree,2.0,4.0,20.0,2.0,0.0,0.0,0.0,0.333,1.0,0.75,0.3,0.2217,-0.0333,4,2
frag_02292,hybrid_optimized_tree,2.0,4.0,20.0,2.0,0.0,0.0,0.0,0.333,1.0,0.75,0.3,0.2217,-0.0333,4,2
frag_02293,source_order_tree,1.5,3.0,19.0,1.0,0.0,0.0,0.0,0.333,0.5,0.75,0.25,0.1907,0.0032,3,2
frag_02293,evidence_role_tree,2.0,5.0,25.0,3.0,0.0,1.0,0.0,0.333,0.5,0.75,0.35,0.3033,0.1308,5,2
frag_02293,question_intent_tree,2.0,4.0,20.0,2.0,0.0,0.0,0.0,0.333,1.0,0.75,0.3,0.2217,-0.0333,4,2
frag_02293,class_objective_tree,2.0,4.0,20.0,2.0,0.0,0.0,0.0,0.333,1.0,0.75,0.3,0.2217,-0.0333,4,2
frag_02293,hybrid_optimized_tree,2.0,4.0,20.0,2.0,0.0,0.0,0.0,0.333,1.0,0.75,0.3,0.2217,-0.0333,4,2
frag_02297,source_order_tree,1.5,3.0,35.0,1.0,0.0,0.0,0.0,0.333,0.5,0.75,0.25,0.2067,0.0192,3,2
frag_02297,evidence_role_tree,2.0,5.0,41.0,3.0,0.0,1.0,0.0,0.333,0.5,0.75,0.35,0.3193,0.1468,5,2
frag_02297,question_intent_tree,2.0,4.0,36.0,2.0,0.0,0.0,0.0,0.333,1.0,0.75,0.3,0.2377,-0.0173,4,2
frag_02297,class_objective_tree,2.0,4.0,36.0,2.0,0.0,0.0,0.0,0.333,1.0,0.75,0.3,0.2377,-0.0173,4,2
frag_02297,hybrid_optimized_tree,2.0,4.0,36.0,2.0,0.0,0.0,0.0,0.333,1.0,0.75,0.3,0.2377,-0.0173,4,2
frag_02299,source_order_tree,1.0,2.0,16.0,1.0,0.0,0.0,0.5,0.167,1.0,0.857,0.15,0.1668,-0.1321,2,1
frag_02299,evidence_role_tree,2.0,3.0,19.0,2.0,0.0,0.0,0.5,0.333,1.0,0.75,0.25,0.2557,-0.0068,3,2
frag_02299,question_intent_tree,2.0,3.0,19.0,2.0,0.0,0.0,0.5,0.333,1.0,0.75,0.25,0.2557,-0.0068,3,2
frag_02299,class_objective_tree,2.0,3.0,19.0,2.0,0.0,0.0,0.5,0.333,1.0,0.75,0.25,0.2557,-0.0068,3,2
frag_02299,hybrid_optimized_tree,1.0,2.0,14.0,1.0,0.0,0.0,0.5,0.167,1.0,0.857,0.15,0.1648,-0.1341,2,1
frag_02302,source_order_tree,1.0,2.0,28.0,1.0,0.0,0.0,0.5,0.167,1.0,0.857,0.15,0.1788,-0.1201,2,1
frag_02302,evidence_role_tree,2.0,3.0,31.0,2.0,0.0,0.0,0.5,0.333,1.0,0.75,0.25,0.2677,0.0052,3,2
frag_02302,question_intent_tree,2.0,3.0,31.0,2.0,0.0,0.0,0.5,0.333,1.0,0.75,0.25,0.2677,0.0052,3,2
frag_02302,class_objective_tree,2.0,3.0,31.0,2.0,0.0,0.0,0.5,0.333,1.0,0.75,0.25,0.2677,0.0052,3,2
frag_02302,hybrid_optimized_tree,1.0,2.0,26.0,1.0,0.0,0.0,0.5,0.167,1.0,0.857,0.15,0.1768,-0.1221,2,1
frag_02306,source_order_tree,1.0,2.0,30.0,1.0,0.0,0.0,0.5,0.167,1.0,0.857,0.15,0.1808,-0.1181,2,1
frag_02306,evidence_role_tree,2.0,3.0,33.0,2.0,0.0,0.0,0.5,0.333,1.0,0.75,0.25,0.2697,0.0072,3,2
frag_02306,question_intent_tree,2.0,3.0,33.0,2.0,0.0,0.0,0.5,0.333,1.0,0.75,0.25,0.2697,0.0072,3,2
frag_02306,class_objective_tree,2.0,3.0,33.0,2.0,0.0,0.0,0.5,0.333,1.0,0.75,0.25,0.2697,0.0072,3,2
frag_02306,hybrid_optimized_tree,1.0,2.0,28.0,1.0,0.0,0.0,0.5,0.167,1.0,0.857,0.15,0.1788,-0.1201,2,1
frag_02307,source_order_tree,1.0,2.0,30.0,1.0,0.0,0.0,0.5,0.167,1.0,0.857,0.15,0.1808,-0.1181,2,1
frag_02307,evidence_role_tree,2.0,3.0,33.0,2.0,0.0,0.0,0.5,0.333,1.0,0.75,0.25,0.2697,0.0072,3,2
frag_02307,question_intent_tree,2.0,3.0,33.0,2.0,0.0,0.0,0.5,0.333,1.0,0.75,0.25,0.2697,0.0072,3,2
frag_02307,class_objective_tree,2.0,3.0,33.0,2.0,0.0,0.0,0.5,0.333,1.0,0.75,0.25,0.2697,0.0072,3,2
frag_02307,hybrid_optimized_tree,1.0,2.0,28.0,1.0,0.0,0.0,0.5,0.167,1.0,0.857,0.15,0.1788,-0.1201,2,1
frag_02310,source_order_tree,1.0,2.0,14.0,1.0,0.0,0.0,0.0,0.167,1.0,0.857,0.15,0.1148,-0.1841,2,1
frag_02310,evidence_role_tree,2.0,3.0,17.0,2.0,0.0,0.0,0.0,0.333,1.0,0.75,0.25,0.2037,-0.0588,3,2
frag_02310,question_intent_tree,2.0,3.0,17.0,2.0,0.0,0.0,0.0,0.333,1.0,0.75,0.25,0.2037,-0.0588,3,2
frag_02310,class_objective_tree,2.0,3.0,17.0,2.0,0.0,0.0,0.0,0.333,1.0,0.75,0.25,0.2037,-0.0588,3,2
frag_02310,hybrid_optimized_tree,1.0,2.0,12.0,1.0,0.0,0.0,0.0,0.167,1.0,0.857,0.15,0.1128,-0.1861,2,1
frag_02329,source_order_tree,1.981,3.321,28.7,1.642,0.0,0.0,0.16,0.5,0.66,0.667,0.35,0.2578,0.0779,4,3
frag_02329,evidence_role_tree,2.0,4.358,28.3,2.679,0.0,0.679,0.16,0.333,0.66,0.75,0.45,0.2999,0.1183,7,2
frag_02329,question_intent_tree,2.0,3.679,24.9,2.0,0.0,0.0,0.16,0.333,1.0,0.75,0.4,0.2436,0.0036,6,2
frag_02329,class_objective_tree,2.0,3.679,24.9,2.0,0.0,0.0,0.16,0.333,1.0,0.75,0.4,0.2436,0.0036,6,2
frag_02329,hybrid_optimized_tree,1.679,3.358,23.3,1.679,0.0,0.0,0.16,0.333,1.0,0.75,0.35,0.2162,-0.0313,5,2
frag_02331,source_order_tree,1.0,2.0,14.0,1.0,0.0,0.0,0.5,0.167,1.0,0.857,0.15,0.1648,-0.1341,2,1
frag_02331,evidence_role_tree,2.0,3.0,17.0,2.0,0.0,0.0,0.5,0.333,1.0,0.75,0.25,0.2537,-0.0088,3,2
frag_02331,question_intent_tree,2.0,3.0,17.0,2.0,0.0,0.0,0.5,0.333,1.0,0.75,0.25,0.2537,-0.0088,3,2
frag_02331,class_objective_tree,2.0,3.0,17.0,2.0,0.0,0.0,0.5,0.333,1.0,0.75,0.25,0.2537,-0.0088,3,2
frag_02331,hybrid_optimized_tree,1.0,2.0,12.0,1.0,0.0,0.0,0.5,0.167,1.0,0.857,0.15,0.1628,-0.1361,2,1
frag_02333,source_order_tree,1.981,3.321,27.1,1.642,0.0,0.0,0.16,0.5,0.66,0.667,0.35,0.2562,0.0763,4,3
frag_02333,evidence_role_tree,2.0,4.358,26.7,2.679,0.0,0.679,0.16,0.333,0.66,0.75,0.45,0.2982,0.1167,7,2
frag_02333,question_intent_tree,2.0,3.679,23.3,2.0,0.0,0.0,0.16,0.333,1.0,0.75,0.4,0.242,0.002,6,2
frag_02333,class_objective_tree,2.0,3.679,23.3,2.0,0.0,0.0,0.16,0.333,1.0,0.75,0.4,0.242,0.002,6,2
frag_02333,hybrid_optimized_tree,1.679,3.358,21.7,1.679,0.0,0.0,0.16,0.333,1.0,0.75,0.35,0.2146,-0.0329,5,2
frag_02334,source_order_tree,1.0,2.0,28.0,1.0,0.0,0.0,0.5,0.167,1.0,0.857,0.15,0.1788,-0.1201,2,1
frag_02334,evidence_role_tree,2.0,3.0,31.0,2.0,0.0,0.0,0.5,0.333,1.0,0.75,0.25,0.2677,0.0052,3,2
frag_02334,question_intent_tree,2.0,3.0,31.0,2.0,0.0,0.0,0.5,0.333,1.0,0.75,0.25,0.2677,0.0052,3,2
frag_02334,class_objective_tree,2.0,3.0,31.0,2.0,0.0,0.0,0.5,0.333,1.0,0.75,0.25,0.2677,0.0052,3,2
frag_02334,hybrid_optimized_tree,1.0,2.0,26.0,1.0,0.0,0.0,0.5,0.167,1.0,0.857,0.15,0.1768,-0.1221,2,1
frag_02335,source_order_tree,1.5,3.0,21.0,1.0,0.0,0.0,0.0,0.333,0.5,0.75,0.25,0.1927,0.0052,3,2
frag_02335,evidence_role_tree,2.0,5.0,27.0,3.0,0.0,1.0,0.0,0.333,0.5,0.75,0.35,0.3053,0.1328,5,2
frag_02335,question_intent_tree,2.0,4.0,22.0,2.0,0.0,0.0,0.0,0.333,1.0,0.75,0.3,0.2237,-0.0313,4,2
frag_02335,class_objective_tree,2.0,4.0,22.0,2.0,0.0,0.0,0.0,0.333,1.0,0.75,0.3,0.2237,-0.0313,4,2
frag_02335,hybrid_optimized_tree,2.0,4.0,22.0,2.0,0.0,0.0,0.0,0.333,1.0,0.75,0.3,0.2237,-0.0313,4,2
frag_02337,source_order_tree,1.5,3.0,21.0,1.0,0.0,0.0,0.0,0.333,0.5,0.75,0.25,0.1927,0.0052,3,2
frag_02337,evidence_role_tree,2.0,5.0,27.0,3.0,0.0,1.0,0.0,0.333,0.5,0.75,0.35,0.3053,0.1328,5,2
frag_02337,question_intent_tree,2.0,4.0,22.0,2.0,0.0,0.0,0.0,0.333,1.0,0.75,0.3,0.2237,-0.0313,4,2
frag_02337,class_objective_tree,2.0,4.0,22.0,2.0,0.0,0.0,0.0,0.333,1.0,0.75,0.3,0.2237,-0.0313,4,2
frag_02337,hybrid_optimized_tree,2.0,4.0,22.0,2.0,0.0,0.0,0.0,0.333,1.0,0.75,0.3,0.2237,-0.0313,4,2
frag_02338,source_order_tree,1.5,3.0,18.0,1.0,0.0,0.0,0.0,0.333,0.5,0.75,0.25,0.1897,0.0022,3,2
frag_02338,evidence_role_tree,2.0,5.0,24.0,3.0,0.0,1.0,0.0,0.333,0.5,0.75,0.35,0.3023,0.1298,5,2
frag_02338,question_intent_tree,2.0,4.0,19.0,2.0,0.0,0.0,0.0,0.333,1.0,0.75,0.3,0.2207,-0.0343,4,2
frag_02338,class_objective_tree,2.0,5.0,24.0,3.0,0.0,1.0,0.0,0.333,0.5,0.75,0.35,0.3023,0.1298,5,2
frag_02338,hybrid_optimized_tree,2.0,4.0,19.0,2.0,0.0,0.0,0.0,0.333,1.0,0.75,0.3,0.2207,-0.0343,4,2
frag_02339,source_order_tree,1.5,3.0,18.0,1.0,0.0,0.0,0.0,0.333,0.5,0.75,0.25,0.1897,0.0022,3,2
frag_02339,evidence_role_tree,2.0,5.0,24.0,3.0,0.0,1.0,0.0,0.333,0.5,0.75,0.35,0.3023,0.1298,5,2
frag_02339,question_intent_tree,2.0,4.0,19.0,2.0,0.0,0.0,0.0,0.333,1.0,0.75,0.3,0.2207,-0.0343,4,2
frag_02339,class_objective_tree,2.0,5.0,24.0,3.0,0.0,1.0,0.0,0.333,0.5,0.75,0.35,0.3023,0.1298,5,2
frag_02339,hybrid_optimized_tree,2.0,4.0,19.0,2.0,0.0,0.0,0.0,0.333,1.0,0.75,0.3,0.2207,-0.0343,4,2
frag_02342,source_order_tree,1.5,3.0,26.0,1.0,0.0,0.0,0.0,0.333,0.5,0.75,0.25,0.1977,0.0102,3,2
frag_02342,evidence_role_tree,2.0,5.0,32.0,3.0,0.0,1.0,0.0,0.333,0.5,0.75,0.35,0.3103,0.1378,5,2
frag_02342,question_intent_tree,2.0,4.0,27.0,2.0,0.0,0.0,0.0,0.333,1.0,0.75,0.3,0.2287,-0.0263,4,2
frag_02342,class_objective_tree,2.0,4.0,27.0,2.0,0.0,0.0,0.0,0.333,1.0,0.75,0.3,0.2287,-0.0263,4,2
frag_02342,hybrid_optimized_tree,2.0,4.0,27.0,2.0,0.0,0.0,0.0,0.333,1.0,0.75,0.3,0.2287,-0.0263,4,2
frag_02344,source_order_tree,2.477,3.652,42.9,2.303,0.0,0.0,0.326,0.5,0.826,0.667,0.35,0.3175,0.1128,4,3
frag_02344,evidence_role_tree,2.0,3.697,32.7,2.348,0.0,0.348,0.326,0.333,0.826,0.75,0.45,0.2921,0.0857,7,2
frag_02344,question_intent_tree,2.0,3.348,30.9,2.0,0.0,0.0,0.326,0.333,1.0,0.75,0.4,0.262,0.022,6,2
frag_02344,class_objective_tree,2.0,3.348,30.9,2.0,0.0,0.0,0.326,0.333,1.0,0.75,0.4,0.262,0.022,6,2
frag_02344,hybrid_optimized_tree,1.348,2.697,27.7,1.348,0.0,0.0,0.326,0.333,1.0,0.75,0.35,0.209,-0.0385,5,2
frag_02345,source_order_tree,1.5,3.0,26.0,1.0,0.0,0.0,0.0,0.333,0.5,0.75,0.25,0.1977,0.0102,3,2
frag_02345,evidence_role_tree,2.0,5.0,32.0,3.0,0.0,1.0,0.0,0.333,0.5,0.75,0.35,0.3103,0.1378,5,2
frag_02345,question_intent_tree,2.0,4.0,27.0,2.0,0.0,0.0,0.0,0.333,1.0,0.75,0.3,0.2287,-0.0263,4,2
frag_02345,class_objective_tree,2.0,4.0,27.0,2.0,0.0,0.0,0.0,0.333,1.0,0.75,0.3,0.2287,-0.0263,4,2
frag_02345,hybrid_optimized_tree,2.0,4.0,27.0,2.0,0.0,0.0,0.0,0.333,1.0,0.75,0.3,0.2287,-0.0263,4,2
frag_02347,source_order_tree,1.5,3.0,26.0,1.0,0.0,0.0,0.0,0.333,0.5,0.75,0.25,0.1977,0.0102,3,2
frag_02347,evidence_role_tree,2.0,5.0,32.0,3.0,0.0,1.0,0.0,0.333,0.5,0.75,0.35,0.3103,0.1378,5,2
frag_02347,question_intent_tree,2.0,4.0,27.0,2.0,0.0,0.0,0.0,0.333,1.0,0.75,0.3,0.2287,-0.0263,4,2
frag_02347,class_objective_tree,2.0,4.0,27.0,2.0,0.0,0.0,0.0,0.333,1.0,0.75,0.3,0.2287,-0.0263,4,2
frag_02347,hybrid_optimized_tree,2.0,4.0,27.0,2.0,0.0,0.0,0.0,0.333,1.0,0.75,0.3,0.2287,-0.0263,4,2
frag_02349,source_order_tree,1.0,2.0,13.0,1.0,0.0,0.0,0.0,0.167,1.0,0.857,0.15,0.1138,-0.1851,2,1
frag_02349,evidence_role_tree,2.0,3.0,16.0,2.0,0.0,0.0,0.0,0.333,1.0,0.75,0.25,0.2027,-0.0598,3,2
frag_02349,question_intent_tree,2.0,3.0,16.0,2.0,0.0,0.0,0.0,0.333,1.0,0.75,0.25,0.2027,-0.0598,3,2
frag_02349,class_objective_tree,2.0,3.0,16.0,2.0,0.0,0.0,0.0,0.333,1.0,0.75,0.25,0.2027,-0.0598,3,2
frag_02349,hybrid_optimized_tree,1.0,2.0,11.0,1.0,0.0,0.0,0.0,0.167,1.0,0.857,0.15,0.1118,-0.1871,2,1
frag_02354,source_order_tree,1.0,2.0,12.0,1.0,0.0,0.0,0.0,0.167,1.0,0.857,0.15,0.1128,-0.1861,2,1
frag_02354,evidence_role_tree,2.0,3.0,15.0,2.0,0.0,0.0,0.0,0.333,1.0,0.75,0.25,0.2017,-0.0608,3,2
frag_02354,question_intent_tree,2.0,3.0,15.0,2.0,0.0,0.0,0.0,0.333,1.0,0.75,0.25,0.2017,-0.0608,3,2
frag_02354,class_objective_tree,2.0,3.0,15.0,2.0,0.0,0.0,0.0,0.333,1.0,0.75,0.25,0.2017,-0.0608,3,2
frag_02354,hybrid_optimized_tree,1.0,2.0,10.0,1.0,0.0,0.0,0.0,0.167,1.0,0.857,0.15,0.1108,-0.1881,2,1
frag_02356,source_order_tree,1.0,2.0,14.0,1.0,0.0,0.0,0.0,0.167,1.0,0.857,0.15,0.1148,-0.1841,2,1
frag_02356,evidence_role_tree,2.0,3.0,17.0,2.0,0.0,0.0,0.0,0.333,1.0,0.75,0.25,0.2037,-0.0588,3,2
frag_02356,question_intent_tree,2.0,3.0,17.0,2.0,0.0,0.0,0.0,0.333,1.0,0.75,0.25,0.2037,-0.0588,3,2
frag_02356,class_objective_tree,2.0,3.0,17.0,2.0,0.0,0.0,0.0,0.333,1.0,0.75,0.25,0.2037,-0.0588,3,2
frag_02356,hybrid_optimized_tree,1.0,2.0,12.0,1.0,0.0,0.0,0.0,0.167,1.0,0.857,0.15,0.1128,-0.1861,2,1
frag_02374,source_order_tree,1.0,2.0,11.0,1.0,0.0,0.0,0.0,0.167,1.0,0.857,0.15,0.1118,-0.1871,2,1
frag_02374,evidence_role_tree,2.0,3.0,14.0,2.0,0.0,0.0,0.0,0.333,1.0,0.75,0.25,0.2007,-0.0618,3,2
frag_02374,question_intent_tree,2.0,3.0,14.0,2.0,0.0,0.0,0.0,0.333,1.0,0.75,0.25,0.2007,-0.0618,3,2
frag_02374,class_objective_tree,2.0,3.0,14.0,2.0,0.0,0.0,0.0,0.333,1.0,0.75,0.25,0.2007,-0.0618,3,2
frag_02374,hybrid_optimized_tree,1.0,2.0,9.0,1.0,0.0,0.0,0.0,0.167,1.0,0.857,0.15,0.1098,-0.1891,2,1
frag_02378,source_order_tree,1.5,3.0,34.0,1.0,0.0,0.0,0.0,0.333,0.5,0.75,0.25,0.2057,0.0182,3,2
frag_02378,evidence_role_tree,2.0,5.0,40.0,3.0,0.0,1.0,0.0,0.333,0.5,0.75,0.35,0.3183,0.1458,5,2
frag_02378,question_intent_tree,2.0,4.0,35.0,2.0,0.0,0.0,0.0,0.333,1.0,0.75,0.3,0.2367,-0.0183,4,2
frag_02378,class_objective_tree,2.0,4.0,35.0,2.0,0.0,0.0,0.0,0.333,1.0,0.75,0.3,0.2367,-0.0183,4,2
frag_02378,hybrid_optimized_tree,2.0,4.0,35.0,2.0,0.0,0.0,0.0,0.333,1.0,0.75,0.3,0.2367,-0.0183,4,2
frag_02379,source_order_tree,2.0,4.0,30.0,1.0,0.0,0.0,0.0,0.5,0.333,0.667,0.35,0.2558,0.125,4,3
frag_02379,evidence_role_tree,2.0,7.0,39.0,4.0,0.0,2.0,0.0,0.333,0.333,0.75,0.45,0.3923,0.2598,7,2
frag_02379,question_intent_tree,2.0,5.0,29.0,2.0,0.0,0.0,0.0,0.333,1.0,0.75,0.35,0.2457,-0.0018,5,2
frag_02379,class_objective_tree,2.0,5.0,29.0,2.0,0.0,0.0,0.0,0.333,1.0,0.75,0.35,0.2457,-0.0018,5,2
frag_02379,hybrid_optimized_tree,1.667,5.0,29.0,2.0,0.0,1.0,0.0,0.333,0.333,0.75,0.35,0.2823,0.1348,5,2
frag_02380,source_order_tree,2.0,4.0,32.0,1.0,0.0,0.0,0.0,0.5,0.333,0.667,0.35,0.2578,0.127,4,3
frag_02380,evidence_role_tree,2.0,7.0,41.0,4.0,0.0,2.0,0.0,0.333,0.333,0.75,0.45,0.3943,0.2618,7,2
frag_02380,question_intent_tree,2.0,5.0,31.0,2.0,0.0,0.0,0.0,0.333,1.0,0.75,0.35,0.2477,0.0002,5,2
frag_02380,class_objective_tree,2.0,5.0,31.0,2.0,0.0,0.0,0.0,0.333,1.0,0.75,0.35,0.2477,0.0002,5,2
frag_02380,hybrid_optimized_tree,1.667,5.0,31.0,2.0,0.0,1.0,0.0,0.333,0.333,0.75,0.35,0.2843,0.1368,5,2
frag_02381,source_order_tree,1.5,3.0,21.0,1.0,0.0,0.0,0.0,0.333,0.5,0.75,0.25,0.1927,0.0052,3,2
frag_02381,evidence_role_tree,2.0,5.0,27.0,3.0,0.0,1.0,0.0,0.333,0.5,0.75,0.35,0.3053,0.1328,5,2
frag_02381,question_intent_tree,2.0,4.0,22.0,2.0,0.0,0.0,0.0,0.333,1.0,0.75,0.3,0.2237,-0.0313,4,2
frag_02381,class_objective_tree,2.0,4.0,22.0,2.0,0.0,0.0,0.0,0.333,1.0,0.75,0.3,0.2237,-0.0313,4,2
frag_02381,hybrid_optimized_tree,2.0,4.0,22.0,2.0,0.0,0.0,0.0,0.333,1.0,0.75,0.3,0.2237,-0.0313,4,2
frag_02382,source_order_tree,2.578,3.868,25.8,2.289,0.0,0.0,0.0,0.833,0.71,0.545,0.55,0.3067,0.1735,6,5
frag_02382,evidence_role_tree,2.0,4.158,20.9,2.579,0.0,0.579,0.0,0.333,0.71,0.75,0.65,0.2778,0.1187,11,2
frag_02382,question_intent_tree,2.0,3.579,18.0,2.0,0.0,0.0,0.0,0.333,1.0,0.75,0.55,0.2269,0.0094,9,2
frag_02382,class_objective_tree,2.0,3.579,18.0,2.0,0.0,0.0,0.0,0.333,1.0,0.75,0.5,0.2244,-0.0006,8,2
frag_02382,hybrid_optimized_tree,1.579,3.158,15.9,1.579,0.0,0.0,0.0,0.333,1.0,0.75,0.5,0.1918,-0.0332,8,2
frag_02385,source_order_tree,1.0,2.0,11.0,1.0,0.0,0.0,0.0,0.167,1.0,0.857,0.15,0.1118,-0.1871,2,1
frag_02385,evidence_role_tree,2.0,3.0,14.0,2.0,0.0,0.0,0.0,0.333,1.0,0.75,0.25,0.2007,-0.0618,3,2
frag_02385,question_intent_tree,2.0,3.0,14.0,2.0,0.0,0.0,0.0,0.333,1.0,0.75,0.25,0.2007,-0.0618,3,2
frag_02385,class_objective_tree,2.0,3.0,14.0,2.0,0.0,0.0,0.0,0.333,1.0,0.75,0.25,0.2007,-0.0618,3,2
frag_02385,hybrid_optimized_tree,1.0,2.0,9.0,1.0,0.0,0.0,0.0,0.167,1.0,0.857,0.15,0.1098,-0.1891,2,1
frag_02386,source_order_tree,1.0,2.0,30.0,1.0,0.0,0.0,0.5,0.167,1.0,0.857,0.15,0.1808,-0.1181,2,1
frag_02386,evidence_role_tree,2.0,3.0,33.0,2.0,0.0,0.0,0.5,0.333,1.0,0.75,0.25,0.2697,0.0072,3,2
frag_02386,question_intent_tree,2.0,3.0,33.0,2.0,0.0,0.0,0.5,0.333,1.0,0.75,0.25,0.2697,0.0072,3,2
frag_02386,class_objective_tree,2.0,3.0,33.0,2.0,0.0,0.0,0.5,0.333,1.0,0.75,0.25,0.2697,0.0072,3,2
frag_02386,hybrid_optimized_tree,1.0,2.0,28.0,1.0,0.0,0.0,0.5,0.167,1.0,0.857,0.15,0.1788,-0.1201,2,1
frag_02387,source_order_tree,1.4,2.4,21.4,1.4,0.0,0.0,0.2,0.333,1.0,0.75,0.25,0.1845,-0.078,3,2
frag_02387,evidence_role_tree,2.0,3.0,21.6,2.0,0.0,0.0,0.2,0.333,1.0,0.75,0.35,0.2332,-0.0143,5,2
frag_02387,question_intent_tree,2.0,3.0,21.6,2.0,0.0,0.0,0.2,0.333,1.0,0.75,0.35,0.2332,-0.0143,5,2
frag_02387,class_objective_tree,2.0,3.0,21.6,2.0,0.0,0.0,0.2,0.333,1.0,0.75,0.35,0.2332,-0.0143,5,2
frag_02387,hybrid_optimized_tree,1.0,2.0,16.6,1.0,0.0,0.0,0.2,0.167,1.0,0.857,0.2,0.1399,-0.1515,3,1
frag_02389,source_order_tree,1.0,2.0,13.0,1.0,0.0,0.0,0.0,0.167,1.0,0.857,0.15,0.1138,-0.1851,2,1
frag_02389,evidence_role_tree,2.0,3.0,16.0,2.0,0.0,0.0,0.0,0.333,1.0,0.75,0.25,0.2027,-0.0598,3,2
frag_02389,question_intent_tree,2.0,3.0,16.0,2.0,0.0,0.0,0.0,0.333,1.0,0.75,0.25,0.2027,-0.0598,3,2
frag_02389,class_objective_tree,2.0,3.0,16.0,2.0,0.0,0.0,0.0,0.333,1.0,0.75,0.25,0.2027,-0.0598,3,2
frag_02389,hybrid_optimized_tree,1.0,2.0,11.0,1.0,0.0,0.0,0.0,0.167,1.0,0.857,0.15,0.1118,-0.1871,2,1
frag_02390,source_order_tree,1.0,2.0,13.0,1.0,0.0,0.0,0.0,0.167,1.0,0.857,0.15,0.1138,-0.1851,2,1
frag_02390,evidence_role_tree,2.0,3.0,16.0,2.0,0.0,0.0,0.0,0.333,1.0,0.75,0.25,0.2027,-0.0598,3,2
frag_02390,question_intent_tree,2.0,3.0,16.0,2.0,0.0,0.0,0.0,0.333,1.0,0.75,0.25,0.2027,-0.0598,3,2
frag_02390,class_objective_tree,2.0,3.0,16.0,2.0,0.0,0.0,0.0,0.333,1.0,0.75,0.25,0.2027,-0.0598,3,2
frag_02390,hybrid_optimized_tree,1.0,2.0,11.0,1.0,0.0,0.0,0.0,0.167,1.0,0.857,0.15,0.1118,-0.1871,2,1
frag_02392,source_order_tree,1.0,2.0,11.0,1.0,0.0,0.0,0.0,0.167,1.0,0.857,0.15,0.1118,-0.1871,2,1
frag_02392,evidence_role_tree,2.0,3.0,14.0,2.0,0.0,0.0,0.0,0.333,1.0,0.75,0.25,0.2007,-0.0618,3,2
frag_02392,question_intent_tree,2.0,3.0,14.0,2.0,0.0,0.0,0.0,0.333,1.0,0.75,0.25,0.2007,-0.0618,3,2
frag_02392,class_objective_tree,2.0,3.0,14.0,2.0,0.0,0.0,0.0,0.333,1.0,0.75,0.25,0.2007,-0.0618,3,2
frag_02392,hybrid_optimized_tree,1.0,2.0,9.0,1.0,0.0,0.0,0.0,0.167,1.0,0.857,0.15,0.1098,-0.1891,2,1
frag_02396,source_order_tree,1.0,2.0,13.0,1.0,0.0,0.0,0.0,0.167,1.0,0.857,0.15,0.1138,-0.1851,2,1
frag_02396,evidence_role_tree,2.0,3.0,16.0,2.0,0.0,0.0,0.0,0.333,1.0,0.75,0.25,0.2027,-0.0598,3,2
frag_02396,question_intent_tree,2.0,3.0,16.0,2.0,0.0,0.0,0.0,0.333,1.0,0.75,0.25,0.2027,-0.0598,3,2
frag_02396,class_objective_tree,2.0,3.0,16.0,2.0,0.0,0.0,0.0,0.333,1.0,0.75,0.25,0.2027,-0.0598,3,2
frag_02396,hybrid_optimized_tree,1.0,2.0,11.0,1.0,0.0,0.0,0.0,0.167,1.0,0.857,0.15,0.1118,-0.1871,2,1
frag_02398,source_order_tree,1.0,2.0,11.0,1.0,0.0,0.0,0.0,0.167,1.0,0.857,0.15,0.1118,-0.1871,2,1
frag_02398,evidence_role_tree,2.0,3.0,14.0,2.0,0.0,0.0,0.0,0.333,1.0,0.75,0.25,0.2007,-0.0618,3,2
frag_02398,question_intent_tree,2.0,3.0,14.0,2.0,0.0,0.0,0.0,0.333,1.0,0.75,0.25,0.2007,-0.0618,3,2
frag_02398,class_objective_tree,2.0,3.0,14.0,2.0,0.0,0.0,0.0,0.333,1.0,0.75,0.25,0.2007,-0.0618,3,2
frag_02398,hybrid_optimized_tree,1.0,2.0,9.0,1.0,0.0,0.0,0.0,0.167,1.0,0.857,0.15,0.1098,-0.1891,2,1
frag_02399,source_order_tree,1.5,3.0,18.0,1.0,0.0,0.0,0.0,0.333,0.5,0.75,0.25,0.1897,0.0022,3,2
frag_02399,evidence_role_tree,2.0,5.0,24.0,3.0,0.0,1.0,0.0,0.333,0.5,0.75,0.35,0.3023,0.1298,5,2
frag_02399,question_intent_tree,2.0,4.0,19.0,2.0,0.0,0.0,0.0,0.333,1.0,0.75,0.3,0.2207,-0.0343,4,2
frag_02399,class_objective_tree,2.0,5.0,24.0,3.0,0.0,1.0,0.0,0.333,0.5,0.75,0.35,0.3023,0.1298,5,2
frag_02399,hybrid_optimized_tree,2.0,4.0,19.0,2.0,0.0,0.0,0.0,0.333,1.0,0.75,0.3,0.2207,-0.0343,4,2
frag_02402,source_order_tree,1.0,2.0,12.0,1.0,0.0,0.0,0.0,0.167,1.0,0.857,0.15,0.1128,-0.1861,2,1
frag_02402,evidence_role_tree,2.0,3.0,15.0,2.0,0.0,0.0,0.0,0.333,1.0,0.75,0.25,0.2017,-0.0608,3,2
frag_02402,question_intent_tree,2.0,3.0,15.0,2.0,0.0,0.0,0.0,0.333,1.0,0.75,0.25,0.2017,-0.0608,3,2
frag_02402,class_objective_tree,2.0,3.0,15.0,2.0,0.0,0.0,0.0,0.333,1.0,0.75,0.25,0.2017,-0.0608,3,2
frag_02402,hybrid_optimized_tree,1.0,2.0,10.0,1.0,0.0,0.0,0.0,0.167,1.0,0.857,0.15,0.1108,-0.1881,2,1
frag_02403,source_order_tree,1.0,2.0,12.0,1.0,0.0,0.0,0.0,0.167,1.0,0.857,0.15,0.1128,-0.1861,2,1
frag_02403,evidence_role_tree,2.0,3.0,15.0,2.0,0.0,0.0,0.0,0.333,1.0,0.75,0.25,0.2017,-0.0608,3,2
frag_02403,question_intent_tree,2.0,3.0,15.0,2.0,0.0,0.0,0.0,0.333,1.0,0.75,0.25,0.2017,-0.0608,3,2
frag_02403,class_objective_tree,2.0,3.0,15.0,2.0,0.0,0.0,0.0,0.333,1.0,0.75,0.25,0.2017,-0.0608,3,2
frag_02403,hybrid_optimized_tree,1.0,2.0,10.0,1.0,0.0,0.0,0.0,0.167,1.0,0.857,0.15,0.1108,-0.1881,2,1
frag_02406,source_order_tree,1.217,2.217,14.0,1.217,0.0,0.0,0.0,0.333,1.0,0.75,0.25,0.1438,-0.1187,3,2
frag_02406,evidence_role_tree,2.0,3.0,15.2,2.0,0.0,0.0,0.0,0.333,1.0,0.75,0.35,0.2069,-0.0406,5,2
frag_02406,question_intent_tree,2.0,3.0,15.2,2.0,0.0,0.0,0.0,0.333,1.0,0.75,0.35,0.2069,-0.0406,5,2
frag_02406,class_objective_tree,2.0,3.0,15.2,2.0,0.0,0.0,0.0,0.333,1.0,0.75,0.35,0.2069,-0.0406,5,2
frag_02406,hybrid_optimized_tree,1.0,2.0,10.2,1.0,0.0,0.0,0.0,0.167,1.0,0.857,0.2,0.1136,-0.1779,3,1
frag_02408,source_order_tree,2.725,4.225,27.8,2.225,0.0,0.0,0.0,0.667,0.5,0.6,0.45,0.3149,0.1874,5,4
frag_02408,evidence_role_tree,2.0,5.0,25.2,3.0,0.0,1.0,0.0,0.333,0.5,0.75,0.55,0.3136,0.1711,9,2
frag_02408,question_intent_tree,2.0,4.0,20.2,2.0,0.0,0.0,0.0,0.333,1.0,0.75,0.45,0.2294,-0.0031,7,2
frag_02408,class_objective_tree,2.0,4.388,22.2,2.388,0.0,0.388,0.0,0.333,0.806,0.75,0.5,0.2626,0.0667,8,2
frag_02408,hybrid_optimized_tree,2.0,4.0,20.2,2.0,0.0,0.0,0.0,0.333,1.0,0.75,0.45,0.2294,-0.0031,7,2
frag_02409,source_order_tree,2.186,3.463,23.0,1.909,0.0,0.0,0.0,0.833,0.723,0.545,0.55,0.275,0.1399,6,5
frag_02409,evidence_role_tree,2.0,4.108,21.2,2.554,0.0,0.554,0.0,0.333,0.723,0.75,0.65,0.2758,0.1149,11,2
frag_02409,question_intent_tree,2.0,3.554,18.4,2.0,0.0,0.0,0.0,0.333,1.0,0.75,0.55,0.227,0.0095,9,2
frag_02409,class_objective_tree,2.0,3.554,18.4,2.0,0.0,0.0,0.0,0.333,1.0,0.75,0.5,0.2245,-0.0005,8,2
frag_02409,hybrid_optimized_tree,1.554,3.108,16.2,1.554,0.0,0.0,0.0,0.333,1.0,0.75,0.5,0.1899,-0.0351,8,2
frag_02410,source_order_tree,1.0,2.0,18.0,1.0,0.0,0.0,0.5,0.167,1.0,0.857,0.15,0.1688,-0.1301,2,1
frag_02410,evidence_role_tree,2.0,3.0,21.0,2.0,0.0,0.0,0.5,0.333,1.0,0.75,0.25,0.2577,-0.0048,3,2
frag_02410,question_intent_tree,2.0,3.0,21.0,2.0,0.0,0.0,0.5,0.333,1.0,0.75,0.25,0.2577,-0.0048,3,2
frag_02410,class_objective_tree,2.0,3.0,21.0,2.0,0.0,0.0,0.5,0.333,1.0,0.75,0.25,0.2577,-0.0048,3,2
frag_02410,hybrid_optimized_tree,1.0,2.0,16.0,1.0,0.0,0.0,0.5,0.167,1.0,0.857,0.15,0.1668,-0.1321,2,1
frag_02411,source_order_tree,2.142,3.642,25.4,1.642,0.0,0.0,0.0,0.667,0.5,0.6,0.45,0.2703,0.1428,5,4
frag_02411,evidence_role_tree,2.0,5.0,26.6,3.0,0.0,1.0,0.0,0.333,0.5,0.75,0.55,0.3149,0.1724,9,2
frag_02411,question_intent_tree,2.0,4.0,21.6,2.0,0.0,0.0,0.0,0.333,1.0,0.75,0.45,0.2308,-0.0017,7,2
frag_02411,class_objective_tree,2.0,4.0,21.6,2.0,0.0,0.0,0.0,0.333,1.0,0.75,0.45,0.2308,-0.0017,7,2
frag_02411,hybrid_optimized_tree,2.0,4.0,21.6,2.0,0.0,0.0,0.0,0.333,1.0,0.75,0.45,0.2308,-0.0017,7,2
frag_02413,source_order_tree,2.142,3.642,28.1,1.642,0.0,0.0,0.0,0.667,0.5,0.6,0.45,0.2729,0.1454,5,4
frag_02413,evidence_role_tree,2.0,5.0,28.6,3.0,0.0,1.0,0.0,0.333,0.5,0.75,0.55,0.3169,0.1744,9,2
frag_02413,question_intent_tree,2.0,4.0,23.6,2.0,0.0,0.0,0.0,0.333,1.0,0.75,0.45,0.2328,0.0003,7,2
frag_02413,class_objective_tree,2.0,4.0,23.6,2.0,0.0,0.0,0.0,0.333,1.0,0.75,0.45,0.2328,0.0003,7,2
frag_02413,hybrid_optimized_tree,2.0,4.0,23.6,2.0,0.0,0.0,0.0,0.333,1.0,0.75,0.45,0.2328,0.0003,7,2
frag_02415,source_order_tree,2.142,3.642,25.7,1.642,0.0,0.0,0.0,0.667,0.5,0.6,0.45,0.2706,0.1431,5,4
frag_02415,evidence_role_tree,2.0,5.0,26.9,3.0,0.0,1.0,0.0,0.333,0.5,0.75,0.55,0.3153,0.1728,9,2
frag_02415,question_intent_tree,2.0,4.0,21.9,2.0,0.0,0.0,0.0,0.333,1.0,0.75,0.45,0.2311,-0.0014,7,2
frag_02415,class_objective_tree,2.0,4.0,21.9,2.0,0.0,0.0,0.0,0.333,1.0,0.75,0.45,0.2311,-0.0014,7,2
frag_02415,hybrid_optimized_tree,2.0,4.0,21.9,2.0,0.0,0.0,0.0,0.333,1.0,0.75,0.45,0.2311,-0.0014,7,2
frag_02416,source_order_tree,1.0,2.0,20.0,1.0,0.0,0.0,0.5,0.167,1.0,0.857,0.15,0.1708,-0.1281,2,1
frag_02416,evidence_role_tree,2.0,3.0,23.0,2.0,0.0,0.0,0.5,0.333,1.0,0.75,0.25,0.2597,-0.0028,3,2
frag_02416,question_intent_tree,2.0,3.0,23.0,2.0,0.0,0.0,0.5,0.333,1.0,0.75,0.25,0.2597,-0.0028,3,2
frag_02416,class_objective_tree,2.0,3.0,23.0,2.0,0.0,0.0,0.5,0.333,1.0,0.75,0.25,0.2597,-0.0028,3,2
frag_02416,hybrid_optimized_tree,1.0,2.0,18.0,1.0,0.0,0.0,0.5,0.167,1.0,0.857,0.15,0.1688,-0.1301,2,1
frag_02417,source_order_tree,2.142,3.642,28.9,1.642,0.0,0.0,0.0,0.667,0.5,0.6,0.45,0.2738,0.1463,5,4
frag_02417,evidence_role_tree,2.0,5.0,30.1,3.0,0.0,1.0,0.0,0.333,0.5,0.75,0.55,0.3185,0.176,9,2
frag_02417,question_intent_tree,2.0,4.0,25.1,2.0,0.0,0.0,0.0,0.333,1.0,0.75,0.45,0.2343,0.0018,7,2
frag_02417,class_objective_tree,2.0,4.0,25.1,2.0,0.0,0.0,0.0,0.333,1.0,0.75,0.45,0.2343,0.0018,7,2
frag_02417,hybrid_optimized_tree,2.0,4.0,25.1,2.0,0.0,0.0,0.0,0.333,1.0,0.75,0.45,0.2343,0.0018,7,2
frag_02418,source_order_tree,1.0,2.0,28.0,1.0,0.0,0.0,0.5,0.167,1.0,0.857,0.15,0.1788,-0.1201,2,1
frag_02418,evidence_role_tree,2.0,3.0,31.0,2.0,0.0,0.0,0.5,0.333,1.0,0.75,0.25,0.2677,0.0052,3,2
frag_02418,question_intent_tree,2.0,3.0,31.0,2.0,0.0,0.0,0.5,0.333,1.0,0.75,0.25,0.2677,0.0052,3,2
frag_02418,class_objective_tree,2.0,3.0,31.0,2.0,0.0,0.0,0.5,0.333,1.0,0.75,0.25,0.2677,0.0052,3,2
frag_02418,hybrid_optimized_tree,1.0,2.0,26.0,1.0,0.0,0.0,0.5,0.167,1.0,0.857,0.15,0.1768,-0.1221,2,1
frag_02419,source_order_tree,2.142,3.642,28.1,1.642,0.0,0.0,0.0,0.667,0.5,0.6,0.45,0.2729,0.1454,5,4
frag_02419,evidence_role_tree,2.0,5.0,28.6,3.0,0.0,1.0,0.0,0.333,0.5,0.75,0.55,0.3169,0.1744,9,2
frag_02419,question_intent_tree,2.0,4.0,23.6,2.0,0.0,0.0,0.0,0.333,1.0,0.75,0.45,0.2328,0.0003,7,2
frag_02419,class_objective_tree,2.0,4.0,23.6,2.0,0.0,0.0,0.0,0.333,1.0,0.75,0.45,0.2328,0.0003,7,2
frag_02419,hybrid_optimized_tree,2.0,4.0,23.6,2.0,0.0,0.0,0.0,0.333,1.0,0.75,0.45,0.2328,0.0003,7,2
frag_02421,source_order_tree,1.5,3.0,19.0,1.0,0.0,0.0,0.0,0.333,0.5,0.75,0.25,0.1907,0.0032,3,2
frag_02421,evidence_role_tree,2.0,5.0,25.0,3.0,0.0,1.0,0.0,0.333,0.5,0.75,0.35,0.3033,0.1308,5,2
frag_02421,question_intent_tree,2.0,4.0,20.0,2.0,0.0,0.0,0.0,0.333,1.0,0.75,0.3,0.2217,-0.0333,4,2
frag_02421,class_objective_tree,2.0,4.0,20.0,2.0,0.0,0.0,0.0,0.333,1.0,0.75,0.3,0.2217,-0.0333,4,2
frag_02421,hybrid_optimized_tree,2.0,4.0,20.0,2.0,0.0,0.0,0.0,0.333,1.0,0.75,0.3,0.2217,-0.0333,4,2
frag_02422,source_order_tree,2.725,4.225,28.4,2.225,0.0,0.0,0.0,0.667,0.5,0.6,0.45,0.3155,0.188,5,4
frag_02422,evidence_role_tree,2.0,5.0,25.8,3.0,0.0,1.0,0.0,0.333,0.5,0.75,0.55,0.3142,0.1717,9,2
frag_02422,question_intent_tree,2.0,4.0,20.8,2.0,0.0,0.0,0.0,0.333,1.0,0.75,0.45,0.23,-0.0025,7,2
frag_02422,class_objective_tree,2.0,4.388,22.8,2.388,0.0,0.388,0.0,0.333,0.806,0.75,0.5,0.2632,0.0673,8,2
frag_02422,hybrid_optimized_tree,2.0,4.0,20.8,2.0,0.0,0.0,0.0,0.333,1.0,0.75,0.45,0.23,-0.0025,7,2
frag_02423,source_order_tree,1.5,3.0,20.0,1.0,0.0,0.0,0.0,0.333,0.5,0.75,0.25,0.1917,0.0042,3,2
frag_02423,evidence_role_tree,2.0,5.0,26.0,3.0,0.0,1.0,0.0,0.333,0.5,0.75,0.35,0.3043,0.1318,5,2
frag_02423,question_intent_tree,2.0,4.0,21.0,2.0,0.0,0.0,0.0,0.333,1.0,0.75,0.3,0.2227,-0.0323,4,2
frag_02423,class_objective_tree,2.0,4.0,21.0,2.0,0.0,0.0,0.0,0.333,1.0,0.75,0.3,0.2227,-0.0323,4,2
frag_02423,hybrid_optimized_tree,2.0,4.0,21.0,2.0,0.0,0.0,0.0,0.333,1.0,0.75,0.3,0.2227,-0.0323,4,2
frag_02438,source_order_tree,1.0,2.0,14.0,1.0,0.0,0.0,0.0,0.167,1.0,0.857,0.15,0.1148,-0.1841,2,1
frag_02438,evidence_role_tree,2.0,3.0,17.0,2.0,0.0,0.0,0.0,0.333,1.0,0.75,0.25,0.2037,-0.0588,3,2
frag_02438,question_intent_tree,2.0,3.0,17.0,2.0,0.0,0.0,0.0,0.333,1.0,0.75,0.25,0.2037,-0.0588,3,2
frag_02438,class_objective_tree,2.0,3.0,17.0,2.0,0.0,0.0,0.0,0.333,1.0,0.75,0.25,0.2037,-0.0588,3,2
frag_02438,hybrid_optimized_tree,1.0,2.0,12.0,1.0,0.0,0.0,0.0,0.167,1.0,0.857,0.15,0.1128,-0.1861,2,1
frag_02440,source_order_tree,1.0,2.0,30.0,1.0,0.0,0.0,0.5,0.167,1.0,0.857,0.15,0.1808,-0.1181,2,1
frag_02440,evidence_role_tree,2.0,3.0,33.0,2.0,0.0,0.0,0.5,0.333,1.0,0.75,0.25,0.2697,0.0072,3,2
frag_02440,question_intent_tree,2.0,3.0,33.0,2.0,0.0,0.0,0.5,0.333,1.0,0.75,0.25,0.2697,0.0072,3,2
frag_02440,class_objective_tree,2.0,3.0,33.0,2.0,0.0,0.0,0.5,0.333,1.0,0.75,0.25,0.2697,0.0072,3,2
frag_02440,hybrid_optimized_tree,1.0,2.0,28.0,1.0,0.0,0.0,0.5,0.167,1.0,0.857,0.15,0.1788,-0.1201,2,1
frag_02442,source_order_tree,1.5,3.0,20.0,1.0,0.0,0.0,0.0,0.333,0.5,0.75,0.25,0.1917,0.0042,3,2
frag_02442,evidence_role_tree,2.0,5.0,26.0,3.0,0.0,1.0,0.0,0.333,0.5,0.75,0.35,0.3043,0.1318,5,2
frag_02442,question_intent_tree,2.0,4.0,21.0,2.0,0.0,0.0,0.0,0.333,1.0,0.75,0.3,0.2227,-0.0323,4,2
frag_02442,class_objective_tree,2.0,4.0,21.0,2.0,0.0,0.0,0.0,0.333,1.0,0.75,0.3,0.2227,-0.0323,4,2
frag_02442,hybrid_optimized_tree,2.0,4.0,21.0,2.0,0.0,0.0,0.0,0.333,1.0,0.75,0.3,0.2227,-0.0323,4,2
frag_02443,source_order_tree,1.5,3.0,19.0,1.0,0.0,0.0,0.0,0.333,0.5,0.75,0.25,0.1907,0.0032,3,2
frag_02443,evidence_role_tree,2.0,5.0,25.0,3.0,0.0,1.0,0.0,0.333,0.5,0.75,0.35,0.3033,0.1308,5,2
frag_02443,question_intent_tree,2.0,4.0,20.0,2.0,0.0,0.0,0.0,0.333,1.0,0.75,0.3,0.2217,-0.0333,4,2
frag_02443,class_objective_tree,2.0,4.0,20.0,2.0,0.0,0.0,0.0,0.333,1.0,0.75,0.3,0.2217,-0.0333,4,2
frag_02443,hybrid_optimized_tree,2.0,4.0,20.0,2.0,0.0,0.0,0.0,0.333,1.0,0.75,0.3,0.2217,-0.0333,4,2
frag_02453,source_order_tree,1.686,2.915,20.8,1.457,0.0,0.0,0.0,0.5,0.771,0.667,0.35,0.2077,0.0112,4,3
frag_02453,evidence_role_tree,2.0,3.915,21.0,2.457,0.0,0.457,0.0,0.333,0.771,0.75,0.45,0.2573,0.0591,7,2
frag_02453,question_intent_tree,2.0,3.457,18.7,2.0,0.0,0.0,0.0,0.333,1.0,0.75,0.4,0.2186,-0.0214,6,2
frag_02453,class_objective_tree,2.0,3.457,18.7,2.0,0.0,0.0,0.0,0.333,1.0,0.75,0.4,0.2186,-0.0214,6,2
frag_02453,hybrid_optimized_tree,1.457,2.915,16.0,1.457,0.0,0.0,0.0,0.333,1.0,0.75,0.35,0.1741,-0.0734,5,2
frag_02455,source_order_tree,1.5,3.0,20.0,1.0,0.0,0.0,0.0,0.333,0.5,0.75,0.25,0.1917,0.0042,3,2
frag_02455,evidence_role_tree,2.0,5.0,26.0,3.0,0.0,1.0,0.0,0.333,0.5,0.75,0.35,0.3043,0.1318,5,2
frag_02455,question_intent_tree,2.0,4.0,21.0,2.0,0.0,0.0,0.0,0.333,1.0,0.75,0.3,0.2227,-0.0323,4,2
frag_02455,class_objective_tree,2.0,4.0,21.0,2.0,0.0,0.0,0.0,0.333,1.0,0.75,0.3,0.2227,-0.0323,4,2
frag_02455,hybrid_optimized_tree,2.0,4.0,21.0,2.0,0.0,0.0,0.0,0.333,1.0,0.75,0.3,0.2227,-0.0323,4,2
frag_02469,source_order_tree,1.0,2.0,12.0,1.0,0.0,0.0,0.0,0.167,1.0,0.857,0.15,0.1128,-0.1861,2,1
frag_02469,evidence_role_tree,2.0,3.0,15.0,2.0,0.0,0.0,0.0,0.333,1.0,0.75,0.25,0.2017,-0.0608,3,2
frag_02469,question_intent_tree,2.0,3.0,15.0,2.0,0.0,0.0,0.0,0.333,1.0,0.75,0.25,0.2017,-0.0608,3,2
frag_02469,class_objective_tree,2.0,3.0,15.0,2.0,0.0,0.0,0.0,0.333,1.0,0.75,0.25,0.2017,-0.0608,3,2
frag_02469,hybrid_optimized_tree,1.0,2.0,10.0,1.0,0.0,0.0,0.0,0.167,1.0,0.857,0.15,0.1108,-0.1881,2,1
frag_02482,source_order_tree,1.706,2.706,32.4,1.706,0.0,0.0,0.353,0.333,1.0,0.75,0.25,0.2331,-0.0294,3,2
frag_02482,evidence_role_tree,2.0,3.0,28.3,2.0,0.0,0.0,0.353,0.333,1.0,0.75,0.35,0.2553,0.0078,5,2
frag_02482,question_intent_tree,2.0,3.0,28.3,2.0,0.0,0.0,0.353,0.333,1.0,0.75,0.35,0.2553,0.0078,5,2
frag_02482,class_objective_tree,2.0,3.0,28.3,2.0,0.0,0.0,0.353,0.333,1.0,0.75,0.35,0.2553,0.0078,5,2
frag_02482,hybrid_optimized_tree,1.0,2.0,23.3,1.0,0.0,0.0,0.353,0.167,1.0,0.857,0.2,0.162,-0.1295,3,1
frag_02483,source_order_tree,1.0,2.0,30.0,1.0,0.0,0.0,0.5,0.167,1.0,0.857,0.15,0.1808,-0.1181,2,1
frag_02483,evidence_role_tree,2.0,3.0,33.0,2.0,0.0,0.0,0.5,0.333,1.0,0.75,0.25,0.2697,0.0072,3,2
frag_02483,question_intent_tree,2.0,3.0,33.0,2.0,0.0,0.0,0.5,0.333,1.0,0.75,0.25,0.2697,0.0072,3,2
frag_02483,class_objective_tree,2.0,3.0,33.0,2.0,0.0,0.0,0.5,0.333,1.0,0.75,0.25,0.2697,0.0072,3,2
frag_02483,hybrid_optimized_tree,1.0,2.0,28.0,1.0,0.0,0.0,0.5,0.167,1.0,0.857,0.15,0.1788,-0.1201,2,1
frag_02486,source_order_tree,1.706,2.706,32.4,1.706,0.0,0.0,0.353,0.333,1.0,0.75,0.25,0.2331,-0.0294,3,2
frag_02486,evidence_role_tree,2.0,3.0,28.3,2.0,0.0,0.0,0.353,0.333,1.0,0.75,0.35,0.2553,0.0078,5,2
frag_02486,question_intent_tree,2.0,3.0,28.3,2.0,0.0,0.0,0.353,0.333,1.0,0.75,0.35,0.2553,0.0078,5,2
frag_02486,class_objective_tree,2.0,3.0,28.3,2.0,0.0,0.0,0.353,0.333,1.0,0.75,0.35,0.2553,0.0078,5,2
frag_02486,hybrid_optimized_tree,1.0,2.0,23.3,1.0,0.0,0.0,0.353,0.167,1.0,0.857,0.2,0.162,-0.1295,3,1
frag_02487,source_order_tree,1.0,2.0,30.0,1.0,0.0,0.0,0.5,0.167,1.0,0.857,0.15,0.1808,-0.1181,2,1
frag_02487,evidence_role_tree,2.0,3.0,33.0,2.0,0.0,0.0,0.5,0.333,1.0,0.75,0.25,0.2697,0.0072,3,2
frag_02487,question_intent_tree,2.0,3.0,33.0,2.0,0.0,0.0,0.5,0.333,1.0,0.75,0.25,0.2697,0.0072,3,2
frag_02487,class_objective_tree,2.0,3.0,33.0,2.0,0.0,0.0,0.5,0.333,1.0,0.75,0.25,0.2697,0.0072,3,2
frag_02487,hybrid_optimized_tree,1.0,2.0,28.0,1.0,0.0,0.0,0.5,0.167,1.0,0.857,0.15,0.1788,-0.1201,2,1
frag_02488,source_order_tree,1.0,2.0,14.0,1.0,0.0,0.0,0.0,0.167,1.0,0.857,0.15,0.1148,-0.1841,2,1
frag_02488,evidence_role_tree,2.0,3.0,17.0,2.0,0.0,0.0,0.0,0.333,1.0,0.75,0.25,0.2037,-0.0588,3,2
frag_02488,question_intent_tree,2.0,3.0,17.0,2.0,0.0,0.0,0.0,0.333,1.0,0.75,0.25,0.2037,-0.0588,3,2
frag_02488,class_objective_tree,2.0,3.0,17.0,2.0,0.0,0.0,0.0,0.333,1.0,0.75,0.25,0.2037,-0.0588,3,2
frag_02488,hybrid_optimized_tree,1.0,2.0,12.0,1.0,0.0,0.0,0.0,0.167,1.0,0.857,0.15,0.1128,-0.1861,2,1
frag_02493,source_order_tree,1.5,3.0,20.0,1.0,0.0,0.0,0.0,0.333,0.5,0.75,0.25,0.1917,0.0042,3,2
frag_02493,evidence_role_tree,2.0,5.0,26.0,3.0,0.0,1.0,0.0,0.333,0.5,0.75,0.35,0.3043,0.1318,5,2
frag_02493,question_intent_tree,2.0,4.0,21.0,2.0,0.0,0.0,0.0,0.333,1.0,0.75,0.3,0.2227,-0.0323,4,2
frag_02493,class_objective_tree,2.0,4.0,21.0,2.0,0.0,0.0,0.0,0.333,1.0,0.75,0.3,0.2227,-0.0323,4,2
frag_02493,hybrid_optimized_tree,2.0,4.0,21.0,2.0,0.0,0.0,0.0,0.333,1.0,0.75,0.3,0.2227,-0.0323,4,2
frag_02496,source_order_tree,1.0,2.0,30.0,1.0,0.0,0.0,0.5,0.167,1.0,0.857,0.15,0.1808,-0.1181,2,1
frag_02496,evidence_role_tree,2.0,3.0,33.0,2.0,0.0,0.0,0.5,0.333,1.0,0.75,0.25,0.2697,0.0072,3,2
frag_02496,question_intent_tree,2.0,3.0,33.0,2.0,0.0,0.0,0.5,0.333,1.0,0.75,0.25,0.2697,0.0072,3,2
frag_02496,class_objective_tree,2.0,3.0,33.0,2.0,0.0,0.0,0.5,0.333,1.0,0.75,0.25,0.2697,0.0072,3,2
frag_02496,hybrid_optimized_tree,1.0,2.0,28.0,1.0,0.0,0.0,0.5,0.167,1.0,0.857,0.15,0.1788,-0.1201,2,1
frag_02498,source_order_tree,1.0,2.0,13.0,1.0,0.0,0.0,0.0,0.167,1.0,0.857,0.15,0.1138,-0.1851,2,1
frag_02498,evidence_role_tree,2.0,3.0,16.0,2.0,0.0,0.0,0.0,0.333,1.0,0.75,0.25,0.2027,-0.0598,3,2
frag_02498,question_intent_tree,2.0,3.0,16.0,2.0,0.0,0.0,0.0,0.333,1.0,0.75,0.25,0.2027,-0.0598,3,2
frag_02498,class_objective_tree,2.0,3.0,16.0,2.0,0.0,0.0,0.0,0.333,1.0,0.75,0.25,0.2027,-0.0598,3,2
frag_02498,hybrid_optimized_tree,1.0,2.0,11.0,1.0,0.0,0.0,0.0,0.167,1.0,0.857,0.15,0.1118,-0.1871,2,1
frag_02502,source_order_tree,1.5,3.0,51.0,1.0,0.0,0.0,0.0,0.333,0.5,0.75,0.25,0.2227,0.0352,3,2
frag_02502,evidence_role_tree,2.0,5.0,57.0,3.0,0.0,1.0,0.0,0.333,0.5,0.75,0.35,0.3353,0.1628,5,2
frag_02502,question_intent_tree,2.0,4.0,52.0,2.0,0.0,0.0,0.0,0.333,1.0,0.75,0.3,0.2537,-0.0013,4,2
frag_02502,class_objective_tree,2.0,5.0,57.0,3.0,0.0,1.0,0.0,0.333,0.5,0.75,0.35,0.3353,0.1628,5,2
frag_02502,hybrid_optimized_tree,2.0,4.0,52.0,2.0,0.0,0.0,0.0,0.333,1.0,0.75,0.3,0.2537,-0.0013,4,2
frag_02503,source_order_tree,1.0,2.0,12.0,1.0,0.0,0.0,0.0,0.167,1.0,0.857,0.15,0.1128,-0.1861,2,1
frag_02503,evidence_role_tree,2.0,3.0,15.0,2.0,0.0,0.0,0.0,0.333,1.0,0.75,0.25,0.2017,-0.0608,3,2
frag_02503,question_intent_tree,2.0,3.0,15.0,2.0,0.0,0.0,0.0,0.333,1.0,0.75,0.25,0.2017,-0.0608,3,2
frag_02503,class_objective_tree,2.0,3.0,15.0,2.0,0.0,0.0,0.0,0.333,1.0,0.75,0.25,0.2017,-0.0608,3,2
frag_02503,hybrid_optimized_tree,1.0,2.0,10.0,1.0,0.0,0.0,0.0,0.167,1.0,0.857,0.15,0.1108,-0.1881,2,1
frag_02504,source_order_tree,1.0,2.0,12.0,1.0,0.0,0.0,0.0,0.167,1.0,0.857,0.15,0.1128,-0.1861,2,1
frag_02504,evidence_role_tree,2.0,3.0,15.0,2.0,0.0,0.0,0.0,0.333,1.0,0.75,0.25,0.2017,-0.0608,3,2
frag_02504,question_intent_tree,2.0,3.0,15.0,2.0,0.0,0.0,0.0,0.333,1.0,0.75,0.25,0.2017,-0.0608,3,2
frag_02504,class_objective_tree,2.0,3.0,15.0,2.0,0.0,0.0,0.0,0.333,1.0,0.75,0.25,0.2017,-0.0608,3,2
frag_02504,hybrid_optimized_tree,1.0,2.0,10.0,1.0,0.0,0.0,0.0,0.167,1.0,0.857,0.15,0.1108,-0.1881,2,1
frag_02516,source_order_tree,2.725,4.225,27.8,2.225,0.0,0.0,0.0,0.667,0.5,0.6,0.45,0.3149,0.1874,5,4
frag_02516,evidence_role_tree,2.0,5.0,25.2,3.0,0.0,1.0,0.0,0.333,0.5,0.75,0.55,0.3136,0.1711,9,2
frag_02516,question_intent_tree,2.0,4.0,20.2,2.0,0.0,0.0,0.0,0.333,1.0,0.75,0.45,0.2294,-0.0031,7,2
frag_02516,class_objective_tree,2.0,4.388,22.2,2.388,0.0,0.388,0.0,0.333,0.806,0.75,0.5,0.2626,0.0667,8,2
frag_02516,hybrid_optimized_tree,2.0,4.0,20.2,2.0,0.0,0.0,0.0,0.333,1.0,0.75,0.45,0.2294,-0.0031,7,2
frag_02517,source_order_tree,1.5,3.0,23.0,1.0,0.0,0.0,0.0,0.333,0.5,0.75,0.25,0.1947,0.0072,3,2
frag_02517,evidence_role_tree,2.0,5.0,29.0,3.0,0.0,1.0,0.0,0.333,0.5,0.75,0.35,0.3073,0.1348,5,2
frag_02517,question_intent_tree,2.0,4.0,24.0,2.0,0.0,0.0,0.0,0.333,1.0,0.75,0.3,0.2257,-0.0293,4,2
frag_02517,class_objective_tree,2.0,4.0,24.0,2.0,0.0,0.0,0.0,0.333,1.0,0.75,0.3,0.2257,-0.0293,4,2
frag_02517,hybrid_optimized_tree,2.0,4.0,24.0,2.0,0.0,0.0,0.0,0.333,1.0,0.75,0.3,0.2257,-0.0293,4,2
frag_02518,source_order_tree,1.838,3.118,38.4,1.559,0.0,0.0,0.221,0.5,0.721,0.667,0.35,0.2606,0.0717,4,3
frag_02518,evidence_role_tree,2.0,4.118,28.5,2.559,0.0,0.559,0.221,0.333,0.721,0.75,0.45,0.2957,0.1051,7,2
frag_02518,question_intent_tree,2.0,3.559,25.7,2.0,0.0,0.0,0.221,0.333,1.0,0.75,0.4,0.2489,0.0089,6,2
frag_02518,class_objective_tree,2.0,3.559,25.7,2.0,0.0,0.0,0.221,0.333,1.0,0.75,0.4,0.2489,0.0089,6,2
frag_02518,hybrid_optimized_tree,1.559,3.118,23.5,1.559,0.0,0.0,0.221,0.333,1.0,0.75,0.35,0.2123,-0.0352,5,2
frag_02519,source_order_tree,1.5,3.0,21.0,1.0,0.0,0.0,0.0,0.333,0.5,0.75,0.25,0.1927,0.0052,3,2
frag_02519,evidence_role_tree,2.0,5.0,27.0,3.0,0.0,1.0,0.0,0.333,0.5,0.75,0.35,0.3053,0.1328,5,2
frag_02519,question_intent_tree,2.0,4.0,22.0,2.0,0.0,0.0,0.0,0.333,1.0,0.75,0.3,0.2237,-0.0313,4,2
frag_02519,class_objective_tree,2.0,4.0,22.0,2.0,0.0,0.0,0.0,0.333,1.0,0.75,0.3,0.2237,-0.0313,4,2
frag_02519,hybrid_optimized_tree,2.0,4.0,22.0,2.0,0.0,0.0,0.0,0.333,1.0,0.75,0.3,0.2237,-0.0313,4,2
frag_02520,source_order_tree,2.947,4.447,32.6,2.447,0.0,0.0,0.0,0.667,0.5,0.6,0.45,0.3358,0.2083,5,4
frag_02520,evidence_role_tree,2.0,5.0,26.3,3.0,0.0,1.0,0.0,0.333,0.5,0.75,0.55,0.3146,0.1721,9,2
frag_02520,question_intent_tree,2.0,4.0,21.3,2.0,0.0,0.0,0.0,0.333,1.0,0.75,0.45,0.2304,-0.0021,7,2
frag_02520,class_objective_tree,2.0,4.0,21.3,2.0,0.0,0.0,0.0,0.333,1.0,0.75,0.45,0.2304,-0.0021,7,2
frag_02520,hybrid_optimized_tree,2.0,4.0,21.3,2.0,0.0,0.0,0.0,0.333,1.0,0.75,0.45,0.2304,-0.0021,7,2
frag_02521,source_order_tree,1.5,3.0,19.0,1.0,0.0,0.0,0.0,0.333,0.5,0.75,0.25,0.1907,0.0032,3,2
frag_02521,evidence_role_tree,2.0,5.0,25.0,3.0,0.0,1.0,0.0,0.333,0.5,0.75,0.35,0.3033,0.1308,5,2
frag_02521,question_intent_tree,2.0,4.0,20.0,2.0,0.0,0.0,0.0,0.333,1.0,0.75,0.3,0.2217,-0.0333,4,2
frag_02521,class_objective_tree,2.0,4.0,20.0,2.0,0.0,0.0,0.0,0.333,1.0,0.75,0.3,0.2217,-0.0333,4,2
frag_02521,hybrid_optimized_tree,2.0,4.0,20.0,2.0,0.0,0.0,0.0,0.333,1.0,0.75,0.3,0.2217,-0.0333,4,2
frag_02522,source_order_tree,1.686,2.915,19.9,1.457,0.0,0.0,0.0,0.5,0.771,0.667,0.35,0.2068,0.0103,4,3
frag_02522,evidence_role_tree,2.0,3.915,20.1,2.457,0.0,0.457,0.0,0.333,0.771,0.75,0.45,0.2564,0.0582,7,2
frag_02522,question_intent_tree,2.0,3.457,17.8,2.0,0.0,0.0,0.0,0.333,1.0,0.75,0.4,0.2177,-0.0223,6,2
frag_02522,class_objective_tree,2.0,3.457,17.8,2.0,0.0,0.0,0.0,0.333,1.0,0.75,0.4,0.2177,-0.0223,6,2
frag_02522,hybrid_optimized_tree,1.457,2.915,15.1,1.457,0.0,0.0,0.0,0.333,1.0,0.75,0.35,0.1732,-0.0743,5,2
frag_02541,source_order_tree,1.0,2.0,30.0,1.0,0.0,0.0,0.5,0.167,1.0,0.857,0.15,0.1808,-0.1181,2,1
frag_02541,evidence_role_tree,2.0,3.0,33.0,2.0,0.0,0.0,0.5,0.333,1.0,0.75,0.25,0.2697,0.0072,3,2
frag_02541,question_intent_tree,2.0,3.0,33.0,2.0,0.0,0.0,0.5,0.333,1.0,0.75,0.25,0.2697,0.0072,3,2
frag_02541,class_objective_tree,2.0,3.0,33.0,2.0,0.0,0.0,0.5,0.333,1.0,0.75,0.25,0.2697,0.0072,3,2
frag_02541,hybrid_optimized_tree,1.0,2.0,28.0,1.0,0.0,0.0,0.5,0.167,1.0,0.857,0.15,0.1788,-0.1201,2,1
frag_02545,source_order_tree,1.0,2.0,13.0,1.0,0.0,0.0,0.0,0.167,1.0,0.857,0.15,0.1138,-0.1851,2,1
frag_02545,evidence_role_tree,2.0,3.0,16.0,2.0,0.0,0.0,0.0,0.333,1.0,0.75,0.25,0.2027,-0.0598,3,2
frag_02545,question_intent_tree,2.0,3.0,16.0,2.0,0.0,0.0,0.0,0.333,1.0,0.75,0.25,0.2027,-0.0598,3,2
frag_02545,class_objective_tree,2.0,3.0,16.0,2.0,0.0,0.0,0.0,0.333,1.0,0.75,0.25,0.2027,-0.0598,3,2
frag_02545,hybrid_optimized_tree,1.0,2.0,11.0,1.0,0.0,0.0,0.0,0.167,1.0,0.857,0.15,0.1118,-0.1871,2,1
frag_02546,source_order_tree,1.0,2.0,13.0,1.0,0.0,0.0,0.0,0.167,1.0,0.857,0.15,0.1138,-0.1851,2,1
frag_02546,evidence_role_tree,2.0,3.0,16.0,2.0,0.0,0.0,0.0,0.333,1.0,0.75,0.25,0.2027,-0.0598,3,2
frag_02546,question_intent_tree,2.0,3.0,16.0,2.0,0.0,0.0,0.0,0.333,1.0,0.75,0.25,0.2027,-0.0598,3,2
frag_02546,class_objective_tree,2.0,3.0,16.0,2.0,0.0,0.0,0.0,0.333,1.0,0.75,0.25,0.2027,-0.0598,3,2
frag_02546,hybrid_optimized_tree,1.0,2.0,11.0,1.0,0.0,0.0,0.0,0.167,1.0,0.857,0.15,0.1118,-0.1871,2,1
frag_02547,source_order_tree,1.0,2.0,11.0,1.0,0.0,0.0,0.0,0.167,1.0,0.857,0.15,0.1118,-0.1871,2,1
frag_02547,evidence_role_tree,2.0,3.0,14.0,2.0,0.0,0.0,0.0,0.333,1.0,0.75,0.25,0.2007,-0.0618,3,2
frag_02547,question_intent_tree,2.0,3.0,14.0,2.0,0.0,0.0,0.0,0.333,1.0,0.75,0.25,0.2007,-0.0618,3,2
frag_02547,class_objective_tree,2.0,3.0,14.0,2.0,0.0,0.0,0.0,0.333,1.0,0.75,0.25,0.2007,-0.0618,3,2
frag_02547,hybrid_optimized_tree,1.0,2.0,9.0,1.0,0.0,0.0,0.0,0.167,1.0,0.857,0.15,0.1098,-0.1891,2,1
frag_02548,source_order_tree,1.0,2.0,13.0,1.0,0.0,0.0,0.0,0.167,1.0,0.857,0.15,0.1138,-0.1851,2,1
frag_02548,evidence_role_tree,2.0,3.0,16.0,2.0,0.0,0.0,0.0,0.333,1.0,0.75,0.25,0.2027,-0.0598,3,2
frag_02548,question_intent_tree,2.0,3.0,16.0,2.0,0.0,0.0,0.0,0.333,1.0,0.75,0.25,0.2027,-0.0598,3,2
frag_02548,class_objective_tree,2.0,3.0,16.0,2.0,0.0,0.0,0.0,0.333,1.0,0.75,0.25,0.2027,-0.0598,3,2
frag_02548,hybrid_optimized_tree,1.0,2.0,11.0,1.0,0.0,0.0,0.0,0.167,1.0,0.857,0.15,0.1118,-0.1871,2,1
frag_02549,source_order_tree,1.0,2.0,11.0,1.0,0.0,0.0,0.0,0.167,1.0,0.857,0.15,0.1118,-0.1871,2,1
frag_02549,evidence_role_tree,2.0,3.0,14.0,2.0,0.0,0.0,0.0,0.333,1.0,0.75,0.25,0.2007,-0.0618,3,2
frag_02549,question_intent_tree,2.0,3.0,14.0,2.0,0.0,0.0,0.0,0.333,1.0,0.75,0.25,0.2007,-0.0618,3,2
frag_02549,class_objective_tree,2.0,3.0,14.0,2.0,0.0,0.0,0.0,0.333,1.0,0.75,0.25,0.2007,-0.0618,3,2
frag_02549,hybrid_optimized_tree,1.0,2.0,9.0,1.0,0.0,0.0,0.0,0.167,1.0,0.857,0.15,0.1098,-0.1891,2,1
frag_02557,source_order_tree,1.5,3.0,18.0,1.0,0.0,0.0,0.0,0.333,0.5,0.75,0.25,0.1897,0.0022,3,2
frag_02557,evidence_role_tree,2.0,5.0,24.0,3.0,0.0,1.0,0.0,0.333,0.5,0.75,0.35,0.3023,0.1298,5,2
frag_02557,question_intent_tree,2.0,4.0,19.0,2.0,0.0,0.0,0.0,0.333,1.0,0.75,0.3,0.2207,-0.0343,4,2
frag_02557,class_objective_tree,2.0,5.0,24.0,3.0,0.0,1.0,0.0,0.333,0.5,0.75,0.35,0.3023,0.1298,5,2
frag_02557,hybrid_optimized_tree,2.0,4.0,19.0,2.0,0.0,0.0,0.0,0.333,1.0,0.75,0.3,0.2207,-0.0343,4,2
frag_02560,source_order_tree,1.0,2.0,11.0,1.0,0.0,0.0,0.0,0.167,1.0,0.857,0.15,0.1118,-0.1871,2,1
frag_02560,evidence_role_tree,2.0,3.0,14.0,2.0,0.0,0.0,0.0,0.333,1.0,0.75,0.25,0.2007,-0.0618,3,2
frag_02560,question_intent_tree,2.0,3.0,14.0,2.0,0.0,0.0,0.0,0.333,1.0,0.75,0.25,0.2007,-0.0618,3,2
frag_02560,class_objective_tree,2.0,3.0,14.0,2.0,0.0,0.0,0.0,0.333,1.0,0.75,0.25,0.2007,-0.0618,3,2
frag_02560,hybrid_optimized_tree,1.0,2.0,9.0,1.0,0.0,0.0,0.0,0.167,1.0,0.857,0.15,0.1098,-0.1891,2,1
frag_02561,source_order_tree,1.0,2.0,11.0,1.0,0.0,0.0,0.0,0.167,1.0,0.857,0.15,0.1118,-0.1871,2,1
frag_02561,evidence_role_tree,2.0,3.0,14.0,2.0,0.0,0.0,0.0,0.333,1.0,0.75,0.25,0.2007,-0.0618,3,2
frag_02561,question_intent_tree,2.0,3.0,14.0,2.0,0.0,0.0,0.0,0.333,1.0,0.75,0.25,0.2007,-0.0618,3,2
frag_02561,class_objective_tree,2.0,3.0,14.0,2.0,0.0,0.0,0.0,0.333,1.0,0.75,0.25,0.2007,-0.0618,3,2
frag_02561,hybrid_optimized_tree,1.0,2.0,9.0,1.0,0.0,0.0,0.0,0.167,1.0,0.857,0.15,0.1098,-0.1891,2,1
frag_02568,source_order_tree,1.0,2.0,12.0,1.0,0.0,0.0,0.0,0.167,1.0,0.857,0.15,0.1128,-0.1861,2,1
frag_02568,evidence_role_tree,2.0,3.0,15.0,2.0,0.0,0.0,0.0,0.333,1.0,0.75,0.25,0.2017,-0.0608,3,2
frag_02568,question_intent_tree,2.0,3.0,15.0,2.0,0.0,0.0,0.0,0.333,1.0,0.75,0.25,0.2017,-0.0608,3,2
frag_02568,class_objective_tree,2.0,3.0,15.0,2.0,0.0,0.0,0.0,0.333,1.0,0.75,0.25,0.2017,-0.0608,3,2
frag_02568,hybrid_optimized_tree,1.0,2.0,10.0,1.0,0.0,0.0,0.0,0.167,1.0,0.857,0.15,0.1108,-0.1881,2,1
frag_02581,source_order_tree,1.0,2.0,13.0,1.0,0.0,0.0,0.0,0.167,1.0,0.857,0.15,0.1138,-0.1851,2,1
frag_02581,evidence_role_tree,2.0,3.0,16.0,2.0,0.0,0.0,0.0,0.333,1.0,0.75,0.25,0.2027,-0.0598,3,2
frag_02581,question_intent_tree,2.0,3.0,16.0,2.0,0.0,0.0,0.0,0.333,1.0,0.75,0.25,0.2027,-0.0598,3,2
frag_02581,class_objective_tree,2.0,3.0,16.0,2.0,0.0,0.0,0.0,0.333,1.0,0.75,0.25,0.2027,-0.0598,3,2
frag_02581,hybrid_optimized_tree,1.0,2.0,11.0,1.0,0.0,0.0,0.0,0.167,1.0,0.857,0.15,0.1118,-0.1871,2,1
frag_02585,source_order_tree,1.5,3.0,30.0,1.0,0.0,0.0,0.0,0.333,0.5,0.75,0.25,0.2017,0.0142,3,2
frag_02585,evidence_role_tree,2.0,5.0,36.0,3.0,0.0,1.0,0.0,0.333,0.5,0.75,0.35,0.3143,0.1418,5,2
frag_02585,question_intent_tree,2.0,4.0,31.0,2.0,0.0,0.0,0.0,0.333,1.0,0.75,0.3,0.2327,-0.0223,4,2
frag_02585,class_objective_tree,2.0,4.0,31.0,2.0,0.0,0.0,0.0,0.333,1.0,0.75,0.3,0.2327,-0.0223,4,2
frag_02585,hybrid_optimized_tree,2.0,4.0,31.0,2.0,0.0,0.0,0.0,0.333,1.0,0.75,0.3,0.2327,-0.0223,4,2
frag_02586,source_order_tree,1.0,2.0,22.0,1.0,0.0,0.0,0.5,0.167,1.0,0.857,0.15,0.1728,-0.1261,2,1
frag_02586,evidence_role_tree,2.0,3.0,25.0,2.0,0.0,0.0,0.5,0.333,1.0,0.75,0.25,0.2617,-0.0008,3,2
frag_02586,question_intent_tree,2.0,3.0,25.0,2.0,0.0,0.0,0.5,0.333,1.0,0.75,0.25,0.2617,-0.0008,3,2
frag_02586,class_objective_tree,2.0,3.0,25.0,2.0,0.0,0.0,0.5,0.333,1.0,0.75,0.25,0.2617,-0.0008,3,2
frag_02586,hybrid_optimized_tree,1.0,2.0,20.0,1.0,0.0,0.0,0.5,0.167,1.0,0.857,0.15,0.1708,-0.1281,2,1
frag_02591,source_order_tree,1.0,2.0,11.0,1.0,0.0,0.0,0.0,0.167,1.0,0.857,0.15,0.1118,-0.1871,2,1
frag_02591,evidence_role_tree,2.0,3.0,14.0,2.0,0.0,0.0,0.0,0.333,1.0,0.75,0.25,0.2007,-0.0618,3,2
frag_02591,question_intent_tree,2.0,3.0,14.0,2.0,0.0,0.0,0.0,0.333,1.0,0.75,0.25,0.2007,-0.0618,3,2
frag_02591,class_objective_tree,2.0,3.0,14.0,2.0,0.0,0.0,0.0,0.333,1.0,0.75,0.25,0.2007,-0.0618,3,2
frag_02591,hybrid_optimized_tree,1.0,2.0,9.0,1.0,0.0,0.0,0.0,0.167,1.0,0.857,0.15,0.1098,-0.1891,2,1
frag_02605,source_order_tree,1.5,3.0,21.0,1.0,0.0,0.0,0.0,0.333,0.5,0.75,0.25,0.1927,0.0052,3,2
frag_02605,evidence_role_tree,2.0,5.0,27.0,3.0,0.0,1.0,0.0,0.333,0.5,0.75,0.35,0.3053,0.1328,5,2
frag_02605,question_intent_tree,2.0,4.0,22.0,2.0,0.0,0.0,0.0,0.333,1.0,0.75,0.3,0.2237,-0.0313,4,2
frag_02605,class_objective_tree,2.0,4.0,22.0,2.0,0.0,0.0,0.0,0.333,1.0,0.75,0.3,0.2237,-0.0313,4,2
frag_02605,hybrid_optimized_tree,2.0,4.0,22.0,2.0,0.0,0.0,0.0,0.333,1.0,0.75,0.3,0.2237,-0.0313,4,2
frag_02606,source_order_tree,1.981,3.321,28.1,1.642,0.0,0.0,0.16,0.5,0.66,0.667,0.35,0.2572,0.0773,4,3
frag_02606,evidence_role_tree,2.0,4.358,27.6,2.679,0.0,0.679,0.16,0.333,0.66,0.75,0.45,0.2992,0.1176,7,2
frag_02606,question_intent_tree,2.0,3.679,24.2,2.0,0.0,0.0,0.16,0.333,1.0,0.75,0.4,0.2429,0.0029,6,2
frag_02606,class_objective_tree,2.0,3.679,24.2,2.0,0.0,0.0,0.16,0.333,1.0,0.75,0.4,0.2429,0.0029,6,2
frag_02606,hybrid_optimized_tree,1.679,3.358,22.6,1.679,0.0,0.0,0.16,0.333,1.0,0.75,0.35,0.2156,-0.0319,5,2
frag_02607,source_order_tree,2.142,3.642,28.9,1.642,0.0,0.0,0.0,0.667,0.5,0.6,0.45,0.2738,0.1463,5,4
frag_02607,evidence_role_tree,2.0,5.0,30.1,3.0,0.0,1.0,0.0,0.333,0.5,0.75,0.55,0.3185,0.176,9,2
frag_02607,question_intent_tree,2.0,4.0,25.1,2.0,0.0,0.0,0.0,0.333,1.0,0.75,0.45,0.2343,0.0018,7,2
frag_02607,class_objective_tree,2.0,4.0,25.1,2.0,0.0,0.0,0.0,0.333,1.0,0.75,0.45,0.2343,0.0018,7,2
frag_02607,hybrid_optimized_tree,2.0,4.0,25.1,2.0,0.0,0.0,0.0,0.333,1.0,0.75,0.45,0.2343,0.0018,7,2
frag_02608,source_order_tree,1.5,3.0,19.0,1.0,0.0,0.0,0.0,0.333,0.5,0.75,0.25,0.1907,0.0032,3,2
frag_02608,evidence_role_tree,2.0,5.0,25.0,3.0,0.0,1.0,0.0,0.333,0.5,0.75,0.35,0.3033,0.1308,5,2
frag_02608,question_intent_tree,2.0,4.0,20.0,2.0,0.0,0.0,0.0,0.333,1.0,0.75,0.3,0.2217,-0.0333,4,2
frag_02608,class_objective_tree,2.0,4.0,20.0,2.0,0.0,0.0,0.0,0.333,1.0,0.75,0.3,0.2217,-0.0333,4,2
frag_02608,hybrid_optimized_tree,2.0,4.0,20.0,2.0,0.0,0.0,0.0,0.333,1.0,0.75,0.3,0.2217,-0.0333,4,2
frag_02609,source_order_tree,1.5,3.0,19.0,1.0,0.0,0.0,0.0,0.333,0.5,0.75,0.25,0.1907,0.0032,3,2
frag_02609,evidence_role_tree,2.0,5.0,25.0,3.0,0.0,1.0,0.0,0.333,0.5,0.75,0.35,0.3033,0.1308,5,2
frag_02609,question_intent_tree,2.0,4.0,20.0,2.0,0.0,0.0,0.0,0.333,1.0,0.75,0.3,0.2217,-0.0333,4,2
frag_02609,class_objective_tree,2.0,4.0,20.0,2.0,0.0,0.0,0.0,0.333,1.0,0.75,0.3,0.2217,-0.0333,4,2
frag_02609,hybrid_optimized_tree,2.0,4.0,20.0,2.0,0.0,0.0,0.0,0.333,1.0,0.75,0.3,0.2217,-0.0333,4,2
frag_02610,source_order_tree,2.142,3.642,28.7,1.642,0.0,0.0,0.0,0.667,0.5,0.6,0.45,0.2735,0.146,5,4
frag_02610,evidence_role_tree,2.0,5.0,29.5,3.0,0.0,1.0,0.0,0.333,0.5,0.75,0.55,0.3179,0.1754,9,2
frag_02610,question_intent_tree,2.0,4.0,24.5,2.0,0.0,0.0,0.0,0.333,1.0,0.75,0.45,0.2337,0.0012,7,2
frag_02610,class_objective_tree,2.0,4.0,24.5,2.0,0.0,0.0,0.0,0.333,1.0,0.75,0.45,0.2337,0.0012,7,2
frag_02610,hybrid_optimized_tree,2.0,4.0,24.5,2.0,0.0,0.0,0.0,0.333,1.0,0.75,0.45,0.2337,0.0012,7,2
frag_02611,source_order_tree,2.142,3.642,27.0,1.642,0.0,0.0,0.0,0.667,0.5,0.6,0.45,0.2719,0.1444,5,4
frag_02611,evidence_role_tree,2.0,5.0,28.2,3.0,0.0,1.0,0.0,0.333,0.5,0.75,0.55,0.3165,0.174,9,2
frag_02611,question_intent_tree,2.0,4.0,23.2,2.0,0.0,0.0,0.0,0.333,1.0,0.75,0.45,0.2324,-0.0001,7,2
frag_02611,class_objective_tree,2.0,4.0,23.2,2.0,0.0,0.0,0.0,0.333,1.0,0.75,0.45,0.2324,-0.0001,7,2
frag_02611,hybrid_optimized_tree,2.0,4.0,23.2,2.0,0.0,0.0,0.0,0.333,1.0,0.75,0.45,0.2324,-0.0001,7,2
frag_02612,source_order_tree,1.5,3.0,19.0,1.0,0.0,0.0,0.0,0.333,0.5,0.75,0.25,0.1907,0.0032,3,2
frag_02612,evidence_role_tree,2.0,5.0,25.0,3.0,0.0,1.0,0.0,0.333,0.5,0.75,0.35,0.3033,0.1308,5,2
frag_02612,question_intent_tree,2.0,4.0,20.0,2.0,0.0,0.0,0.0,0.333,1.0,0.75,0.3,0.2217,-0.0333,4,2
frag_02612,class_objective_tree,2.0,4.0,20.0,2.0,0.0,0.0,0.0,0.333,1.0,0.75,0.3,0.2217,-0.0333,4,2
frag_02612,hybrid_optimized_tree,2.0,4.0,20.0,2.0,0.0,0.0,0.0,0.333,1.0,0.75,0.3,0.2217,-0.0333,4,2
frag_02616,source_order_tree,1.5,3.0,19.0,1.0,0.0,0.0,0.0,0.333,0.5,0.75,0.25,0.1907,0.0032,3,2
frag_02616,evidence_role_tree,2.0,5.0,25.0,3.0,0.0,1.0,0.0,0.333,0.5,0.75,0.35,0.3033,0.1308,5,2
frag_02616,question_intent_tree,2.0,4.0,20.0,2.0,0.0,0.0,0.0,0.333,1.0,0.75,0.3,0.2217,-0.0333,4,2
frag_02616,class_objective_tree,2.0,4.0,20.0,2.0,0.0,0.0,0.0,0.333,1.0,0.75,0.3,0.2217,-0.0333,4,2
frag_02616,hybrid_optimized_tree,2.0,4.0,20.0,2.0,0.0,0.0,0.0,0.333,1.0,0.75,0.3,0.2217,-0.0333,4,2
frag_02617,source_order_tree,1.838,3.118,38.4,1.559,0.0,0.0,0.221,0.5,0.721,0.667,0.35,0.2606,0.0717,4,3
frag_02617,evidence_role_tree,2.0,4.118,28.5,2.559,0.0,0.559,0.221,0.333,0.721,0.75,0.45,0.2957,0.1051,7,2
frag_02617,question_intent_tree,2.0,3.559,25.7,2.0,0.0,0.0,0.221,0.333,1.0,0.75,0.4,0.2489,0.0089,6,2
frag_02617,class_objective_tree,2.0,3.559,25.7,2.0,0.0,0.0,0.221,0.333,1.0,0.75,0.4,0.2489,0.0089,6,2
frag_02617,hybrid_optimized_tree,1.559,3.118,23.5,1.559,0.0,0.0,0.221,0.333,1.0,0.75,0.35,0.2123,-0.0352,5,2
frag_02619,source_order_tree,1.0,2.0,30.0,1.0,0.0,0.0,0.5,0.167,1.0,0.857,0.15,0.1808,-0.1181,2,1
frag_02619,evidence_role_tree,2.0,3.0,33.0,2.0,0.0,0.0,0.5,0.333,1.0,0.75,0.25,0.2697,0.0072,3,2
frag_02619,question_intent_tree,2.0,3.0,33.0,2.0,0.0,0.0,0.5,0.333,1.0,0.75,0.25,0.2697,0.0072,3,2
frag_02619,class_objective_tree,2.0,3.0,33.0,2.0,0.0,0.0,0.5,0.333,1.0,0.75,0.25,0.2697,0.0072,3,2
frag_02619,hybrid_optimized_tree,1.0,2.0,28.0,1.0,0.0,0.0,0.5,0.167,1.0,0.857,0.15,0.1788,-0.1201,2,1
frag_02626,source_order_tree,1.5,3.0,26.0,1.0,0.0,0.0,0.0,0.333,0.5,0.75,0.25,0.1977,0.0102,3,2
frag_02626,evidence_role_tree,2.0,5.0,32.0,3.0,0.0,1.0,0.0,0.333,0.5,0.75,0.35,0.3103,0.1378,5,2
frag_02626,question_intent_tree,2.0,4.0,27.0,2.0,0.0,0.0,0.0,0.333,1.0,0.75,0.3,0.2287,-0.0263,4,2
frag_02626,class_objective_tree,2.0,4.0,27.0,2.0,0.0,0.0,0.0,0.333,1.0,0.75,0.3,0.2287,-0.0263,4,2
frag_02626,hybrid_optimized_tree,2.0,4.0,27.0,2.0,0.0,0.0,0.0,0.333,1.0,0.75,0.3,0.2287,-0.0263,4,2
frag_02629,source_order_tree,1.5,3.0,51.0,1.0,0.0,0.0,0.0,0.333,0.5,0.75,0.25,0.2227,0.0352,3,2
frag_02629,evidence_role_tree,2.0,5.0,57.0,3.0,0.0,1.0,0.0,0.333,0.5,0.75,0.35,0.3353,0.1628,5,2
frag_02629,question_intent_tree,2.0,4.0,52.0,2.0,0.0,0.0,0.0,0.333,1.0,0.75,0.3,0.2537,-0.0013,4,2
frag_02629,class_objective_tree,2.0,5.0,57.0,3.0,0.0,1.0,0.0,0.333,0.5,0.75,0.35,0.3353,0.1628,5,2
frag_02629,hybrid_optimized_tree,2.0,4.0,52.0,2.0,0.0,0.0,0.0,0.333,1.0,0.75,0.3,0.2537,-0.0013,4,2
frag_02634,source_order_tree,1.5,3.0,19.0,1.0,0.0,0.0,0.0,0.333,0.5,0.75,0.25,0.1907,0.0032,3,2
frag_02634,evidence_role_tree,2.0,5.0,25.0,3.0,0.0,1.0,0.0,0.333,0.5,0.75,0.35,0.3033,0.1308,5,2
frag_02634,question_intent_tree,2.0,4.0,20.0,2.0,0.0,0.0,0.0,0.333,1.0,0.75,0.3,0.2217,-0.0333,4,2
frag_02634,class_objective_tree,2.0,4.0,20.0,2.0,0.0,0.0,0.0,0.333,1.0,0.75,0.3,0.2217,-0.0333,4,2
frag_02634,hybrid_optimized_tree,2.0,4.0,20.0,2.0,0.0,0.0,0.0,0.333,1.0,0.75,0.3,0.2217,-0.0333,4,2
frag_02636,source_order_tree,1.5,3.0,19.0,1.0,0.0,0.0,0.0,0.333,0.5,0.75,0.25,0.1907,0.0032,3,2
frag_02636,evidence_role_tree,2.0,5.0,25.0,3.0,0.0,1.0,0.0,0.333,0.5,0.75,0.35,0.3033,0.1308,5,2
frag_02636,question_intent_tree,2.0,4.0,20.0,2.0,0.0,0.0,0.0,0.333,1.0,0.75,0.3,0.2217,-0.0333,4,2
frag_02636,class_objective_tree,2.0,4.0,20.0,2.0,0.0,0.0,0.0,0.333,1.0,0.75,0.3,0.2217,-0.0333,4,2
frag_02636,hybrid_optimized_tree,2.0,4.0,20.0,2.0,0.0,0.0,0.0,0.333,1.0,0.75,0.3,0.2217,-0.0333,4,2
frag_02639,source_order_tree,1.5,3.0,19.0,1.0,0.0,0.0,0.0,0.333,0.5,0.75,0.25,0.1907,0.0032,3,2
frag_02639,evidence_role_tree,2.0,5.0,25.0,3.0,0.0,1.0,0.0,0.333,0.5,0.75,0.35,0.3033,0.1308,5,2
frag_02639,question_intent_tree,2.0,4.0,20.0,2.0,0.0,0.0,0.0,0.333,1.0,0.75,0.3,0.2217,-0.0333,4,2
frag_02639,class_objective_tree,2.0,4.0,20.0,2.0,0.0,0.0,0.0,0.333,1.0,0.75,0.3,0.2217,-0.0333,4,2
frag_02639,hybrid_optimized_tree,2.0,4.0,20.0,2.0,0.0,0.0,0.0,0.333,1.0,0.75,0.3,0.2217,-0.0333,4,2
frag_02641,source_order_tree,2.055,3.555,40.4,1.555,0.0,0.0,0.0,0.5,0.5,0.667,0.35,0.2657,0.1098,4,3
frag_02641,evidence_role_tree,2.0,5.0,40.3,3.0,0.0,1.0,0.0,0.333,0.5,0.75,0.45,0.3237,0.1662,7,2
frag_02641,question_intent_tree,2.0,4.445,37.5,2.445,0.5,0.445,0.0,0.333,0.777,0.75,0.45,0.3297,0.1306,7,2
frag_02641,class_objective_tree,2.0,4.445,37.5,2.445,0.0,0.445,0.0,0.333,0.777,0.75,0.4,0.2772,0.0706,6,2
frag_02641,hybrid_optimized_tree,1.777,4.0,35.3,2.0,0.0,0.445,0.0,0.333,0.703,0.75,0.35,0.2528,0.0498,5,2
frag_02642,source_order_tree,3.47,4.97,54.1,2.97,0.0,0.0,0.0,0.833,0.5,0.545,0.55,0.4086,0.307,6,5
frag_02642,evidence_role_tree,2.0,5.0,38.4,3.0,0.0,1.0,0.0,0.333,0.5,0.75,0.65,0.3318,0.2043,11,2
frag_02642,question_intent_tree,2.0,4.343,35.1,2.343,0.386,0.343,0.0,0.333,0.828,0.75,0.6,0.3158,0.1316,10,2
frag_02642,class_objective_tree,2.0,4.343,35.1,2.343,0.0,0.343,0.0,0.333,0.828,0.75,0.55,0.2748,0.083,9,2
frag_02642,hybrid_optimized_tree,1.828,4.0,33.4,2.0,0.0,0.343,0.0,0.333,0.771,0.75,0.5,0.2554,0.0647,8,2
frag_02648,source_order_tree,1.0,2.0,30.0,1.0,0.0,0.0,0.0,0.167,1.0,0.857,0.15,0.1308,-0.1681,2,1
frag_02648,evidence_role_tree,2.0,3.0,33.0,2.0,0.0,0.0,0.0,0.333,1.0,0.75,0.25,0.2197,-0.0428,3,2
frag_02648,question_intent_tree,2.0,3.0,33.0,2.0,0.0,0.0,0.0,0.333,1.0,0.75,0.25,0.2197,-0.0428,3,2
frag_02648,class_objective_tree,2.0,3.0,33.0,2.0,0.0,0.0,0.0,0.333,1.0,0.75,0.25,0.2197,-0.0428,3,2
frag_02648,hybrid_optimized_tree,1.0,2.0,28.0,1.0,0.0,0.0,0.0,0.167,1.0,0.857,0.15,0.1288,-0.1701,2,1
frag_02657,source_order_tree,1.0,2.0,11.0,1.0,0.0,0.0,0.0,0.167,1.0,0.857,0.15,0.1118,-0.1871,2,1
frag_02657,evidence_role_tree,2.0,3.0,14.0,2.0,0.0,0.0,0.0,0.333,1.0,0.75,0.25,0.2007,-0.0618,3,2
frag_02657,question_intent_tree,2.0,3.0,14.0,2.0,0.0,0.0,0.0,0.333,1.0,0.75,0.25,0.2007,-0.0618,3,2
frag_02657,class_objective_tree,2.0,3.0,14.0,2.0,0.0,0.0,0.0,0.333,1.0,0.75,0.25,0.2007,-0.0618,3,2
frag_02657,hybrid_optimized_tree,1.0,2.0,9.0,1.0,0.0,0.0,0.0,0.167,1.0,0.857,0.15,0.1098,-0.1891,2,1
frag_02658,source_order_tree,1.0,2.0,11.0,1.0,0.0,0.0,0.0,0.167,1.0,0.857,0.15,0.1118,-0.1871,2,1
frag_02658,evidence_role_tree,2.0,3.0,14.0,2.0,0.0,0.0,0.0,0.333,1.0,0.75,0.25,0.2007,-0.0618,3,2
frag_02658,question_intent_tree,2.0,3.0,14.0,2.0,0.0,0.0,0.0,0.333,1.0,0.75,0.25,0.2007,-0.0618,3,2
frag_02658,class_objective_tree,2.0,3.0,14.0,2.0,0.0,0.0,0.0,0.333,1.0,0.75,0.25,0.2007,-0.0618,3,2
frag_02658,hybrid_optimized_tree,1.0,2.0,9.0,1.0,0.0,0.0,0.0,0.167,1.0,0.857,0.15,0.1098,-0.1891,2,1
frag_02659,source_order_tree,1.5,3.0,19.0,1.0,0.0,0.0,0.0,0.333,0.5,0.75,0.25,0.1907,0.0032,3,2
frag_02659,evidence_role_tree,2.0,5.0,25.0,3.0,0.0,1.0,0.0,0.333,0.5,0.75,0.35,0.3033,0.1308,5,2
frag_02659,question_intent_tree,2.0,4.0,20.0,2.0,0.0,0.0,0.0,0.333,1.0,0.75,0.3,0.2217,-0.0333,4,2
frag_02659,class_objective_tree,2.0,4.0,20.0,2.0,0.0,0.0,0.0,0.333,1.0,0.75,0.3,0.2217,-0.0333,4,2
frag_02659,hybrid_optimized_tree,2.0,4.0,20.0,2.0,0.0,0.0,0.0,0.333,1.0,0.75,0.3,0.2217,-0.0333,4,2
frag_02660,source_order_tree,1.5,3.0,35.0,1.0,0.0,0.0,0.0,0.333,0.5,0.75,0.25,0.2067,0.0192,3,2
frag_02660,evidence_role_tree,2.0,5.0,41.0,3.0,0.0,1.0,0.0,0.333,0.5,0.75,0.35,0.3193,0.1468,5,2
frag_02660,question_intent_tree,2.0,4.0,36.0,2.0,0.0,0.0,0.0,0.333,1.0,0.75,0.3,0.2377,-0.0173,4,2
frag_02660,class_objective_tree,2.0,4.0,36.0,2.0,0.0,0.0,0.0,0.333,1.0,0.75,0.3,0.2377,-0.0173,4,2
frag_02660,hybrid_optimized_tree,2.0,4.0,36.0,2.0,0.0,0.0,0.0,0.333,1.0,0.75,0.3,0.2377,-0.0173,4,2
frag_02671,source_order_tree,1.662,2.662,18.6,1.662,0.0,0.0,0.0,0.333,1.0,0.75,0.25,0.1808,-0.0817,3,2
frag_02671,evidence_role_tree,2.0,3.0,16.3,2.0,0.0,0.0,0.0,0.333,1.0,0.75,0.35,0.208,-0.0395,5,2
frag_02671,question_intent_tree,2.0,3.0,16.3,2.0,0.0,0.0,0.0,0.333,1.0,0.75,0.35,0.208,-0.0395,5,2
frag_02671,class_objective_tree,2.0,3.0,16.3,2.0,0.0,0.0,0.0,0.333,1.0,0.75,0.35,0.208,-0.0395,5,2
frag_02671,hybrid_optimized_tree,1.0,2.0,11.3,1.0,0.0,0.0,0.0,0.167,1.0,0.857,0.2,0.1147,-0.1768,3,1
frag_02673,source_order_tree,3.323,4.431,45.2,3.216,0.216,0.0,0.392,0.833,0.892,0.545,0.55,0.4332,0.2728,6,5
frag_02673,evidence_role_tree,2.0,3.431,26.6,2.216,0.216,0.216,0.392,0.333,0.892,0.75,0.55,0.3077,0.1064,9,2
frag_02673,question_intent_tree,2.0,3.216,25.5,2.0,0.216,0.0,0.392,0.333,1.0,0.75,0.5,0.2881,0.0631,8,2
frag_02673,class_objective_tree,2.0,3.431,26.6,2.216,0.216,0.216,0.392,0.333,0.892,0.75,0.5,0.3052,0.0964,8,2
frag_02673,hybrid_optimized_tree,1.216,2.431,21.6,1.216,0.216,0.0,0.392,0.333,1.0,0.75,0.45,0.2248,-0.0077,7,2
frag_02675,source_order_tree,2.802,3.802,54.8,2.802,0.401,0.0,0.401,0.5,1.0,0.667,0.35,0.3931,0.1623,4,3
frag_02675,evidence_role_tree,2.0,3.0,25.4,2.0,0.401,0.0,0.401,0.333,1.0,0.75,0.4,0.2998,0.0598,6,2
frag_02675,question_intent_tree,2.0,3.0,25.4,2.0,0.401,0.0,0.401,0.333,1.0,0.75,0.4,0.2998,0.0598,6,2
frag_02675,class_objective_tree,2.0,3.0,25.4,2.0,0.401,0.0,0.401,0.333,1.0,0.75,0.4,0.2998,0.0598,6,2
frag_02675,hybrid_optimized_tree,1.0,2.0,20.4,1.0,0.401,0.0,0.401,0.167,1.0,0.857,0.25,0.2064,-0.0775,4,1
frag_02677,source_order_tree,1.0,2.0,12.0,1.0,0.0,0.0,0.0,0.167,1.0,0.857,0.15,0.1128,-0.1861,2,1
frag_02677,evidence_role_tree,2.0,3.0,15.0,2.0,0.0,0.0,0.0,0.333,1.0,0.75,0.25,0.2017,-0.0608,3,2
frag_02677,question_intent_tree,2.0,3.0,15.0,2.0,0.0,0.0,0.0,0.333,1.0,0.75,0.25,0.2017,-0.0608,3,2
frag_02677,class_objective_tree,2.0,3.0,15.0,2.0,0.0,0.0,0.0,0.333,1.0,0.75,0.25,0.2017,-0.0608,3,2
frag_02677,hybrid_optimized_tree,1.0,2.0,10.0,1.0,0.0,0.0,0.0,0.167,1.0,0.857,0.15,0.1108,-0.1881,2,1
frag_02679,source_order_tree,1.5,3.0,21.0,1.0,0.0,0.0,0.0,0.333,0.5,0.75,0.25,0.1927,0.0052,3,2
frag_02679,evidence_role_tree,2.0,5.0,27.0,3.0,0.0,1.0,0.0,0.333,0.5,0.75,0.35,0.3053,0.1328,5,2
frag_02679,question_intent_tree,2.0,4.0,22.0,2.0,0.0,0.0,0.0,0.333,1.0,0.75,0.3,0.2237,-0.0313,4,2
frag_02679,class_objective_tree,2.0,5.0,27.0,3.0,0.0,1.0,0.0,0.333,0.5,0.75,0.35,0.3053,0.1328,5,2
frag_02679,hybrid_optimized_tree,2.0,4.0,22.0,2.0,0.0,0.0,0.0,0.333,1.0,0.75,0.3,0.2237,-0.0313,4,2
frag_02680,source_order_tree,1.5,3.0,22.0,1.0,0.0,0.0,0.0,0.333,0.5,0.75,0.25,0.1937,0.0062,3,2
frag_02680,evidence_role_tree,2.0,5.0,28.0,3.0,0.0,1.0,0.0,0.333,0.5,0.75,0.35,0.3063,0.1338,5,2
frag_02680,question_intent_tree,2.0,4.0,23.0,2.0,0.0,0.0,0.0,0.333,1.0,0.75,0.3,0.2247,-0.0303,4,2
frag_02680,class_objective_tree,2.0,5.0,28.0,3.0,0.0,1.0,0.0,0.333,0.5,0.75,0.35,0.3063,0.1338,5,2
frag_02680,hybrid_optimized_tree,2.0,4.0,23.0,2.0,0.0,0.0,0.0,0.333,1.0,0.75,0.3,0.2247,-0.0303,4,2
frag_02681,source_order_tree,1.5,3.0,19.0,1.0,0.0,0.0,0.0,0.333,0.5,0.75,0.25,0.1907,0.0032,3,2
frag_02681,evidence_role_tree,2.0,5.0,25.0,3.0,0.0,1.0,0.0,0.333,0.5,0.75,0.35,0.3033,0.1308,5,2
frag_02681,question_intent_tree,2.0,4.0,20.0,2.0,0.0,0.0,0.0,0.333,1.0,0.75,0.3,0.2217,-0.0333,4,2
frag_02681,class_objective_tree,2.0,5.0,25.0,3.0,0.0,1.0,0.0,0.333,0.5,0.75,0.35,0.3033,0.1308,5,2
frag_02681,hybrid_optimized_tree,2.0,4.0,20.0,2.0,0.0,0.0,0.0,0.333,1.0,0.75,0.3,0.2217,-0.0333,4,2
frag_02682,source_order_tree,1.5,3.0,21.0,1.0,0.0,0.0,0.0,0.333,0.5,0.75,0.25,0.1927,0.0052,3,2
frag_02682,evidence_role_tree,2.0,5.0,27.0,3.0,0.0,1.0,0.0,0.333,0.5,0.75,0.35,0.3053,0.1328,5,2
frag_02682,question_intent_tree,2.0,4.0,22.0,2.0,0.0,0.0,0.0,0.333,1.0,0.75,0.3,0.2237,-0.0313,4,2
frag_02682,class_objective_tree,2.0,5.0,27.0,3.0,0.0,1.0,0.0,0.333,0.5,0.75,0.35,0.3053,0.1328,5,2
frag_02682,hybrid_optimized_tree,2.0,4.0,22.0,2.0,0.0,0.0,0.0,0.333,1.0,0.75,0.3,0.2237,-0.0313,4,2
frag_02683,source_order_tree,1.5,3.0,22.0,1.0,0.0,0.0,0.0,0.333,0.5,0.75,0.25,0.1937,0.0062,3,2
frag_02683,evidence_role_tree,2.0,5.0,28.0,3.0,0.0,1.0,0.0,0.333,0.5,0.75,0.35,0.3063,0.1338,5,2
frag_02683,question_intent_tree,2.0,4.0,23.0,2.0,0.0,0.0,0.0,0.333,1.0,0.75,0.3,0.2247,-0.0303,4,2
frag_02683,class_objective_tree,2.0,5.0,28.0,3.0,0.0,1.0,0.0,0.333,0.5,0.75,0.35,0.3063,0.1338,5,2
frag_02683,hybrid_optimized_tree,2.0,4.0,23.0,2.0,0.0,0.0,0.0,0.333,1.0,0.75,0.3,0.2247,-0.0303,4,2
frag_02684,source_order_tree,1.5,3.0,19.0,1.0,0.0,0.0,0.0,0.333,0.5,0.75,0.25,0.1907,0.0032,3,2
frag_02684,evidence_role_tree,2.0,5.0,25.0,3.0,0.0,1.0,0.0,0.333,0.5,0.75,0.35,0.3033,0.1308,5,2
frag_02684,question_intent_tree,2.0,4.0,20.0,2.0,0.0,0.0,0.0,0.333,1.0,0.75,0.3,0.2217,-0.0333,4,2
frag_02684,class_objective_tree,2.0,5.0,25.0,3.0,0.0,1.0,0.0,0.333,0.5,0.75,0.35,0.3033,0.1308,5,2
frag_02684,hybrid_optimized_tree,2.0,4.0,20.0,2.0,0.0,0.0,0.0,0.333,1.0,0.75,0.3,0.2217,-0.0333,4,2
frag_02685,source_order_tree,1.5,3.0,22.0,1.0,0.0,0.0,0.0,0.333,0.5,0.75,0.25,0.1937,0.0062,3,2
frag_02685,evidence_role_tree,2.0,5.0,28.0,3.0,0.0,1.0,0.0,0.333,0.5,0.75,0.35,0.3063,0.1338,5,2
frag_02685,question_intent_tree,2.0,4.0,23.0,2.0,0.0,0.0,0.0,0.333,1.0,0.75,0.3,0.2247,-0.0303,4,2
frag_02685,class_objective_tree,2.0,5.0,28.0,3.0,0.0,1.0,0.0,0.333,0.5,0.75,0.35,0.3063,0.1338,5,2
frag_02685,hybrid_optimized_tree,2.0,4.0,23.0,2.0,0.0,0.0,0.0,0.333,1.0,0.75,0.3,0.2247,-0.0303,4,2
frag_02686,source_order_tree,1.5,3.0,22.0,1.0,0.0,0.0,0.0,0.333,0.5,0.75,0.25,0.1937,0.0062,3,2
frag_02686,evidence_role_tree,2.0,5.0,28.0,3.0,0.0,1.0,0.0,0.333,0.5,0.75,0.35,0.3063,0.1338,5,2
frag_02686,question_intent_tree,2.0,4.0,23.0,2.0,0.0,0.0,0.0,0.333,1.0,0.75,0.3,0.2247,-0.0303,4,2
frag_02686,class_objective_tree,2.0,5.0,28.0,3.0,0.0,1.0,0.0,0.333,0.5,0.75,0.35,0.3063,0.1338,5,2
frag_02686,hybrid_optimized_tree,2.0,4.0,23.0,2.0,0.0,0.0,0.0,0.333,1.0,0.75,0.3,0.2247,-0.0303,4,2
frag_02687,source_order_tree,2.013,3.519,24.2,1.506,0.0,0.0,0.0,0.667,0.662,0.6,0.45,0.2515,0.0996,5,4
frag_02687,evidence_role_tree,2.0,5.025,26.1,3.013,0.0,1.013,0.0,0.333,0.662,0.75,0.55,0.3071,0.1403,9,2
frag_02687,question_intent_tree,2.0,4.013,21.1,2.0,0.0,0.0,0.0,0.333,1.0,0.75,0.45,0.2304,-0.0021,7,2
frag_02687,class_objective_tree,2.0,4.013,21.1,2.0,0.0,0.0,0.0,0.333,1.0,0.75,0.45,0.2304,-0.0021,7,2
frag_02687,hybrid_optimized_tree,1.338,3.519,18.6,1.506,0.0,0.506,0.0,0.333,0.662,0.75,0.4,0.2082,0.0188,6,2
frag_02690,source_order_tree,4.427,6.0,49.0,3.853,0.951,0.0,0.0,0.833,0.476,0.545,0.55,0.5686,0.4707,6,5
frag_02690,evidence_role_tree,2.0,5.293,31.6,3.147,0.951,1.147,0.0,0.333,0.476,0.75,0.55,0.4253,0.2865,9,2
frag_02690,question_intent_tree,2.0,4.293,26.6,2.147,0.951,0.147,0.0,0.333,0.927,0.75,0.7,0.3561,0.1721,12,2
frag_02690,class_objective_tree,2.0,4.147,25.9,2.0,0.951,0.0,0.0,0.333,1.0,0.75,0.45,0.332,0.0995,7,2
frag_02690,hybrid_optimized_tree,1.951,4.147,25.9,2.0,0.951,0.147,0.0,0.333,0.902,0.75,0.45,0.3374,0.1195,7,2
frag_02692,source_order_tree,4.641,6.082,56.4,4.199,0.6,0.0,0.0,1.0,0.559,0.5,0.65,0.5666,0.4803,7,6
frag_02692,evidence_role_tree,2.0,4.766,29.1,2.883,0.6,0.883,0.0,0.333,0.559,0.75,0.65,0.3722,0.2359,11,2
frag_02692,question_intent_tree,2.0,3.883,24.6,2.0,0.858,0.0,0.0,0.333,1.0,0.75,0.65,0.3282,0.1257,11,2
frag_02692,class_objective_tree,2.0,3.883,24.6,2.0,0.6,0.0,0.0,0.333,1.0,0.75,0.55,0.2973,0.0798,9,2
frag_02692,hybrid_optimized_tree,2.0,3.883,24.6,2.0,0.6,0.0,0.0,0.333,1.0,0.75,0.55,0.2973,0.0798,9,2
frag_02694,source_order_tree,4.427,6.0,48.0,3.853,0.951,0.0,0.0,0.833,0.476,0.545,0.55,0.5676,0.4697,6,5
frag_02694,evidence_role_tree,2.0,5.293,30.6,3.147,0.951,1.147,0.0,0.333,0.476,0.75,0.55,0.4243,0.2855,9,2
frag_02694,question_intent_tree,2.0,4.293,25.6,2.147,0.951,0.147,0.0,0.333,0.927,0.75,0.7,0.3551,0.1711,12,2
frag_02694,class_objective_tree,2.0,4.147,24.9,2.0,0.951,0.0,0.0,0.333,1.0,0.75,0.45,0.331,0.0985,7,2
frag_02694,hybrid_optimized_tree,1.951,4.147,24.9,2.0,0.951,0.147,0.0,0.333,0.902,0.75,0.45,0.3364,0.1185,7,2
frag_02696,source_order_tree,5.16,6.684,51.5,4.719,0.801,0.0,0.0,1.0,0.548,0.5,0.65,0.621,0.5363,7,6
frag_02696,evidence_role_tree,2.0,4.931,25.7,2.965,0.801,0.965,0.0,0.333,0.558,0.75,0.65,0.3941,0.2578,11,2
frag_02696,question_intent_tree,2.0,4.089,21.5,2.123,0.801,0.123,0.0,0.333,0.938,0.75,0.8,0.337,0.1662,14,2
frag_02696,class_objective_tree,2.0,3.965,20.9,2.0,0.801,0.0,0.0,0.333,1.0,0.75,0.55,0.3147,0.0972,9,2
frag_02696,hybrid_optimized_tree,1.801,3.807,20.1,1.842,0.801,0.123,0.0,0.333,0.918,0.75,0.5,0.3045,0.0918,8,2
frag_02699,source_order_tree,2.156,3.437,30.4,1.875,0.0,0.0,0.0,0.5,0.719,0.667,0.35,0.2536,0.065,4,3
frag_02699,evidence_role_tree,2.0,4.125,25.4,2.563,0.0,0.563,0.0,0.333,0.719,0.75,0.45,0.2709,0.0806,7,2
frag_02699,question_intent_tree,2.0,3.563,22.6,2.0,0.0,0.0,0.0,0.333,1.0,0.75,0.4,0.2238,-0.0162,6,2
frag_02699,class_objective_tree,2.0,3.563,22.6,2.0,0.0,0.0,0.0,0.333,1.0,0.75,0.4,0.2238,-0.0162,6,2
frag_02699,hybrid_optimized_tree,1.563,3.125,20.4,1.563,0.0,0.0,0.0,0.333,1.0,0.75,0.35,0.1874,-0.0601,5,2
frag_02701,source_order_tree,2.782,3.782,56.3,2.782,0.391,0.0,0.391,0.5,1.0,0.667,0.35,0.3913,0.1604,4,3
frag_02701,evidence_role_tree,2.0,3.0,29.1,2.0,0.391,0.0,0.391,0.333,1.0,0.75,0.4,0.3015,0.0615,6,2
frag_02701,question_intent_tree,2.0,3.0,29.1,2.0,0.391,0.0,0.391,0.333,1.0,0.75,0.4,0.3015,0.0615,6,2
frag_02701,class_objective_tree,2.0,3.0,29.1,2.0,0.391,0.0,0.391,0.333,1.0,0.75,0.4,0.3015,0.0615,6,2
frag_02701,hybrid_optimized_tree,1.0,2.0,24.1,1.0,0.391,0.0,0.391,0.167,1.0,0.857,0.25,0.2081,-0.0758,4,1
frag_02703,source_order_tree,1.955,2.955,36.8,1.955,0.0,0.0,0.335,0.5,1.0,0.667,0.35,0.2672,0.0363,4,3
frag_02703,evidence_role_tree,2.0,3.0,28.0,2.0,0.0,0.0,0.335,0.333,1.0,0.75,0.45,0.2582,0.0257,7,2
frag_02703,question_intent_tree,2.0,3.0,28.0,2.0,0.0,0.0,0.335,0.333,1.0,0.75,0.45,0.2582,0.0257,7,2
frag_02703,class_objective_tree,2.0,3.0,28.0,2.0,0.0,0.0,0.335,0.333,1.0,0.75,0.4,0.2557,0.0157,6,2
frag_02703,hybrid_optimized_tree,1.0,2.0,23.0,1.0,0.0,0.0,0.335,0.167,1.0,0.857,0.25,0.1624,-0.1215,4,1
frag_02705,source_order_tree,2.796,4.71,58.8,2.844,0.24,0.0,0.0,0.833,0.447,0.545,0.55,0.4072,0.3136,6,5
frag_02705,evidence_role_tree,2.0,4.732,36.8,2.866,0.24,0.866,0.0,0.333,0.567,0.75,0.6,0.3401,0.195,10,2
frag_02705,question_intent_tree,2.0,4.252,34.4,2.385,0.673,0.385,0.0,0.333,0.807,0.75,0.6,0.3453,0.1642,10,2
frag_02705,class_objective_tree,2.0,4.252,34.4,2.385,0.24,0.385,0.0,0.333,0.807,0.75,0.55,0.2995,0.1109,9,2
frag_02705,hybrid_optimized_tree,1.673,3.732,31.8,1.866,0.24,0.385,0.0,0.333,0.743,0.75,0.45,0.2652,0.0712,7,2
frag_02708,source_order_tree,2.156,3.437,29.9,1.875,0.0,0.0,0.0,0.5,0.719,0.667,0.35,0.2532,0.0646,4,3
frag_02708,evidence_role_tree,2.0,4.125,25.0,2.563,0.0,0.563,0.0,0.333,0.719,0.75,0.45,0.2704,0.0801,7,2
frag_02708,question_intent_tree,2.0,3.563,22.2,2.0,0.0,0.0,0.0,0.333,1.0,0.75,0.4,0.2234,-0.0166,6,2
frag_02708,class_objective_tree,2.0,3.563,22.2,2.0,0.0,0.0,0.0,0.333,1.0,0.75,0.4,0.2234,-0.0166,6,2
frag_02708,hybrid_optimized_tree,1.563,3.125,20.0,1.563,0.0,0.0,0.0,0.333,1.0,0.75,0.35,0.187,-0.0605,5,2
frag_02710,source_order_tree,12.402,13.656,132.7,12.147,0.672,0.0,0.328,2.167,0.801,0.316,1.35,1.3283,1.3475,14,13
frag_02710,evidence_role_tree,2.0,4.017,30.7,2.508,0.672,0.508,0.328,0.333,0.801,0.75,1.0,0.3962,0.2761,18,2
frag_02710,question_intent_tree,2.0,3.508,28.2,2.0,0.672,0.0,0.328,0.333,1.0,0.75,1.35,0.3762,0.2787,25,2
frag_02710,class_objective_tree,2.0,3.853,29.9,2.344,0.672,0.344,0.328,0.333,0.828,0.75,0.9,0.381,0.2418,16,2
frag_02710,hybrid_optimized_tree,1.344,2.853,24.9,1.344,0.672,0.0,0.328,0.333,1.0,0.75,0.85,0.3004,0.1279,15,2
frag_02712,source_order_tree,4.842,6.782,95.6,4.891,0.644,0.0,0.0,1.0,0.431,0.5,0.65,0.6472,0.58,7,6
frag_02712,evidence_role_tree,2.0,4.782,37.6,2.891,0.644,0.891,0.0,0.333,0.555,0.75,0.65,0.3858,0.2501,11,2
frag_02712,question_intent_tree,2.0,4.287,35.1,2.397,0.644,0.397,0.0,0.333,0.802,0.75,0.7,0.3492,0.1839,12,2
frag_02712,class_objective_tree,2.0,4.287,35.1,2.397,0.644,0.397,0.0,0.333,0.802,0.75,0.6,0.3442,0.1639,10,2
frag_02712,hybrid_optimized_tree,1.693,3.782,32.6,1.891,0.644,0.397,0.0,0.333,0.736,0.75,0.5,0.3112,0.1259,8,2
frag_02714,source_order_tree,1.0,2.0,16.0,1.0,0.0,0.0,0.0,0.167,1.0,0.857,0.15,0.1168,-0.1821,2,1
frag_02714,evidence_role_tree,2.0,3.0,19.0,2.0,0.0,0.0,0.0,0.333,1.0,0.75,0.25,0.2057,-0.0568,3,2
frag_02714,question_intent_tree,2.0,3.0,19.0,2.0,0.0,0.0,0.0,0.333,1.0,0.75,0.25,0.2057,-0.0568,3,2
frag_02714,class_objective_tree,2.0,3.0,19.0,2.0,0.0,0.0,0.0,0.333,1.0,0.75,0.25,0.2057,-0.0568,3,2
frag_02714,hybrid_optimized_tree,1.0,2.0,14.0,1.0,0.0,0.0,0.0,0.167,1.0,0.857,0.15,0.1148,-0.1841,2,1
frag_02717,source_order_tree,2.156,3.437,44.4,1.875,0.0,0.0,0.0,0.5,0.719,0.667,0.35,0.2676,0.079,4,3
frag_02717,evidence_role_tree,2.0,4.125,33.3,2.563,0.0,0.563,0.0,0.333,0.719,0.75,0.45,0.2787,0.0884,7,2
frag_02717,question_intent_tree,2.0,3.563,30.5,2.0,0.0,0.0,0.0,0.333,1.0,0.75,0.4,0.2317,-0.0083,6,2
frag_02717,class_objective_tree,2.0,3.563,30.5,2.0,0.0,0.0,0.0,0.333,1.0,0.75,0.4,0.2317,-0.0083,6,2
frag_02717,hybrid_optimized_tree,1.563,3.125,28.3,1.563,0.0,0.0,0.0,0.333,1.0,0.75,0.35,0.1953,-0.0522,5,2
frag_02719,source_order_tree,2.511,3.674,37.5,2.348,0.0,0.0,0.337,0.5,0.837,0.667,0.35,0.3152,0.1088,4,3
frag_02719,evidence_role_tree,2.0,3.652,30.7,2.326,0.0,0.326,0.337,0.333,0.837,0.75,0.45,0.2893,0.0813,7,2
frag_02719,question_intent_tree,2.0,3.326,29.1,2.0,0.0,0.0,0.337,0.333,1.0,0.75,0.4,0.261,0.021,6,2
frag_02719,class_objective_tree,2.0,3.326,29.1,2.0,0.0,0.0,0.337,0.333,1.0,0.75,0.4,0.261,0.021,6,2
frag_02719,hybrid_optimized_tree,1.326,2.652,25.7,1.326,0.0,0.0,0.337,0.333,1.0,0.75,0.35,0.2063,-0.0412,5,2
frag_02721,source_order_tree,2.689,3.739,35.1,2.64,0.59,0.0,0.18,0.667,0.951,0.6,0.45,0.3776,0.1825,5,4
frag_02721,evidence_role_tree,2.0,3.198,19.9,2.099,0.59,0.099,0.18,0.333,0.951,0.75,0.5,0.3047,0.0871,8,2
frag_02721,question_intent_tree,2.0,3.099,19.4,2.0,0.59,0.0,0.18,0.333,1.0,0.75,0.6,0.3018,0.0918,10,2
frag_02721,class_objective_tree,2.0,3.198,19.9,2.099,0.59,0.099,0.18,0.333,0.951,0.75,0.45,0.3022,0.0771,7,2
frag_02721,hybrid_optimized_tree,1.64,2.739,17.6,1.64,0.59,0.0,0.18,0.333,1.0,0.75,0.4,0.2639,0.0239,6,2
frag_02723,source_order_tree,3.928,5.382,61.1,3.475,0.0,0.0,0.0,1.0,0.546,0.5,0.65,0.4602,0.3757,7,6
frag_02723,evidence_role_tree,2.0,4.815,41.0,2.907,0.0,0.907,0.0,0.333,0.546,0.75,0.75,0.3313,0.2118,13,2
frag_02723,question_intent_tree,2.0,4.258,38.2,2.35,0.394,0.35,0.0,0.333,0.825,0.75,0.7,0.3241,0.1553,12,2
frag_02723,class_objective_tree,2.0,4.027,37.1,2.12,0.0,0.12,0.0,0.333,0.94,0.75,0.55,0.259,0.0505,9,2
frag_02723,hybrid_optimized_tree,1.732,3.815,36.0,1.907,0.0,0.35,0.0,0.333,0.766,0.75,0.55,0.2528,0.0703,9,2
frag_02729,source_order_tree,2.763,3.993,35.2,2.533,0.0,0.0,0.0,0.667,0.77,0.6,0.45,0.3136,0.1456,5,4
frag_02729,evidence_role_tree,2.0,3.92,23.5,2.46,0.0,0.46,0.0,0.333,0.77,0.75,0.55,0.2651,0.0821,9,2
frag_02729,question_intent_tree,2.0,3.46,21.2,2.0,0.0,0.0,0.0,0.333,1.0,0.75,0.5,0.2262,0.0012,8,2
frag_02729,class_objective_tree,2.0,3.46,21.2,2.0,0.0,0.0,0.0,0.333,1.0,0.75,0.5,0.2262,0.0012,8,2
frag_02729,hybrid_optimized_tree,1.46,2.92,18.5,1.46,0.0,0.0,0.0,0.333,1.0,0.75,0.4,0.1793,-0.0607,6,2
frag_02732,source_order_tree,1.181,2.181,29.8,1.181,0.0,0.0,0.41,0.333,1.0,0.75,0.25,0.198,-0.0645,3,2
frag_02732,evidence_role_tree,2.0,3.0,28.5,2.0,0.0,0.0,0.41,0.333,1.0,0.75,0.35,0.2611,0.0136,5,2
frag_02732,question_intent_tree,2.0,3.0,28.5,2.0,0.0,0.0,0.41,0.333,1.0,0.75,0.35,0.2611,0.0136,5,2
frag_02732,class_objective_tree,2.0,3.0,28.5,2.0,0.0,0.0,0.41,0.333,1.0,0.75,0.35,0.2611,0.0136,5,2
frag_02732,hybrid_optimized_tree,1.0,2.0,23.5,1.0,0.0,0.0,0.41,0.167,1.0,0.857,0.2,0.1678,-0.1237,3,1
frag_02734,source_order_tree,1.0,2.0,23.0,1.0,0.0,0.0,0.5,0.167,1.0,0.857,0.15,0.1738,-0.1251,2,1
frag_02734,evidence_role_tree,2.0,3.0,26.0,2.0,0.0,0.0,0.5,0.333,1.0,0.75,0.25,0.2627,0.0002,3,2
frag_02734,question_intent_tree,2.0,3.0,26.0,2.0,0.0,0.0,0.5,0.333,1.0,0.75,0.25,0.2627,0.0002,3,2
frag_02734,class_objective_tree,2.0,3.0,26.0,2.0,0.0,0.0,0.5,0.333,1.0,0.75,0.25,0.2627,0.0002,3,2
frag_02734,hybrid_optimized_tree,1.0,2.0,21.0,1.0,0.0,0.0,0.5,0.167,1.0,0.857,0.15,0.1718,-0.1271,2,1
frag_02735,source_order_tree,1.0,2.0,13.0,1.0,0.0,0.0,0.0,0.167,1.0,0.857,0.15,0.1138,-0.1851,2,1
frag_02735,evidence_role_tree,2.0,3.0,16.0,2.0,0.0,0.0,0.0,0.333,1.0,0.75,0.25,0.2027,-0.0598,3,2
frag_02735,question_intent_tree,2.0,3.0,16.0,2.0,0.0,0.0,0.0,0.333,1.0,0.75,0.25,0.2027,-0.0598,3,2
frag_02735,class_objective_tree,2.0,3.0,16.0,2.0,0.0,0.0,0.0,0.333,1.0,0.75,0.25,0.2027,-0.0598,3,2
frag_02735,hybrid_optimized_tree,1.0,2.0,11.0,1.0,0.0,0.0,0.0,0.167,1.0,0.857,0.15,0.1118,-0.1871,2,1
frag_02738,source_order_tree,1.516,2.516,20.2,1.516,0.0,0.0,0.0,0.333,1.0,0.75,0.25,0.1718,-0.0907,3,2
frag_02738,evidence_role_tree,2.0,3.0,18.0,2.0,0.0,0.0,0.0,0.333,1.0,0.75,0.35,0.2097,-0.0378,5,2
frag_02738,question_intent_tree,2.0,3.0,18.0,2.0,0.0,0.0,0.0,0.333,1.0,0.75,0.35,0.2097,-0.0378,5,2
frag_02738,class_objective_tree,2.0,3.0,18.0,2.0,0.0,0.0,0.0,0.333,1.0,0.75,0.3,0.2072,-0.0478,4,2
frag_02738,hybrid_optimized_tree,1.0,2.0,13.0,1.0,0.0,0.0,0.0,0.167,1.0,0.857,0.2,0.1164,-0.1751,3,1
frag_02743,source_order_tree,1.662,2.662,21.0,1.662,0.0,0.0,0.0,0.333,1.0,0.75,0.25,0.1831,-0.0794,3,2
frag_02743,evidence_role_tree,2.0,3.0,16.7,2.0,0.0,0.0,0.0,0.333,1.0,0.75,0.35,0.2083,-0.0392,5,2
frag_02743,question_intent_tree,2.0,3.0,16.7,2.0,0.0,0.0,0.0,0.333,1.0,0.75,0.35,0.2083,-0.0392,5,2
frag_02743,class_objective_tree,2.0,3.0,16.7,2.0,0.0,0.0,0.0,0.333,1.0,0.75,0.35,0.2083,-0.0392,5,2
frag_02743,hybrid_optimized_tree,1.0,2.0,11.7,1.0,0.0,0.0,0.0,0.167,1.0,0.857,0.2,0.115,-0.1764,3,1
frag_02746,source_order_tree,1.0,2.0,12.0,1.0,0.0,0.0,0.0,0.167,1.0,0.857,0.15,0.1128,-0.1861,2,1
frag_02746,evidence_role_tree,2.0,3.0,15.0,2.0,0.0,0.0,0.0,0.333,1.0,0.75,0.25,0.2017,-0.0608,3,2
frag_02746,question_intent_tree,2.0,3.0,15.0,2.0,0.0,0.0,0.0,0.333,1.0,0.75,0.25,0.2017,-0.0608,3,2
frag_02746,class_objective_tree,2.0,3.0,15.0,2.0,0.0,0.0,0.0,0.333,1.0,0.75,0.25,0.2017,-0.0608,3,2
frag_02746,hybrid_optimized_tree,1.0,2.0,10.0,1.0,0.0,0.0,0.0,0.167,1.0,0.857,0.15,0.1108,-0.1881,2,1
frag_02751,source_order_tree,1.191,2.191,23.3,1.191,0.0,0.0,0.405,0.333,1.0,0.75,0.25,0.1918,-0.0707,3,2
frag_02751,evidence_role_tree,2.0,3.0,22.9,2.0,0.0,0.0,0.405,0.333,1.0,0.75,0.35,0.255,0.0075,5,2
frag_02751,question_intent_tree,2.0,3.0,22.9,2.0,0.0,0.0,0.405,0.333,1.0,0.75,0.35,0.255,0.0075,5,2
frag_02751,class_objective_tree,2.0,3.0,22.9,2.0,0.0,0.0,0.405,0.333,1.0,0.75,0.35,0.255,0.0075,5,2
frag_02751,hybrid_optimized_tree,1.0,2.0,17.9,1.0,0.0,0.0,0.405,0.167,1.0,0.857,0.2,0.1617,-0.1297,3,1
frag_02752,source_order_tree,1.0,2.0,12.0,1.0,0.0,0.0,0.0,0.167,1.0,0.857,0.15,0.1128,-0.1861,2,1
frag_02752,evidence_role_tree,2.0,3.0,15.0,2.0,0.0,0.0,0.0,0.333,1.0,0.75,0.25,0.2017,-0.0608,3,2
frag_02752,question_intent_tree,2.0,3.0,15.0,2.0,0.0,0.0,0.0,0.333,1.0,0.75,0.25,0.2017,-0.0608,3,2
frag_02752,class_objective_tree,2.0,3.0,15.0,2.0,0.0,0.0,0.0,0.333,1.0,0.75,0.25,0.2017,-0.0608,3,2
frag_02752,hybrid_optimized_tree,1.0,2.0,10.0,1.0,0.0,0.0,0.0,0.167,1.0,0.857,0.15,0.1108,-0.1881,2,1
frag_02754,source_order_tree,3.01,4.01,61.7,3.01,0.343,0.0,0.343,0.667,1.0,0.6,0.45,0.4169,0.2144,5,4
frag_02754,evidence_role_tree,2.0,3.0,27.7,2.0,0.343,0.0,0.343,0.333,1.0,0.75,0.5,0.2955,0.0705,8,2
frag_02754,question_intent_tree,2.0,3.0,27.7,2.0,0.343,0.0,0.343,0.333,1.0,0.75,0.5,0.2955,0.0705,8,2
frag_02754,class_objective_tree,2.0,3.0,27.7,2.0,0.343,0.0,0.343,0.333,1.0,0.75,0.45,0.293,0.0605,7,2
frag_02754,hybrid_optimized_tree,1.0,2.0,22.7,1.0,0.343,0.0,0.343,0.167,1.0,0.857,0.3,0.1997,-0.0767,5,1
frag_02759,source_order_tree,2.507,3.737,35.2,2.278,0.0,0.0,0.0,0.667,0.77,0.6,0.45,0.2951,0.1271,5,4
frag_02759,evidence_role_tree,2.0,3.92,25.2,2.46,0.0,0.46,0.0,0.333,0.77,0.75,0.55,0.2667,0.0837,9,2
frag_02759,question_intent_tree,2.0,3.46,22.9,2.0,0.0,0.0,0.0,0.333,1.0,0.75,0.5,0.2278,0.0028,8,2
frag_02759,class_objective_tree,2.0,3.46,22.9,2.0,0.0,0.0,0.0,0.333,1.0,0.75,0.5,0.2278,0.0028,8,2
frag_02759,hybrid_optimized_tree,1.46,2.92,20.2,1.46,0.0,0.0,0.0,0.333,1.0,0.75,0.4,0.181,-0.059,6,2
frag_02765,source_order_tree,1.782,2.782,29.6,1.782,0.0,0.0,0.391,0.333,1.0,0.75,0.25,0.2396,-0.0229,3,2
frag_02765,evidence_role_tree,2.0,3.0,24.8,2.0,0.0,0.0,0.391,0.333,1.0,0.75,0.35,0.2556,0.0081,5,2
frag_02765,question_intent_tree,2.0,3.0,24.8,2.0,0.0,0.0,0.391,0.333,1.0,0.75,0.35,0.2556,0.0081,5,2
frag_02765,class_objective_tree,2.0,3.0,24.8,2.0,0.0,0.0,0.391,0.333,1.0,0.75,0.35,0.2556,0.0081,5,2
frag_02765,hybrid_optimized_tree,1.0,2.0,19.8,1.0,0.0,0.0,0.391,0.167,1.0,0.857,0.2,0.1623,-0.1292,3,1
frag_02768,source_order_tree,1.475,2.475,30.2,1.475,0.0,0.0,0.343,0.5,1.0,0.667,0.35,0.2265,-0.0043,4,3
frag_02768,evidence_role_tree,2.0,3.0,25.0,2.0,0.0,0.0,0.343,0.333,1.0,0.75,0.45,0.256,0.0235,7,2
frag_02768,question_intent_tree,2.0,3.0,25.0,2.0,0.0,0.0,0.343,0.333,1.0,0.75,0.45,0.256,0.0235,7,2
frag_02768,class_objective_tree,2.0,3.0,25.0,2.0,0.0,0.0,0.343,0.333,1.0,0.75,0.4,0.2535,0.0135,6,2
frag_02768,hybrid_optimized_tree,1.0,2.0,20.0,1.0,0.0,0.0,0.343,0.167,1.0,0.857,0.25,0.1602,-0.1237,4,1
