document_id,file_path,file_name,extension,file_size_bytes,modified_time,detected_loader,load_status,character_count,token_estimate,document_title_guess,possible_domain_hints
doc_0001,C:\Work\Answer-Aware-parser\sample_corpus\dev\003755794bbbbcffd0667b9600aeb0be.json,003755794bbbbcffd0667b9600aeb0be.json,.json,84473,2026-07-01T23:04:12,json,loaded,143815,35954,{,"[""general""]"
doc_0002,C:\Work\Answer-Aware-parser\sample_corpus\dev\003755794bbbbcffd0667b9600aeb0be.pdf,003755794bbbbcffd0667b9600aeb0be.pdf,.pdf,1515862,2026-07-01T23:04:16,pdf,empty,0,0,%PDF-1.3,"[""general""]"
doc_0003,C:\Work\Answer-Aware-parser\sample_corpus\dev\0069c940cfca223b2789cbbcc846b038.json,0069c940cfca223b2789cbbcc846b038.json,.json,68749,2026-07-01T23:04:16,json,loaded,120863,30216,{,"[""general""]"
doc_0004,C:\Work\Answer-Aware-parser\sample_corpus\dev\0069c940cfca223b2789cbbcc846b038.pdf,0069c940cfca223b2789cbbcc846b038.pdf,.pdf,901638,2026-07-01T23:04:38,pdf,empty,0,0,%PDF-1.3,"[""general""]"
doc_0005,C:\Work\Answer-Aware-parser\sample_corpus\dev\0112773c37b09547b87270583b651784.json,0112773c37b09547b87270583b651784.json,.json,94464,2026-07-01T23:04:37,json,loaded,165394,41348,{,"[""general""]"
doc_0006,C:\Work\Answer-Aware-parser\sample_corpus\dev\0112773c37b09547b87270583b651784.pdf,0112773c37b09547b87270583b651784.pdf,.pdf,31607,2026-07-01T23:04:38,pdf,empty,0,0,%PDF-1.3,"[""general""]"
doc_0007,C:\Work\Answer-Aware-parser\sample_corpus\dev\012e9f2fb194f89501f65735bc4aca62.json,012e9f2fb194f89501f65735bc4aca62.json,.json,122231,2026-07-01T23:04:41,json,loaded,213071,53268,{,"[""general""]"
doc_0008,C:\Work\Answer-Aware-parser\sample_corpus\dev\012e9f2fb194f89501f65735bc4aca62.pdf,012e9f2fb194f89501f65735bc4aca62.pdf,.pdf,46706,2026-07-01T23:04:13,pdf,empty,0,0,%PDF-1.3,"[""general""]"
doc_0009,C:\Work\Answer-Aware-parser\sample_corpus\dev\018ba3b4adee47eef3555fc300cbde94.json,018ba3b4adee47eef3555fc300cbde94.json,.json,143769,2026-07-01T23:04:19,json,loaded,245879,61470,{,"[""general""]"
doc_0010,C:\Work\Answer-Aware-parser\sample_corpus\dev\018ba3b4adee47eef3555fc300cbde94.pdf,018ba3b4adee47eef3555fc300cbde94.pdf,.pdf,63376,2026-07-01T23:04:38,pdf,empty,0,0,%PDF-1.3,"[""general""]"
doc_0011,C:\Work\Answer-Aware-parser\sample_corpus\dev\01cbb28d73f2117a2bf155814a46806c.json,01cbb28d73f2117a2bf155814a46806c.json,.json,73023,2026-07-01T23:04:40,json,loaded,127966,31992,{,"[""general""]"
doc_0012,C:\Work\Answer-Aware-parser\sample_corpus\dev\01cbb28d73f2117a2bf155814a46806c.pdf,01cbb28d73f2117a2bf155814a46806c.pdf,.pdf,103205,2026-07-01T23:04:25,pdf,empty,0,0,%PDF-1.3,"[""general""]"
doc_0013,C:\Work\Answer-Aware-parser\sample_corpus\dev\028ee763c1f90a74df4736ce7b5ffba4.json,028ee763c1f90a74df4736ce7b5ffba4.json,.json,75513,2026-07-01T23:04:30,json,loaded,134157,33539,{,"[""general""]"
doc_0014,C:\Work\Answer-Aware-parser\sample_corpus\dev\028ee763c1f90a74df4736ce7b5ffba4.pdf,028ee763c1f90a74df4736ce7b5ffba4.pdf,.pdf,92878,2026-07-01T23:04:34,pdf,empty,0,0,%PDF-1.3,"[""general""]"
doc_0015,C:\Work\Answer-Aware-parser\sample_corpus\dev\0431c0120abe739c6a106cce515f3108.json,0431c0120abe739c6a106cce515f3108.json,.json,35091,2026-07-01T23:04:23,json,loaded,58013,14503,{,"[""general""]"
doc_0016,C:\Work\Answer-Aware-parser\sample_corpus\dev\0431c0120abe739c6a106cce515f3108.pdf,0431c0120abe739c6a106cce515f3108.pdf,.pdf,2526715,2026-07-01T23:04:33,pdf,empty,0,0,%PDF-1.3,"[""general""]"
doc_0017,C:\Work\Answer-Aware-parser\sample_corpus\dev\04517855d313cc5e0e3fa1b43dcfd99c.json,04517855d313cc5e0e3fa1b43dcfd99c.json,.json,67532,2026-07-01T23:04:39,json,loaded,112662,28166,{,"[""general""]"
doc_0018,C:\Work\Answer-Aware-parser\sample_corpus\dev\04517855d313cc5e0e3fa1b43dcfd99c.pdf,04517855d313cc5e0e3fa1b43dcfd99c.pdf,.pdf,832179,2026-07-01T23:04:40,pdf,empty,0,0,%PDF-1.3,"[""general""]"
doc_0019,C:\Work\Answer-Aware-parser\sample_corpus\dev\04aea9b8928c7258bd119ad0d4ac68be.json,04aea9b8928c7258bd119ad0d4ac68be.json,.json,91454,2026-07-01T23:04:30,json,loaded,166112,41528,{,"[""finance""]"
doc_0020,C:\Work\Answer-Aware-parser\sample_corpus\dev\04aea9b8928c7258bd119ad0d4ac68be.pdf,04aea9b8928c7258bd119ad0d4ac68be.pdf,.pdf,99862,2026-07-01T23:04:30,pdf,empty,0,0,%PDF-1.3,"[""general""]"
doc_0021,C:\Work\Answer-Aware-parser\sample_corpus\dev\06c4eb9cb8d88350a6ff50a7fccd996a.json,06c4eb9cb8d88350a6ff50a7fccd996a.json,.json,100724,2026-07-01T23:04:31,json,loaded,168454,42114,{,"[""general""]"
doc_0022,C:\Work\Answer-Aware-parser\sample_corpus\dev\06c4eb9cb8d88350a6ff50a7fccd996a.pdf,06c4eb9cb8d88350a6ff50a7fccd996a.pdf,.pdf,50279,2026-07-01T23:04:28,pdf,empty,0,0,%PDF-1.3,"[""general""]"
doc_0023,C:\Work\Answer-Aware-parser\sample_corpus\dev\072057b32a9b61def14de83615f8a0e5.json,072057b32a9b61def14de83615f8a0e5.json,.json,68004,2026-07-01T23:04:23,json,loaded,119118,29780,{,"[""finance""]"
doc_0024,C:\Work\Answer-Aware-parser\sample_corpus\dev\072057b32a9b61def14de83615f8a0e5.pdf,072057b32a9b61def14de83615f8a0e5.pdf,.pdf,67915,2026-07-01T23:04:34,pdf,empty,0,0,%PDF-1.3,"[""general""]"
doc_0025,C:\Work\Answer-Aware-parser\sample_corpus\dev\07d61107df20d17a8b64eba82431c688.json,07d61107df20d17a8b64eba82431c688.json,.json,130133,2026-07-01T23:04:22,json,loaded,230817,57704,{,"[""general""]"
doc_0026,C:\Work\Answer-Aware-parser\sample_corpus\dev\07d61107df20d17a8b64eba82431c688.pdf,07d61107df20d17a8b64eba82431c688.pdf,.pdf,57678,2026-07-01T23:04:40,pdf,empty,0,0,%PDF-1.3,"[""general""]"
doc_0027,C:\Work\Answer-Aware-parser\sample_corpus\dev\087a56930baab9668c14df4cb1acf1d6.json,087a56930baab9668c14df4cb1acf1d6.json,.json,68475,2026-07-01T23:04:34,json,loaded,117956,29489,{,"[""finance""]"
doc_0028,C:\Work\Answer-Aware-parser\sample_corpus\dev\087a56930baab9668c14df4cb1acf1d6.pdf,087a56930baab9668c14df4cb1acf1d6.pdf,.pdf,139448,2026-07-01T23:04:17,pdf,empty,0,0,%PDF-1.3,"[""general""]"
doc_0029,C:\Work\Answer-Aware-parser\sample_corpus\dev\08d181cb5431f91d9495afa4989d0906.json,08d181cb5431f91d9495afa4989d0906.json,.json,182226,2026-07-01T23:04:33,json,loaded,318626,79656,{,"[""general""]"
doc_0030,C:\Work\Answer-Aware-parser\sample_corpus\dev\08d181cb5431f91d9495afa4989d0906.pdf,08d181cb5431f91d9495afa4989d0906.pdf,.pdf,58386,2026-07-01T23:04:19,pdf,empty,0,0,%PDF-1.3,"[""general""]"
doc_0031,C:\Work\Answer-Aware-parser\sample_corpus\dev\09a6000ccf5038981fb89ae406302262.json,09a6000ccf5038981fb89ae406302262.json,.json,137863,2026-07-01T23:04:43,json,loaded,235444,58861,{,"[""general""]"
doc_0032,C:\Work\Answer-Aware-parser\sample_corpus\dev\09a6000ccf5038981fb89ae406302262.pdf,09a6000ccf5038981fb89ae406302262.pdf,.pdf,273095,2026-07-01T23:04:17,pdf,empty,0,0,%PDF-1.3,"[""general""]"
doc_0033,C:\Work\Answer-Aware-parser\sample_corpus\dev\0ba33bc0610e557810de948f4248719e.json,0ba33bc0610e557810de948f4248719e.json,.json,74073,2026-07-01T23:04:42,json,loaded,130170,32542,{,"[""finance""]"
doc_0034,C:\Work\Answer-Aware-parser\sample_corpus\dev\0ba33bc0610e557810de948f4248719e.pdf,0ba33bc0610e557810de948f4248719e.pdf,.pdf,84848,2026-07-01T23:04:32,pdf,empty,0,0,%PDF-1.3,"[""general""]"
doc_0035,C:\Work\Answer-Aware-parser\sample_corpus\dev\0cf6769516cf2a245aaed5fcf2bd9c21.json,0cf6769516cf2a245aaed5fcf2bd9c21.json,.json,35946,2026-07-01T23:04:18,json,loaded,59418,14854,{,"[""general""]"
doc_0036,C:\Work\Answer-Aware-parser\sample_corpus\dev\0cf6769516cf2a245aaed5fcf2bd9c21.pdf,0cf6769516cf2a245aaed5fcf2bd9c21.pdf,.pdf,123401,2026-07-01T23:04:37,pdf,empty,0,0,%PDF-1.3,"[""general""]"
doc_0037,C:\Work\Answer-Aware-parser\sample_corpus\dev\0e2b9dbc14940f49d225762ca8970f03.json,0e2b9dbc14940f49d225762ca8970f03.json,.json,56852,2026-07-01T23:04:20,json,loaded,90028,22507,{,"[""general""]"
doc_0038,C:\Work\Answer-Aware-parser\sample_corpus\dev\0e2b9dbc14940f49d225762ca8970f03.pdf,0e2b9dbc14940f49d225762ca8970f03.pdf,.pdf,470446,2026-07-01T23:04:44,pdf,empty,0,0,%PDF-1.3,"[""general""]"
doc_0039,C:\Work\Answer-Aware-parser\sample_corpus\dev\11ba155b7577c83fe5f3c4f766039e93.json,11ba155b7577c83fe5f3c4f766039e93.json,.json,108501,2026-07-01T23:04:27,json,loaded,185617,46404,{,"[""general""]"
doc_0040,C:\Work\Answer-Aware-parser\sample_corpus\dev\11ba155b7577c83fe5f3c4f766039e93.pdf,11ba155b7577c83fe5f3c4f766039e93.pdf,.pdf,62747,2026-07-01T23:04:23,pdf,empty,0,0,%PDF-1.3,"[""general""]"
doc_0041,C:\Work\Answer-Aware-parser\sample_corpus\dev\13c5057e813cedb2666f3422749a2070.json,13c5057e813cedb2666f3422749a2070.json,.json,83451,2026-07-01T23:04:32,json,loaded,148317,37079,{,"[""general""]"
doc_0042,C:\Work\Answer-Aware-parser\sample_corpus\dev\13c5057e813cedb2666f3422749a2070.pdf,13c5057e813cedb2666f3422749a2070.pdf,.pdf,42096,2026-07-01T23:04:40,pdf,empty,0,0,%PDF-1.3,"[""general""]"
doc_0043,C:\Work\Answer-Aware-parser\sample_corpus\dev\157f7e96347013c41825141c4e9e75d9.json,157f7e96347013c41825141c4e9e75d9.json,.json,100287,2026-07-01T23:04:20,json,loaded,177696,44424,{,"[""general""]"
doc_0044,C:\Work\Answer-Aware-parser\sample_corpus\dev\157f7e96347013c41825141c4e9e75d9.pdf,157f7e96347013c41825141c4e9e75d9.pdf,.pdf,92820,2026-07-01T23:04:27,pdf,empty,0,0,%PDF-1.3,"[""general""]"
doc_0045,C:\Work\Answer-Aware-parser\sample_corpus\dev\1596b597b42a2ac41d2f489f4a10eff6.json,1596b597b42a2ac41d2f489f4a10eff6.json,.json,75327,2026-07-01T23:04:21,json,loaded,124171,31043,{,"[""general""]"
doc_0046,C:\Work\Answer-Aware-parser\sample_corpus\dev\1596b597b42a2ac41d2f489f4a10eff6.pdf,1596b597b42a2ac41d2f489f4a10eff6.pdf,.pdf,48432,2026-07-01T23:04:20,pdf,empty,0,0,%PDF-1.3,"[""general""]"
doc_0047,C:\Work\Answer-Aware-parser\sample_corpus\dev\16662d6aec2ae9b193717adf03278ad9.json,16662d6aec2ae9b193717adf03278ad9.json,.json,78292,2026-07-01T23:04:27,json,loaded,130559,32640,{,"[""general""]"
doc_0048,C:\Work\Answer-Aware-parser\sample_corpus\dev\16662d6aec2ae9b193717adf03278ad9.pdf,16662d6aec2ae9b193717adf03278ad9.pdf,.pdf,901646,2026-07-01T23:04:18,pdf,empty,0,0,%PDF-1.3,"[""general""]"
doc_0049,C:\Work\Answer-Aware-parser\sample_corpus\dev\168d8b4e350cd1466e20530e331c8765.json,168d8b4e350cd1466e20530e331c8765.json,.json,192644,2026-07-01T23:04:35,json,loaded,345586,86396,{,"[""finance""]"
doc_0050,C:\Work\Answer-Aware-parser\sample_corpus\dev\168d8b4e350cd1466e20530e331c8765.pdf,168d8b4e350cd1466e20530e331c8765.pdf,.pdf,53290,2026-07-01T23:04:36,pdf,empty,0,0,%PDF-1.3,"[""general""]"
doc_0051,C:\Work\Answer-Aware-parser\sample_corpus\dev\17b157279164a85dd09c7500bec8174c.json,17b157279164a85dd09c7500bec8174c.json,.json,218690,2026-07-01T23:04:41,json,loaded,356002,89000,{,"[""finance""]"
doc_0052,C:\Work\Answer-Aware-parser\sample_corpus\dev\17b157279164a85dd09c7500bec8174c.pdf,17b157279164a85dd09c7500bec8174c.pdf,.pdf,177580,2026-07-01T23:04:21,pdf,empty,0,0,%PDF-1.3,"[""general""]"
doc_0053,C:\Work\Answer-Aware-parser\sample_corpus\dev\19b2d85c60a1fe383e066d90c64cb7c2.json,19b2d85c60a1fe383e066d90c64cb7c2.json,.json,75783,2026-07-01T23:04:28,json,loaded,127954,31988,{,"[""general""]"
doc_0054,C:\Work\Answer-Aware-parser\sample_corpus\dev\19b2d85c60a1fe383e066d90c64cb7c2.pdf,19b2d85c60a1fe383e066d90c64cb7c2.pdf,.pdf,74624,2026-07-01T23:04:35,pdf,empty,0,0,%PDF-1.3,"[""general""]"
doc_0055,C:\Work\Answer-Aware-parser\sample_corpus\dev\1ab00922b8ffb4c7d4ae5dea80f45637.json,1ab00922b8ffb4c7d4ae5dea80f45637.json,.json,98888,2026-07-01T23:04:42,json,loaded,167896,41974,{,"[""general""]"
doc_0056,C:\Work\Answer-Aware-parser\sample_corpus\dev\1ab00922b8ffb4c7d4ae5dea80f45637.pdf,1ab00922b8ffb4c7d4ae5dea80f45637.pdf,.pdf,1805976,2026-07-01T23:04:40,pdf,empty,0,0,%PDF-1.3,"[""general""]"
doc_0057,C:\Work\Answer-Aware-parser\sample_corpus\dev\1ac0f01d143b3789807888da03560a51.json,1ac0f01d143b3789807888da03560a51.json,.json,122388,2026-07-01T23:04:21,json,loaded,214837,53709,{,"[""general""]"
doc_0058,C:\Work\Answer-Aware-parser\sample_corpus\dev\1ac0f01d143b3789807888da03560a51.pdf,1ac0f01d143b3789807888da03560a51.pdf,.pdf,46448,2026-07-01T23:04:21,pdf,empty,0,0,%PDF-1.3,"[""general""]"
doc_0059,C:\Work\Answer-Aware-parser\sample_corpus\dev\1b54b462b06a8786c7b0b63587f93122.json,1b54b462b06a8786c7b0b63587f93122.json,.json,78746,2026-07-01T23:04:33,json,loaded,130229,32557,{,"[""general""]"
doc_0060,C:\Work\Answer-Aware-parser\sample_corpus\dev\1b54b462b06a8786c7b0b63587f93122.pdf,1b54b462b06a8786c7b0b63587f93122.pdf,.pdf,7082348,2026-07-01T23:04:34,pdf,empty,0,0,%PDF-1.3,"[""general""]"
doc_0061,C:\Work\Answer-Aware-parser\sample_corpus\dev\1bc7c4c0b8933692dec5dbad014984d5.json,1bc7c4c0b8933692dec5dbad014984d5.json,.json,91144,2026-07-01T23:04:22,json,loaded,157177,39294,{,"[""finance"", ""security""]"
doc_0062,C:\Work\Answer-Aware-parser\sample_corpus\dev\1bc7c4c0b8933692dec5dbad014984d5.pdf,1bc7c4c0b8933692dec5dbad014984d5.pdf,.pdf,38925,2026-07-01T23:04:35,pdf,empty,0,0,%PDF-1.3,"[""general""]"
doc_0063,C:\Work\Answer-Aware-parser\sample_corpus\dev\1c5aaf3f3c28e0d325567ae8c3f7b230.json,1c5aaf3f3c28e0d325567ae8c3f7b230.json,.json,96071,2026-07-01T23:04:43,json,loaded,151452,37863,{,"[""general""]"
doc_0064,C:\Work\Answer-Aware-parser\sample_corpus\dev\1c5aaf3f3c28e0d325567ae8c3f7b230.pdf,1c5aaf3f3c28e0d325567ae8c3f7b230.pdf,.pdf,53096,2026-07-01T23:04:41,pdf,empty,0,0,%PDF-1.3,"[""general""]"
doc_0065,C:\Work\Answer-Aware-parser\sample_corpus\dev\1dcc49e0d122ddd39f5df46093f57e4d.json,1dcc49e0d122ddd39f5df46093f57e4d.json,.json,39533,2026-07-01T23:04:35,json,loaded,66752,16688,{,"[""finance""]"
doc_0066,C:\Work\Answer-Aware-parser\sample_corpus\dev\1dcc49e0d122ddd39f5df46093f57e4d.pdf,1dcc49e0d122ddd39f5df46093f57e4d.pdf,.pdf,29559,2026-07-01T23:04:44,pdf,empty,0,0,%PDF-1.3,"[""general""]"
doc_0067,C:\Work\Answer-Aware-parser\sample_corpus\dev\1df5c844392a7823c038c5b8f0cec73d.json,1df5c844392a7823c038c5b8f0cec73d.json,.json,64682,2026-07-01T23:04:19,json,loaded,106252,26563,{,"[""general""]"
doc_0068,C:\Work\Answer-Aware-parser\sample_corpus\dev\1df5c844392a7823c038c5b8f0cec73d.pdf,1df5c844392a7823c038c5b8f0cec73d.pdf,.pdf,123905,2026-07-01T23:04:17,pdf,empty,0,0,%PDF-1.3,"[""general""]"
doc_0069,C:\Work\Answer-Aware-parser\sample_corpus\dev\1f5c09a7575587beff235fac23ebb8df.json,1f5c09a7575587beff235fac23ebb8df.json,.json,108361,2026-07-01T23:04:13,json,loaded,185228,46307,{,"[""general""]"
doc_0070,C:\Work\Answer-Aware-parser\sample_corpus\dev\1f5c09a7575587beff235fac23ebb8df.pdf,1f5c09a7575587beff235fac23ebb8df.pdf,.pdf,59192,2026-07-01T23:04:32,pdf,empty,0,0,%PDF-1.3,"[""general""]"
doc_0071,C:\Work\Answer-Aware-parser\sample_corpus\dev\1f796e0f4ee185b27fd21159bc6a1924.json,1f796e0f4ee185b27fd21159bc6a1924.json,.json,88315,2026-07-01T23:04:16,json,loaded,150049,37512,{,"[""finance""]"
doc_0072,C:\Work\Answer-Aware-parser\sample_corpus\dev\1f796e0f4ee185b27fd21159bc6a1924.pdf,1f796e0f4ee185b27fd21159bc6a1924.pdf,.pdf,11587775,2026-07-01T23:04:42,pdf,empty,0,0,%PDF-1.3,"[""general""]"
doc_0073,C:\Work\Answer-Aware-parser\sample_corpus\dev\2009586d63ade28440dc11adb95fff14.json,2009586d63ade28440dc11adb95fff14.json,.json,93354,2026-07-01T23:04:16,json,loaded,161360,40340,{,"[""general""]"
doc_0074,C:\Work\Answer-Aware-parser\sample_corpus\dev\2009586d63ade28440dc11adb95fff14.pdf,2009586d63ade28440dc11adb95fff14.pdf,.pdf,75480,2026-07-01T23:04:32,pdf,empty,0,0,%PDF-1.3,"[""general""]"
doc_0075,C:\Work\Answer-Aware-parser\sample_corpus\dev\2213379a66c4432592ef7375092347ce.json,2213379a66c4432592ef7375092347ce.json,.json,165024,2026-07-01T23:04:30,json,loaded,292982,73246,{,"[""general""]"
doc_0076,C:\Work\Answer-Aware-parser\sample_corpus\dev\2213379a66c4432592ef7375092347ce.pdf,2213379a66c4432592ef7375092347ce.pdf,.pdf,129776,2026-07-01T23:04:15,pdf,empty,0,0,%PDF-1.3,"[""general""]"
doc_0077,C:\Work\Answer-Aware-parser\sample_corpus\dev\22e7b4ba01193bc92fd431cd5aa4fbd5.json,22e7b4ba01193bc92fd431cd5aa4fbd5.json,.json,106822,2026-07-01T23:04:38,json,loaded,189025,47256,{,"[""finance""]"
doc_0078,C:\Work\Answer-Aware-parser\sample_corpus\dev\22e7b4ba01193bc92fd431cd5aa4fbd5.pdf,22e7b4ba01193bc92fd431cd5aa4fbd5.pdf,.pdf,29558,2026-07-01T23:04:36,pdf,empty,0,0,%PDF-1.3,"[""general""]"
doc_0079,C:\Work\Answer-Aware-parser\sample_corpus\dev\2385630b7fc9cda435bcc112729ce455.json,2385630b7fc9cda435bcc112729ce455.json,.json,93227,2026-07-01T23:04:27,json,loaded,157889,39472,{,"[""general""]"
doc_0080,C:\Work\Answer-Aware-parser\sample_corpus\dev\2385630b7fc9cda435bcc112729ce455.pdf,2385630b7fc9cda435bcc112729ce455.pdf,.pdf,45357,2026-07-01T23:04:26,pdf,empty,0,0,%PDF-1.3,"[""general""]"
doc_0081,C:\Work\Answer-Aware-parser\sample_corpus\dev\23c221a22dd69ef8fb163f78614aa1d6.json,23c221a22dd69ef8fb163f78614aa1d6.json,.json,158503,2026-07-01T23:04:26,json,loaded,267272,66818,{,"[""general""]"
doc_0082,C:\Work\Answer-Aware-parser\sample_corpus\dev\23c221a22dd69ef8fb163f78614aa1d6.pdf,23c221a22dd69ef8fb163f78614aa1d6.pdf,.pdf,85435,2026-07-01T23:04:15,pdf,empty,0,0,%PDF-1.3,"[""general""]"
doc_0083,C:\Work\Answer-Aware-parser\sample_corpus\dev\249a345bb86b13642427834d02363ff8.json,249a345bb86b13642427834d02363ff8.json,.json,96376,2026-07-01T23:04:18,json,loaded,165493,41373,{,"[""general""]"
doc_0084,C:\Work\Answer-Aware-parser\sample_corpus\dev\249a345bb86b13642427834d02363ff8.pdf,249a345bb86b13642427834d02363ff8.pdf,.pdf,2554937,2026-07-01T23:04:35,pdf,empty,0,0,%PDF-1.3,"[""general""]"
doc_0085,C:\Work\Answer-Aware-parser\sample_corpus\dev\24cdb867060b85c3bae91de86f56562a.json,24cdb867060b85c3bae91de86f56562a.json,.json,97796,2026-07-01T23:04:19,json,loaded,168798,42200,{,"[""finance""]"
doc_0086,C:\Work\Answer-Aware-parser\sample_corpus\dev\24cdb867060b85c3bae91de86f56562a.pdf,24cdb867060b85c3bae91de86f56562a.pdf,.pdf,109858,2026-07-01T23:04:30,pdf,empty,0,0,%PDF-1.3,"[""general""]"
doc_0087,C:\Work\Answer-Aware-parser\sample_corpus\dev\273642694aa288fdb17b1f7de9957eaf.json,273642694aa288fdb17b1f7de9957eaf.json,.json,205421,2026-07-01T23:04:17,json,loaded,361623,90406,{,"[""general""]"
doc_0088,C:\Work\Answer-Aware-parser\sample_corpus\dev\273642694aa288fdb17b1f7de9957eaf.pdf,273642694aa288fdb17b1f7de9957eaf.pdf,.pdf,101649,2026-07-01T23:04:36,pdf,empty,0,0,%PDF-1.3,"[""general""]"
doc_0089,C:\Work\Answer-Aware-parser\sample_corpus\dev\280cb2e157d1e8b4586809fb14861f04.json,280cb2e157d1e8b4586809fb14861f04.json,.json,148135,2026-07-01T23:04:29,json,loaded,249929,62482,{,"[""general""]"
doc_0090,C:\Work\Answer-Aware-parser\sample_corpus\dev\280cb2e157d1e8b4586809fb14861f04.pdf,280cb2e157d1e8b4586809fb14861f04.pdf,.pdf,183338,2026-07-01T23:04:32,pdf,empty,0,0,%PDF-1.3,"[""general""]"
doc_0091,C:\Work\Answer-Aware-parser\sample_corpus\dev\28748dee88f1ea514d2bbdf1b48e792b.json,28748dee88f1ea514d2bbdf1b48e792b.json,.json,45960,2026-07-01T23:04:36,json,loaded,70369,17592,{,"[""general""]"
doc_0092,C:\Work\Answer-Aware-parser\sample_corpus\dev\28748dee88f1ea514d2bbdf1b48e792b.pdf,28748dee88f1ea514d2bbdf1b48e792b.pdf,.pdf,38614,2026-07-01T23:04:14,pdf,empty,0,0,%PDF-1.3,"[""general""]"
doc_0093,C:\Work\Answer-Aware-parser\sample_corpus\dev\28e25b9bfae0cd7a2ba2fd0a90c194e3.json,28e25b9bfae0cd7a2ba2fd0a90c194e3.json,.json,90869,2026-07-01T23:04:35,json,loaded,159856,39964,{,"[""general""]"
doc_0094,C:\Work\Answer-Aware-parser\sample_corpus\dev\28e25b9bfae0cd7a2ba2fd0a90c194e3.pdf,28e25b9bfae0cd7a2ba2fd0a90c194e3.pdf,.pdf,138753,2026-07-01T23:04:14,pdf,empty,0,0,%PDF-1.3,"[""general""]"
doc_0095,C:\Work\Answer-Aware-parser\sample_corpus\dev\29a89d83a0f88569882adf0c969d385c.json,29a89d83a0f88569882adf0c969d385c.json,.json,81488,2026-07-01T23:04:31,json,loaded,145854,36464,{,"[""general""]"
doc_0096,C:\Work\Answer-Aware-parser\sample_corpus\dev\29a89d83a0f88569882adf0c969d385c.pdf,29a89d83a0f88569882adf0c969d385c.pdf,.pdf,123813,2026-07-01T23:04:14,pdf,empty,0,0,%PDF-1.3,"[""general""]"
doc_0097,C:\Work\Answer-Aware-parser\sample_corpus\dev\2b9d89e7dacd3fe91ff1114d740c3353.json,2b9d89e7dacd3fe91ff1114d740c3353.json,.json,65965,2026-07-01T23:04:38,json,loaded,114485,28621,{,"[""general""]"
doc_0098,C:\Work\Answer-Aware-parser\sample_corpus\dev\2b9d89e7dacd3fe91ff1114d740c3353.pdf,2b9d89e7dacd3fe91ff1114d740c3353.pdf,.pdf,73596,2026-07-01T23:04:19,pdf,empty,0,0,%PDF-1.3,"[""general""]"
doc_0099,C:\Work\Answer-Aware-parser\sample_corpus\dev\2ca7befd8512a6a28ea3a8e3c4cf164d.json,2ca7befd8512a6a28ea3a8e3c4cf164d.json,.json,91172,2026-07-01T23:04:26,json,loaded,153365,38341,{,"[""general""]"
doc_0100,C:\Work\Answer-Aware-parser\sample_corpus\dev\2ca7befd8512a6a28ea3a8e3c4cf164d.pdf,2ca7befd8512a6a28ea3a8e3c4cf164d.pdf,.pdf,63636,2026-07-01T23:04:43,pdf,empty,0,0,%PDF-1.3,"[""general""]"
doc_0101,C:\Work\Answer-Aware-parser\sample_corpus\dev\2d0a18481b593ddb25ad895e642c8b6c.json,2d0a18481b593ddb25ad895e642c8b6c.json,.json,50659,2026-07-01T23:04:24,json,loaded,81023,20256,{,"[""general""]"
doc_0102,C:\Work\Answer-Aware-parser\sample_corpus\dev\2d0a18481b593ddb25ad895e642c8b6c.pdf,2d0a18481b593ddb25ad895e642c8b6c.pdf,.pdf,84743,2026-07-01T23:04:42,pdf,empty,0,0,%PDF-1.3,"[""general""]"
doc_0103,C:\Work\Answer-Aware-parser\sample_corpus\dev\2d440dca7029c64e7642bbc45e4cc906.json,2d440dca7029c64e7642bbc45e4cc906.json,.json,42825,2026-07-01T23:04:16,json,loaded,71472,17868,{,"[""general""]"
doc_0104,C:\Work\Answer-Aware-parser\sample_corpus\dev\2d440dca7029c64e7642bbc45e4cc906.pdf,2d440dca7029c64e7642bbc45e4cc906.pdf,.pdf,42611,2026-07-01T23:04:36,pdf,empty,0,0,%PDF-1.3,"[""general""]"
doc_0105,C:\Work\Answer-Aware-parser\sample_corpus\dev\2de1d99e49d6bebc2af2ae5575dc3868.json,2de1d99e49d6bebc2af2ae5575dc3868.json,.json,68001,2026-07-01T23:04:38,json,loaded,109061,27265,{,"[""general""]"
doc_0106,C:\Work\Answer-Aware-parser\sample_corpus\dev\2de1d99e49d6bebc2af2ae5575dc3868.pdf,2de1d99e49d6bebc2af2ae5575dc3868.pdf,.pdf,48673,2026-07-01T23:04:27,pdf,empty,0,0,%PDF-1.3,"[""general""]"
doc_0107,C:\Work\Answer-Aware-parser\sample_corpus\dev\2e3e1ea3ff290691d447b7a7c59096e4.json,2e3e1ea3ff290691d447b7a7c59096e4.json,.json,65332,2026-07-01T23:04:21,json,loaded,110991,27748,{,"[""general""]"
doc_0108,C:\Work\Answer-Aware-parser\sample_corpus\dev\2e3e1ea3ff290691d447b7a7c59096e4.pdf,2e3e1ea3ff290691d447b7a7c59096e4.pdf,.pdf,134991,2026-07-01T23:04:26,pdf,empty,0,0,%PDF-1.3,"[""general""]"
doc_0109,C:\Work\Answer-Aware-parser\sample_corpus\dev\2eb8a980ff3bad122310a5878d3dab80.json,2eb8a980ff3bad122310a5878d3dab80.json,.json,28079,2026-07-01T23:04:17,json,loaded,46926,11732,{,"[""general""]"
doc_0110,C:\Work\Answer-Aware-parser\sample_corpus\dev\2eb8a980ff3bad122310a5878d3dab80.pdf,2eb8a980ff3bad122310a5878d3dab80.pdf,.pdf,66473,2026-07-01T23:04:19,pdf,empty,0,0,%PDF-1.3,"[""general""]"
doc_0111,C:\Work\Answer-Aware-parser\sample_corpus\dev\2f66d674d008a240d4a28a3f9349c66b.json,2f66d674d008a240d4a28a3f9349c66b.json,.json,108632,2026-07-01T23:04:23,json,loaded,189829,47457,{,"[""general""]"
doc_0112,C:\Work\Answer-Aware-parser\sample_corpus\dev\2f66d674d008a240d4a28a3f9349c66b.pdf,2f66d674d008a240d4a28a3f9349c66b.pdf,.pdf,1037192,2026-07-01T23:04:37,pdf,empty,0,0,%PDF-1.3,"[""general""]"
doc_0113,C:\Work\Answer-Aware-parser\sample_corpus\dev\2f953cd75c08f708a2e239ce7a81bdd7.json,2f953cd75c08f708a2e239ce7a81bdd7.json,.json,84479,2026-07-01T23:04:19,json,loaded,143027,35757,{,"[""general""]"
doc_0114,C:\Work\Answer-Aware-parser\sample_corpus\dev\2f953cd75c08f708a2e239ce7a81bdd7.pdf,2f953cd75c08f708a2e239ce7a81bdd7.pdf,.pdf,46787,2026-07-01T23:04:14,pdf,empty,0,0,%PDF-1.3,"[""general""]"
doc_0115,C:\Work\Answer-Aware-parser\sample_corpus\dev\30e46d073b61081f322200a8a8502b41.json,30e46d073b61081f322200a8a8502b41.json,.json,96821,2026-07-01T23:04:16,json,loaded,162153,40538,{,"[""general""]"
doc_0116,C:\Work\Answer-Aware-parser\sample_corpus\dev\30e46d073b61081f322200a8a8502b41.pdf,30e46d073b61081f322200a8a8502b41.pdf,.pdf,51642,2026-07-01T23:04:28,pdf,empty,0,0,%PDF-1.3,"[""general""]"
doc_0117,C:\Work\Answer-Aware-parser\sample_corpus\dev\34622621780e1631c6fa1c1a92eeaaa5.json,34622621780e1631c6fa1c1a92eeaaa5.json,.json,93137,2026-07-01T23:04:17,json,loaded,161391,40348,{,"[""general""]"
doc_0118,C:\Work\Answer-Aware-parser\sample_corpus\dev\34622621780e1631c6fa1c1a92eeaaa5.pdf,34622621780e1631c6fa1c1a92eeaaa5.pdf,.pdf,901640,2026-07-01T23:04:39,pdf,empty,0,0,%PDF-1.3,"[""general""]"
doc_0119,C:\Work\Answer-Aware-parser\sample_corpus\dev\34bc860f3e5a281782c1cbd95ba5eb70.json,34bc860f3e5a281782c1cbd95ba5eb70.json,.json,112463,2026-07-01T23:04:38,json,loaded,185620,46405,{,"[""general""]"
doc_0120,C:\Work\Answer-Aware-parser\sample_corpus\dev\34bc860f3e5a281782c1cbd95ba5eb70.pdf,34bc860f3e5a281782c1cbd95ba5eb70.pdf,.pdf,32502,2026-07-01T23:04:25,pdf,empty,0,0,%PDF-1.3,"[""general""]"
doc_0121,C:\Work\Answer-Aware-parser\sample_corpus\dev\34e9805ed7b89d06c59ac3a065dcca54.json,34e9805ed7b89d06c59ac3a065dcca54.json,.json,99060,2026-07-01T23:04:30,json,loaded,175109,43777,{,"[""general""]"
doc_0122,C:\Work\Answer-Aware-parser\sample_corpus\dev\34e9805ed7b89d06c59ac3a065dcca54.pdf,34e9805ed7b89d06c59ac3a065dcca54.pdf,.pdf,113751,2026-07-01T23:04:18,pdf,empty,0,0,%PDF-1.3,"[""general""]"
doc_0123,C:\Work\Answer-Aware-parser\sample_corpus\dev\354eb1815ff939a06de1e27501c65ece.json,354eb1815ff939a06de1e27501c65ece.json,.json,52333,2026-07-01T23:04:39,json,loaded,84352,21088,{,"[""general""]"
doc_0124,C:\Work\Answer-Aware-parser\sample_corpus\dev\354eb1815ff939a06de1e27501c65ece.pdf,354eb1815ff939a06de1e27501c65ece.pdf,.pdf,134485,2026-07-01T23:04:44,pdf,empty,0,0,%PDF-1.3,"[""general""]"
doc_0125,C:\Work\Answer-Aware-parser\sample_corpus\dev\3861e03f793e31daddd801464efe8808.json,3861e03f793e31daddd801464efe8808.json,.json,94390,2026-07-01T23:04:40,json,loaded,166233,41558,{,"[""general""]"
doc_0126,C:\Work\Answer-Aware-parser\sample_corpus\dev\3861e03f793e31daddd801464efe8808.pdf,3861e03f793e31daddd801464efe8808.pdf,.pdf,7082348,2026-07-01T23:04:31,pdf,empty,0,0,%PDF-1.3,"[""general""]"
doc_0127,C:\Work\Answer-Aware-parser\sample_corpus\dev\3929c35afbdb1ead38f3b6021bef5b1e.json,3929c35afbdb1ead38f3b6021bef5b1e.json,.json,124802,2026-07-01T23:04:25,json,loaded,210624,52656,{,"[""general""]"
doc_0128,C:\Work\Answer-Aware-parser\sample_corpus\dev\3929c35afbdb1ead38f3b6021bef5b1e.pdf,3929c35afbdb1ead38f3b6021bef5b1e.pdf,.pdf,31779,2026-07-01T23:04:26,pdf,empty,0,0,%PDF-1.3,"[""general""]"
doc_0129,C:\Work\Answer-Aware-parser\sample_corpus\dev\39e4d8451914be777f7a671673803001.json,39e4d8451914be777f7a671673803001.json,.json,160742,2026-07-01T23:04:20,json,loaded,269758,67440,{,"[""general""]"
doc_0130,C:\Work\Answer-Aware-parser\sample_corpus\dev\39e4d8451914be777f7a671673803001.pdf,39e4d8451914be777f7a671673803001.pdf,.pdf,71161,2026-07-01T23:04:21,pdf,empty,0,0,%PDF-1.3,"[""general""]"
doc_0131,C:\Work\Answer-Aware-parser\sample_corpus\dev\3a645efdc0d58d8874ef3f13b574a835.json,3a645efdc0d58d8874ef3f13b574a835.json,.json,79206,2026-07-01T23:04:40,json,loaded,139967,34992,{,"[""general""]"
doc_0132,C:\Work\Answer-Aware-parser\sample_corpus\dev\3a645efdc0d58d8874ef3f13b574a835.pdf,3a645efdc0d58d8874ef3f13b574a835.pdf,.pdf,151600,2026-07-01T23:04:40,pdf,empty,0,0,%PDF-1.3,"[""general""]"
doc_0133,C:\Work\Answer-Aware-parser\sample_corpus\dev\3b816f477ecf466976371c8f61220052.json,3b816f477ecf466976371c8f61220052.json,.json,80808,2026-07-01T23:04:16,json,loaded,132943,33236,{,"[""general""]"
doc_0134,C:\Work\Answer-Aware-parser\sample_corpus\dev\3b816f477ecf466976371c8f61220052.pdf,3b816f477ecf466976371c8f61220052.pdf,.pdf,60494,2026-07-01T23:04:33,pdf,empty,0,0,%PDF-1.3,"[""general""]"
doc_0135,C:\Work\Answer-Aware-parser\sample_corpus\dev\3b8381128a76f004a43b3431328e5970.json,3b8381128a76f004a43b3431328e5970.json,.json,41791,2026-07-01T23:04:31,json,loaded,72151,18038,{,"[""general""]"
doc_0136,C:\Work\Answer-Aware-parser\sample_corpus\dev\3b8381128a76f004a43b3431328e5970.pdf,3b8381128a76f004a43b3431328e5970.pdf,.pdf,142229,2026-07-01T23:04:35,pdf,empty,0,0,%PDF-1.3,"[""general""]"
doc_0137,C:\Work\Answer-Aware-parser\sample_corpus\dev\3b849500b1ec818ec9b2dbdf9f114a72.json,3b849500b1ec818ec9b2dbdf9f114a72.json,.json,43458,2026-07-01T23:04:22,json,loaded,74000,18500,{,"[""finance""]"
doc_0138,C:\Work\Answer-Aware-parser\sample_corpus\dev\3b849500b1ec818ec9b2dbdf9f114a72.pdf,3b849500b1ec818ec9b2dbdf9f114a72.pdf,.pdf,79200,2026-07-01T23:04:42,pdf,empty,0,0,%PDF-1.3,"[""general""]"
doc_0139,C:\Work\Answer-Aware-parser\sample_corpus\dev\3c27f12b84b1a683bc8cadfcc1819f31.json,3c27f12b84b1a683bc8cadfcc1819f31.json,.json,124170,2026-07-01T23:04:28,json,loaded,223336,55834,{,"[""general""]"
doc_0140,C:\Work\Answer-Aware-parser\sample_corpus\dev\3c27f12b84b1a683bc8cadfcc1819f31.pdf,3c27f12b84b1a683bc8cadfcc1819f31.pdf,.pdf,100899,2026-07-01T23:04:14,pdf,empty,0,0,%PDF-1.3,"[""general""]"
doc_0141,C:\Work\Answer-Aware-parser\sample_corpus\dev\3f291d65827cf249570612c24a751e81.json,3f291d65827cf249570612c24a751e81.json,.json,164386,2026-07-01T23:04:33,json,loaded,289132,72283,{,"[""finance""]"
doc_0142,C:\Work\Answer-Aware-parser\sample_corpus\dev\3f291d65827cf249570612c24a751e81.pdf,3f291d65827cf249570612c24a751e81.pdf,.pdf,111924,2026-07-01T23:04:17,pdf,empty,0,0,%PDF-1.3,"[""general""]"
doc_0143,C:\Work\Answer-Aware-parser\sample_corpus\dev\3fa3766530d2f9f7c533e997f5d7a5dd.json,3fa3766530d2f9f7c533e997f5d7a5dd.json,.json,69810,2026-07-01T23:04:19,json,loaded,111204,27801,{,"[""general""]"
doc_0144,C:\Work\Answer-Aware-parser\sample_corpus\dev\3fa3766530d2f9f7c533e997f5d7a5dd.pdf,3fa3766530d2f9f7c533e997f5d7a5dd.pdf,.pdf,38423,2026-07-01T23:04:27,pdf,empty,0,0,%PDF-1.3,"[""general""]"
doc_0145,C:\Work\Answer-Aware-parser\sample_corpus\dev\4019726b5c5f1860e8e050030da24a5a.json,4019726b5c5f1860e8e050030da24a5a.json,.json,73385,2026-07-01T23:04:41,json,loaded,126761,31690,{,"[""general""]"
doc_0146,C:\Work\Answer-Aware-parser\sample_corpus\dev\4019726b5c5f1860e8e050030da24a5a.pdf,4019726b5c5f1860e8e050030da24a5a.pdf,.pdf,31046,2026-07-01T23:04:20,pdf,empty,0,0,%PDF-1.3,"[""general""]"
doc_0147,C:\Work\Answer-Aware-parser\sample_corpus\dev\40d9fb071b43d313aca21536d7c9b170.json,40d9fb071b43d313aca21536d7c9b170.json,.json,183358,2026-07-01T23:04:39,json,loaded,323216,80804,{,"[""general""]"
doc_0148,C:\Work\Answer-Aware-parser\sample_corpus\dev\40d9fb071b43d313aca21536d7c9b170.pdf,40d9fb071b43d313aca21536d7c9b170.pdf,.pdf,93799,2026-07-01T23:04:17,pdf,empty,0,0,%PDF-1.3,"[""general""]"
doc_0149,C:\Work\Answer-Aware-parser\sample_corpus\dev\43d14c2668f66a09b23eeea467f4f1d3.json,43d14c2668f66a09b23eeea467f4f1d3.json,.json,52558,2026-07-01T23:04:22,json,loaded,80989,20247,{,"[""general""]"
doc_0150,C:\Work\Answer-Aware-parser\sample_corpus\dev\43d14c2668f66a09b23eeea467f4f1d3.pdf,43d14c2668f66a09b23eeea467f4f1d3.pdf,.pdf,7082348,2026-07-01T23:04:24,pdf,empty,0,0,%PDF-1.3,"[""general""]"
doc_0151,C:\Work\Answer-Aware-parser\sample_corpus\dev\464815ead61e35fa9c8e6413a9c33bf0.json,464815ead61e35fa9c8e6413a9c33bf0.json,.json,85888,2026-07-01T23:04:30,json,loaded,147845,36961,{,"[""general""]"
doc_0152,C:\Work\Answer-Aware-parser\sample_corpus\dev\464815ead61e35fa9c8e6413a9c33bf0.pdf,464815ead61e35fa9c8e6413a9c33bf0.pdf,.pdf,73115,2026-07-01T23:04:26,pdf,empty,0,0,%PDF-1.3,"[""general""]"
doc_0153,C:\Work\Answer-Aware-parser\sample_corpus\dev\46c9136dbecb7eb78e1e58bf2b42a82d.json,46c9136dbecb7eb78e1e58bf2b42a82d.json,.json,95037,2026-07-01T23:04:15,json,loaded,163665,40916,{,"[""general""]"
doc_0154,C:\Work\Answer-Aware-parser\sample_corpus\dev\46c9136dbecb7eb78e1e58bf2b42a82d.pdf,46c9136dbecb7eb78e1e58bf2b42a82d.pdf,.pdf,901646,2026-07-01T23:04:38,pdf,empty,0,0,%PDF-1.3,"[""general""]"
doc_0155,C:\Work\Answer-Aware-parser\sample_corpus\dev\4782f795492cd80abd99a7b880910dd8.json,4782f795492cd80abd99a7b880910dd8.json,.json,92083,2026-07-01T23:04:33,json,loaded,156631,39158,{,"[""general""]"
doc_0156,C:\Work\Answer-Aware-parser\sample_corpus\dev\4782f795492cd80abd99a7b880910dd8.pdf,4782f795492cd80abd99a7b880910dd8.pdf,.pdf,106280,2026-07-01T23:04:23,pdf,empty,0,0,%PDF-1.3,"[""general""]"
doc_0157,C:\Work\Answer-Aware-parser\sample_corpus\dev\47cd3cbe2a147ee3584ec5227b61321e.json,47cd3cbe2a147ee3584ec5227b61321e.json,.json,205256,2026-07-01T23:04:19,json,loaded,359231,89808,{,"[""general""]"
doc_0158,C:\Work\Answer-Aware-parser\sample_corpus\dev\47cd3cbe2a147ee3584ec5227b61321e.pdf,47cd3cbe2a147ee3584ec5227b61321e.pdf,.pdf,62992,2026-07-01T23:04:26,pdf,empty,0,0,%PDF-1.3,"[""general""]"
doc_0159,C:\Work\Answer-Aware-parser\sample_corpus\dev\495a444939d6245f19d7fb8fb3c1470c.json,495a444939d6245f19d7fb8fb3c1470c.json,.json,78798,2026-07-01T23:04:22,json,loaded,136539,34135,{,"[""general""]"
doc_0160,C:\Work\Answer-Aware-parser\sample_corpus\dev\495a444939d6245f19d7fb8fb3c1470c.pdf,495a444939d6245f19d7fb8fb3c1470c.pdf,.pdf,100123,2026-07-01T23:04:22,pdf,empty,0,0,%PDF-1.3,"[""general""]"
doc_0161,C:\Work\Answer-Aware-parser\sample_corpus\dev\4b528eb35807a61dcad7b7f9c3b994a2.json,4b528eb35807a61dcad7b7f9c3b994a2.json,.json,119932,2026-07-01T23:04:40,json,loaded,211328,52832,{,"[""general""]"
doc_0162,C:\Work\Answer-Aware-parser\sample_corpus\dev\4b528eb35807a61dcad7b7f9c3b994a2.pdf,4b528eb35807a61dcad7b7f9c3b994a2.pdf,.pdf,99988,2026-07-01T23:04:21,pdf,empty,0,0,%PDF-1.3,"[""general""]"
doc_0163,C:\Work\Answer-Aware-parser\sample_corpus\dev\4bac0b8169e05a0e8d1220fab5e165d5.json,4bac0b8169e05a0e8d1220fab5e165d5.json,.json,45535,2026-07-01T23:04:19,json,loaded,72201,18050,{,"[""finance""]"
doc_0164,C:\Work\Answer-Aware-parser\sample_corpus\dev\4bac0b8169e05a0e8d1220fab5e165d5.pdf,4bac0b8169e05a0e8d1220fab5e165d5.pdf,.pdf,47115,2026-07-01T23:04:30,pdf,empty,0,0,%PDF-1.3,"[""general""]"
doc_0165,C:\Work\Answer-Aware-parser\sample_corpus\dev\4bca637fa8d11fd4333c8c9844dd4727.json,4bca637fa8d11fd4333c8c9844dd4727.json,.json,97264,2026-07-01T23:04:26,json,loaded,166742,41686,{,"[""general""]"
doc_0166,C:\Work\Answer-Aware-parser\sample_corpus\dev\4bca637fa8d11fd4333c8c9844dd4727.pdf,4bca637fa8d11fd4333c8c9844dd4727.pdf,.pdf,34582,2026-07-01T23:04:36,pdf,empty,0,0,%PDF-1.3,"[""general""]"
doc_0167,C:\Work\Answer-Aware-parser\sample_corpus\dev\4cd52447741f46568e053e5e755d0a74.json,4cd52447741f46568e053e5e755d0a74.json,.json,37710,2026-07-01T23:04:24,json,loaded,62521,15630,{,"[""general""]"
doc_0168,C:\Work\Answer-Aware-parser\sample_corpus\dev\4cd52447741f46568e053e5e755d0a74.pdf,4cd52447741f46568e053e5e755d0a74.pdf,.pdf,21606,2026-07-01T23:04:25,pdf,empty,0,0,%PDF-1.3,"[""general""]"
doc_0169,C:\Work\Answer-Aware-parser\sample_corpus\dev\4d41ea7a63b2d9b5cc3cb24ca6c7e9ac.json,4d41ea7a63b2d9b5cc3cb24ca6c7e9ac.json,.json,80128,2026-07-01T23:04:21,json,loaded,130079,32520,{,"[""general""]"
doc_0170,C:\Work\Answer-Aware-parser\sample_corpus\dev\4d41ea7a63b2d9b5cc3cb24ca6c7e9ac.pdf,4d41ea7a63b2d9b5cc3cb24ca6c7e9ac.pdf,.pdf,51571,2026-07-01T23:04:39,pdf,empty,0,0,%PDF-1.3,"[""general""]"
doc_0171,C:\Work\Answer-Aware-parser\sample_corpus\dev\4d4e4add775ac6feeebf2f33370873cc.json,4d4e4add775ac6feeebf2f33370873cc.json,.json,33548,2026-07-01T23:04:13,json,loaded,50277,12569,{,"[""general""]"
doc_0172,C:\Work\Answer-Aware-parser\sample_corpus\dev\4d4e4add775ac6feeebf2f33370873cc.pdf,4d4e4add775ac6feeebf2f33370873cc.pdf,.pdf,67871,2026-07-01T23:04:13,pdf,empty,0,0,%PDF-1.3,"[""general""]"
doc_0173,C:\Work\Answer-Aware-parser\sample_corpus\dev\4e8e1ca7d19c7b2eb51fbdc68cdc1df1.json,4e8e1ca7d19c7b2eb51fbdc68cdc1df1.json,.json,62323,2026-07-01T23:04:26,json,loaded,102376,25594,{,"[""general""]"
doc_0174,C:\Work\Answer-Aware-parser\sample_corpus\dev\4e8e1ca7d19c7b2eb51fbdc68cdc1df1.pdf,4e8e1ca7d19c7b2eb51fbdc68cdc1df1.pdf,.pdf,156905,2026-07-01T23:04:39,pdf,empty,0,0,%PDF-1.3,"[""general""]"
doc_0175,C:\Work\Answer-Aware-parser\sample_corpus\dev\4f00cc063cb8e99a038d7b4a2f77627b.json,4f00cc063cb8e99a038d7b4a2f77627b.json,.json,56879,2026-07-01T23:04:15,json,loaded,98834,24708,{,"[""finance""]"
doc_0176,C:\Work\Answer-Aware-parser\sample_corpus\dev\4f00cc063cb8e99a038d7b4a2f77627b.pdf,4f00cc063cb8e99a038d7b4a2f77627b.pdf,.pdf,102949,2026-07-01T23:04:29,pdf,empty,0,0,%PDF-1.3,"[""general""]"
doc_0177,C:\Work\Answer-Aware-parser\sample_corpus\dev\4f3059102029ebc4cfc6f78f0836ae38.json,4f3059102029ebc4cfc6f78f0836ae38.json,.json,72809,2026-07-01T23:04:43,json,loaded,113156,28289,{,"[""general""]"
doc_0178,C:\Work\Answer-Aware-parser\sample_corpus\dev\4f3059102029ebc4cfc6f78f0836ae38.pdf,4f3059102029ebc4cfc6f78f0836ae38.pdf,.pdf,48762,2026-07-01T23:04:23,pdf,empty,0,0,%PDF-1.3,"[""general""]"
doc_0179,C:\Work\Answer-Aware-parser\sample_corpus\dev\4ff7e75399d99f535dc6c22c6a25dadf.json,4ff7e75399d99f535dc6c22c6a25dadf.json,.json,78321,2026-07-01T23:04:38,json,loaded,130890,32722,{,"[""general""]"
doc_0180,C:\Work\Answer-Aware-parser\sample_corpus\dev\4ff7e75399d99f535dc6c22c6a25dadf.pdf,4ff7e75399d99f535dc6c22c6a25dadf.pdf,.pdf,398530,2026-07-01T23:04:21,pdf,empty,0,0,%PDF-1.3,"[""general""]"
doc_0181,C:\Work\Answer-Aware-parser\sample_corpus\dev\501300d80a1eb16d367a9dbb8ba0360e.json,501300d80a1eb16d367a9dbb8ba0360e.json,.json,99264,2026-07-01T23:04:14,json,loaded,171081,42770,{,"[""finance""]"
doc_0182,C:\Work\Answer-Aware-parser\sample_corpus\dev\501300d80a1eb16d367a9dbb8ba0360e.pdf,501300d80a1eb16d367a9dbb8ba0360e.pdf,.pdf,519601,2026-07-01T23:04:41,pdf,empty,0,0,%PDF-1.3,"[""general""]"
doc_0183,C:\Work\Answer-Aware-parser\sample_corpus\dev\5136fc0d6f51d5f7f2df33cce5cd692d.json,5136fc0d6f51d5f7f2df33cce5cd692d.json,.json,63258,2026-07-01T23:04:29,json,loaded,103030,25758,{,"[""general""]"
doc_0184,C:\Work\Answer-Aware-parser\sample_corpus\dev\5136fc0d6f51d5f7f2df33cce5cd692d.pdf,5136fc0d6f51d5f7f2df33cce5cd692d.pdf,.pdf,38688,2026-07-01T23:04:27,pdf,empty,0,0,%PDF-1.3,"[""general""]"
doc_0185,C:\Work\Answer-Aware-parser\sample_corpus\dev\525032451ab45a3ba6d2629c06d68d1d.json,525032451ab45a3ba6d2629c06d68d1d.json,.json,124901,2026-07-01T23:04:23,json,loaded,216945,54236,{,"[""general""]"
doc_0186,C:\Work\Answer-Aware-parser\sample_corpus\dev\525032451ab45a3ba6d2629c06d68d1d.pdf,525032451ab45a3ba6d2629c06d68d1d.pdf,.pdf,146861,2026-07-01T23:04:41,pdf,empty,0,0,%PDF-1.3,"[""general""]"
doc_0187,C:\Work\Answer-Aware-parser\sample_corpus\dev\529f67ed9786a369a2277717e640dfec.json,529f67ed9786a369a2277717e640dfec.json,.json,172416,2026-07-01T23:04:30,json,loaded,300309,75077,{,"[""general""]"
doc_0188,C:\Work\Answer-Aware-parser\sample_corpus\dev\529f67ed9786a369a2277717e640dfec.pdf,529f67ed9786a369a2277717e640dfec.pdf,.pdf,897195,2026-07-01T23:04:28,pdf,empty,0,0,%PDF-1.3,"[""general""]"
doc_0189,C:\Work\Answer-Aware-parser\sample_corpus\dev\5564a04e9402d5a3d313fc72a7e028e3.json,5564a04e9402d5a3d313fc72a7e028e3.json,.json,126842,2026-07-01T23:04:13,json,loaded,224578,56144,{,"[""finance""]"
doc_0190,C:\Work\Answer-Aware-parser\sample_corpus\dev\5564a04e9402d5a3d313fc72a7e028e3.pdf,5564a04e9402d5a3d313fc72a7e028e3.pdf,.pdf,52587,2026-07-01T23:04:25,pdf,empty,0,0,%PDF-1.3,"[""general""]"
doc_0191,C:\Work\Answer-Aware-parser\sample_corpus\dev\5834dea409f11c7f7cd33c0b95e4540d.json,5834dea409f11c7f7cd33c0b95e4540d.json,.json,180210,2026-07-01T23:04:34,json,loaded,304875,76219,{,"[""general""]"
doc_0192,C:\Work\Answer-Aware-parser\sample_corpus\dev\5834dea409f11c7f7cd33c0b95e4540d.pdf,5834dea409f11c7f7cd33c0b95e4540d.pdf,.pdf,402230,2026-07-01T23:04:32,pdf,empty,0,0,%PDF-1.3,"[""general""]"
doc_0193,C:\Work\Answer-Aware-parser\sample_corpus\dev\58a8d5da810e598c75396aac32e5d364.json,58a8d5da810e598c75396aac32e5d364.json,.json,141140,2026-07-01T23:04:21,json,loaded,247129,61782,{,"[""finance""]"
doc_0194,C:\Work\Answer-Aware-parser\sample_corpus\dev\58a8d5da810e598c75396aac32e5d364.pdf,58a8d5da810e598c75396aac32e5d364.pdf,.pdf,694715,2026-07-01T23:04:29,pdf,empty,0,0,%PDF-1.3,"[""general""]"
doc_0195,C:\Work\Answer-Aware-parser\sample_corpus\dev\58b58094569a43f8804e831c5cda5189.json,58b58094569a43f8804e831c5cda5189.json,.json,211520,2026-07-01T23:04:36,json,loaded,369971,92493,{,"[""general""]"
doc_0196,C:\Work\Answer-Aware-parser\sample_corpus\dev\58b58094569a43f8804e831c5cda5189.pdf,58b58094569a43f8804e831c5cda5189.pdf,.pdf,139665,2026-07-01T23:04:15,pdf,empty,0,0,%PDF-1.3,"[""general""]"
doc_0197,C:\Work\Answer-Aware-parser\sample_corpus\dev\5917014ceb6ea19a8a2f7a35ccfe1508.json,5917014ceb6ea19a8a2f7a35ccfe1508.json,.json,78893,2026-07-01T23:04:23,json,loaded,121195,30299,{,"[""general""]"
doc_0198,C:\Work\Answer-Aware-parser\sample_corpus\dev\5917014ceb6ea19a8a2f7a35ccfe1508.pdf,5917014ceb6ea19a8a2f7a35ccfe1508.pdf,.pdf,110107,2026-07-01T23:04:12,pdf,empty,0,0,%PDF-1.3,"[""general""]"
doc_0199,C:\Work\Answer-Aware-parser\sample_corpus\dev\599d4ef0e5c755af465c0a9941bffb95.json,599d4ef0e5c755af465c0a9941bffb95.json,.json,92400,2026-07-01T23:04:40,json,loaded,167503,41876,{,"[""general""]"
doc_0200,C:\Work\Answer-Aware-parser\sample_corpus\dev\599d4ef0e5c755af465c0a9941bffb95.pdf,599d4ef0e5c755af465c0a9941bffb95.pdf,.pdf,35211,2026-07-01T23:04:41,pdf,empty,0,0,%PDF-1.3,"[""general""]"
doc_0201,C:\Work\Answer-Aware-parser\sample_corpus\dev\59e8fe272d862092ad6b8422facb2955.json,59e8fe272d862092ad6b8422facb2955.json,.json,94752,2026-07-01T23:04:30,json,loaded,167234,41808,{,"[""general""]"
doc_0202,C:\Work\Answer-Aware-parser\sample_corpus\dev\59e8fe272d862092ad6b8422facb2955.pdf,59e8fe272d862092ad6b8422facb2955.pdf,.pdf,89217,2026-07-01T23:04:36,pdf,empty,0,0,%PDF-1.3,"[""general""]"
doc_0203,C:\Work\Answer-Aware-parser\sample_corpus\dev\5a65b0e6a4ab79f96a4d3e05674d8462.json,5a65b0e6a4ab79f96a4d3e05674d8462.json,.json,60410,2026-07-01T23:04:33,json,loaded,102328,25582,{,"[""general""]"
doc_0204,C:\Work\Answer-Aware-parser\sample_corpus\dev\5a65b0e6a4ab79f96a4d3e05674d8462.pdf,5a65b0e6a4ab79f96a4d3e05674d8462.pdf,.pdf,44773,2026-07-01T23:04:40,pdf,empty,0,0,%PDF-1.3,"[""general""]"
doc_0205,C:\Work\Answer-Aware-parser\sample_corpus\dev\5ad129a7811eecc376281f624eb26150.json,5ad129a7811eecc376281f624eb26150.json,.json,61037,2026-07-01T23:04:39,json,loaded,106235,26559,{,"[""general""]"
doc_0206,C:\Work\Answer-Aware-parser\sample_corpus\dev\5ad129a7811eecc376281f624eb26150.pdf,5ad129a7811eecc376281f624eb26150.pdf,.pdf,169427,2026-07-01T23:04:36,pdf,empty,0,0,%PDF-1.3,"[""general""]"
doc_0207,C:\Work\Answer-Aware-parser\sample_corpus\dev\5b048f51617ea03879f52e262ca9f6db.json,5b048f51617ea03879f52e262ca9f6db.json,.json,76708,2026-07-01T23:04:20,json,loaded,134000,33500,{,"[""general""]"
doc_0208,C:\Work\Answer-Aware-parser\sample_corpus\dev\5b048f51617ea03879f52e262ca9f6db.pdf,5b048f51617ea03879f52e262ca9f6db.pdf,.pdf,26629,2026-07-01T23:04:18,pdf,empty,0,0,%PDF-1.3,"[""general""]"
doc_0209,C:\Work\Answer-Aware-parser\sample_corpus\dev\5d2279bf8df6038cb3043668167ac57a.json,5d2279bf8df6038cb3043668167ac57a.json,.json,63886,2026-07-01T23:04:27,json,loaded,114376,28594,{,"[""finance""]"
doc_0210,C:\Work\Answer-Aware-parser\sample_corpus\dev\5d2279bf8df6038cb3043668167ac57a.pdf,5d2279bf8df6038cb3043668167ac57a.pdf,.pdf,97956,2026-07-01T23:04:31,pdf,empty,0,0,%PDF-1.3,"[""general""]"
doc_0211,C:\Work\Answer-Aware-parser\sample_corpus\dev\5e2992e1d78cef4ae7369ce2eaf8e6e7.json,5e2992e1d78cef4ae7369ce2eaf8e6e7.json,.json,66994,2026-07-01T23:04:37,json,loaded,115960,28990,{,"[""general""]"
doc_0212,C:\Work\Answer-Aware-parser\sample_corpus\dev\5e2992e1d78cef4ae7369ce2eaf8e6e7.pdf,5e2992e1d78cef4ae7369ce2eaf8e6e7.pdf,.pdf,76627,2026-07-01T23:04:27,pdf,empty,0,0,%PDF-1.3,"[""general""]"
doc_0213,C:\Work\Answer-Aware-parser\sample_corpus\dev\5e3ec8d852eee5c35e5e763adf436adb.json,5e3ec8d852eee5c35e5e763adf436adb.json,.json,104258,2026-07-01T23:04:36,json,loaded,183546,45886,{,"[""general""]"
doc_0214,C:\Work\Answer-Aware-parser\sample_corpus\dev\5e3ec8d852eee5c35e5e763adf436adb.pdf,5e3ec8d852eee5c35e5e763adf436adb.pdf,.pdf,47261,2026-07-01T23:04:19,pdf,empty,0,0,%PDF-1.3,"[""general""]"
doc_0215,C:\Work\Answer-Aware-parser\sample_corpus\dev\5e8ae351db2408f281cd8f543f3f0b72.json,5e8ae351db2408f281cd8f543f3f0b72.json,.json,101016,2026-07-01T23:04:32,json,loaded,174787,43697,{,"[""general""]"
doc_0216,C:\Work\Answer-Aware-parser\sample_corpus\dev\5e8ae351db2408f281cd8f543f3f0b72.pdf,5e8ae351db2408f281cd8f543f3f0b72.pdf,.pdf,875272,2026-07-01T23:04:40,pdf,empty,0,0,%PDF-1.3,"[""general""]"
doc_0217,C:\Work\Answer-Aware-parser\sample_corpus\dev\5f32adcfe8dd405e93994babc8ab681c.json,5f32adcfe8dd405e93994babc8ab681c.json,.json,98163,2026-07-01T23:04:21,json,loaded,161122,40280,{,"[""general""]"
doc_0218,C:\Work\Answer-Aware-parser\sample_corpus\dev\5f32adcfe8dd405e93994babc8ab681c.pdf,5f32adcfe8dd405e93994babc8ab681c.pdf,.pdf,48723,2026-07-01T23:04:32,pdf,empty,0,0,%PDF-1.3,"[""general""]"
doc_0219,C:\Work\Answer-Aware-parser\sample_corpus\dev\5f9e7b09281aad0e829b4ac500bbc419.json,5f9e7b09281aad0e829b4ac500bbc419.json,.json,76339,2026-07-01T23:04:27,json,loaded,134851,33713,{,"[""general""]"
doc_0220,C:\Work\Answer-Aware-parser\sample_corpus\dev\5f9e7b09281aad0e829b4ac500bbc419.pdf,5f9e7b09281aad0e829b4ac500bbc419.pdf,.pdf,137478,2026-07-01T23:04:43,pdf,empty,0,0,%PDF-1.3,"[""general""]"
doc_0221,C:\Work\Answer-Aware-parser\sample_corpus\dev\5fb204081504735f163d0edbf37ef883.json,5fb204081504735f163d0edbf37ef883.json,.json,172416,2026-07-01T23:04:39,json,loaded,297055,74264,{,"[""general""]"
doc_0222,C:\Work\Answer-Aware-parser\sample_corpus\dev\5fb204081504735f163d0edbf37ef883.pdf,5fb204081504735f163d0edbf37ef883.pdf,.pdf,170950,2026-07-01T23:04:19,pdf,empty,0,0,%PDF-1.3,"[""general""]"
doc_0223,C:\Work\Answer-Aware-parser\sample_corpus\dev\60e406f5b6f6ae7121f8684fb3e4b05e.json,60e406f5b6f6ae7121f8684fb3e4b05e.json,.json,77534,2026-07-01T23:04:24,json,loaded,132243,33061,{,"[""hr""]"
doc_0224,C:\Work\Answer-Aware-parser\sample_corpus\dev\60e406f5b6f6ae7121f8684fb3e4b05e.pdf,60e406f5b6f6ae7121f8684fb3e4b05e.pdf,.pdf,169469,2026-07-01T23:04:42,pdf,empty,0,0,%PDF-1.3,"[""general""]"
doc_0225,C:\Work\Answer-Aware-parser\sample_corpus\dev\60e7fe63d733f2f893e4b6d9d7590105.json,60e7fe63d733f2f893e4b6d9d7590105.json,.json,52938,2026-07-01T23:04:43,json,loaded,84996,21249,{,"[""general""]"
doc_0226,C:\Work\Answer-Aware-parser\sample_corpus\dev\60e7fe63d733f2f893e4b6d9d7590105.pdf,60e7fe63d733f2f893e4b6d9d7590105.pdf,.pdf,927834,2026-07-01T23:04:18,pdf,empty,0,0,%PDF-1.3,"[""general""]"
doc_0227,C:\Work\Answer-Aware-parser\sample_corpus\dev\6190e50da43451c5463fc1fb5ba7db45.json,6190e50da43451c5463fc1fb5ba7db45.json,.json,86918,2026-07-01T23:04:30,json,loaded,150288,37572,{,"[""general""]"
doc_0228,C:\Work\Answer-Aware-parser\sample_corpus\dev\6190e50da43451c5463fc1fb5ba7db45.pdf,6190e50da43451c5463fc1fb5ba7db45.pdf,.pdf,927834,2026-07-01T23:04:16,pdf,empty,0,0,%PDF-1.3,"[""general""]"
doc_0229,C:\Work\Answer-Aware-parser\sample_corpus\dev\632896bb434af9f269364776765a8a83.json,632896bb434af9f269364776765a8a83.json,.json,55987,2026-07-01T23:04:24,json,loaded,90895,22724,{,"[""general""]"
doc_0230,C:\Work\Answer-Aware-parser\sample_corpus\dev\632896bb434af9f269364776765a8a83.pdf,632896bb434af9f269364776765a8a83.pdf,.pdf,43105,2026-07-01T23:04:39,pdf,empty,0,0,%PDF-1.3,"[""general""]"
doc_0231,C:\Work\Answer-Aware-parser\sample_corpus\dev\639580d42970e5defa0edcdfeebd9c16.json,639580d42970e5defa0edcdfeebd9c16.json,.json,82591,2026-07-01T23:04:34,json,loaded,134869,33717,{,"[""general""]"
doc_0232,C:\Work\Answer-Aware-parser\sample_corpus\dev\639580d42970e5defa0edcdfeebd9c16.pdf,639580d42970e5defa0edcdfeebd9c16.pdf,.pdf,75804,2026-07-01T23:04:16,pdf,empty,0,0,%PDF-1.3,"[""general""]"
doc_0233,C:\Work\Answer-Aware-parser\sample_corpus\dev\65284013fe496c70e2976333eeb4abae.json,65284013fe496c70e2976333eeb4abae.json,.json,99908,2026-07-01T23:04:18,json,loaded,169873,42468,{,"[""general""]"
doc_0234,C:\Work\Answer-Aware-parser\sample_corpus\dev\65284013fe496c70e2976333eeb4abae.pdf,65284013fe496c70e2976333eeb4abae.pdf,.pdf,130218,2026-07-01T23:04:44,pdf,empty,0,0,%PDF-1.3,"[""general""]"
doc_0235,C:\Work\Answer-Aware-parser\sample_corpus\dev\655b1f6aa9c1e5daf366f0ab9014687b.json,655b1f6aa9c1e5daf366f0ab9014687b.json,.json,42084,2026-07-01T23:04:26,json,loaded,68513,17128,{,"[""general""]"
doc_0236,C:\Work\Answer-Aware-parser\sample_corpus\dev\655b1f6aa9c1e5daf366f0ab9014687b.pdf,655b1f6aa9c1e5daf366f0ab9014687b.pdf,.pdf,618805,2026-07-01T23:04:20,pdf,empty,0,0,%PDF-1.3,"[""general""]"
doc_0237,C:\Work\Answer-Aware-parser\sample_corpus\dev\658be0c705f43657a86f4182a9e524fd.json,658be0c705f43657a86f4182a9e524fd.json,.json,120132,2026-07-01T23:04:41,json,loaded,213618,53404,{,"[""general""]"
doc_0238,C:\Work\Answer-Aware-parser\sample_corpus\dev\658be0c705f43657a86f4182a9e524fd.pdf,658be0c705f43657a86f4182a9e524fd.pdf,.pdf,1101124,2026-07-01T23:04:28,pdf,empty,0,0,%PDF-1.3,"[""general""]"
doc_0239,C:\Work\Answer-Aware-parser\sample_corpus\dev\67a0f5b8398b39155067f20915efe454.json,67a0f5b8398b39155067f20915efe454.json,.json,57527,2026-07-01T23:04:36,json,loaded,94463,23616,{,"[""general""]"
doc_0240,C:\Work\Answer-Aware-parser\sample_corpus\dev\67a0f5b8398b39155067f20915efe454.pdf,67a0f5b8398b39155067f20915efe454.pdf,.pdf,106796,2026-07-01T23:04:15,pdf,empty,0,0,%PDF-1.3,"[""general""]"
doc_0241,C:\Work\Answer-Aware-parser\sample_corpus\dev\67aba113a9b4e546ddf93d06e54ad287.json,67aba113a9b4e546ddf93d06e54ad287.json,.json,73300,2026-07-01T23:04:14,json,loaded,117405,29351,{,"[""general""]"
doc_0242,C:\Work\Answer-Aware-parser\sample_corpus\dev\67aba113a9b4e546ddf93d06e54ad287.pdf,67aba113a9b4e546ddf93d06e54ad287.pdf,.pdf,72894,2026-07-01T23:04:13,pdf,empty,0,0,%PDF-1.3,"[""general""]"
doc_0243,C:\Work\Answer-Aware-parser\sample_corpus\dev\67f2cd9df56c0c6d5951985bffc1eb40.json,67f2cd9df56c0c6d5951985bffc1eb40.json,.json,45955,2026-07-01T23:04:22,json,loaded,77868,19467,{,"[""general""]"
doc_0244,C:\Work\Answer-Aware-parser\sample_corpus\dev\67f2cd9df56c0c6d5951985bffc1eb40.pdf,67f2cd9df56c0c6d5951985bffc1eb40.pdf,.pdf,76699,2026-07-01T23:04:13,pdf,empty,0,0,%PDF-1.3,"[""general""]"
doc_0245,C:\Work\Answer-Aware-parser\sample_corpus\dev\68788e471e32b3589afee0bfb661042a.json,68788e471e32b3589afee0bfb661042a.json,.json,100468,2026-07-01T23:04:15,json,loaded,171865,42966,{,"[""finance""]"
doc_0246,C:\Work\Answer-Aware-parser\sample_corpus\dev\68788e471e32b3589afee0bfb661042a.pdf,68788e471e32b3589afee0bfb661042a.pdf,.pdf,520628,2026-07-01T23:04:19,pdf,empty,0,0,%PDF-1.3,"[""general""]"
doc_0247,C:\Work\Answer-Aware-parser\sample_corpus\dev\6a6cdcc9aa172495e08204d4893ee018.json,6a6cdcc9aa172495e08204d4893ee018.json,.json,73373,2026-07-01T23:04:34,json,loaded,119483,29871,{,"[""general""]"
doc_0248,C:\Work\Answer-Aware-parser\sample_corpus\dev\6a6cdcc9aa172495e08204d4893ee018.pdf,6a6cdcc9aa172495e08204d4893ee018.pdf,.pdf,62049,2026-07-01T23:04:44,pdf,empty,0,0,%PDF-1.3,"[""general""]"
doc_0249,C:\Work\Answer-Aware-parser\sample_corpus\dev\6acd4a68d18f349e3773e5b8369479d1.json,6acd4a68d18f349e3773e5b8369479d1.json,.json,49673,2026-07-01T23:04:12,json,loaded,84278,21070,{,"[""general""]"
doc_0250,C:\Work\Answer-Aware-parser\sample_corpus\dev\6acd4a68d18f349e3773e5b8369479d1.pdf,6acd4a68d18f349e3773e5b8369479d1.pdf,.pdf,26018,2026-07-01T23:04:23,pdf,empty,0,0,%PDF-1.3,"[""general""]"
doc_0251,C:\Work\Answer-Aware-parser\sample_corpus\dev\6bdb9dcbd8b5ab5fe4e94a761a17cc08.json,6bdb9dcbd8b5ab5fe4e94a761a17cc08.json,.json,53272,2026-07-01T23:04:12,json,loaded,91207,22802,{,"[""general""]"
doc_0252,C:\Work\Answer-Aware-parser\sample_corpus\dev\6bdb9dcbd8b5ab5fe4e94a761a17cc08.pdf,6bdb9dcbd8b5ab5fe4e94a761a17cc08.pdf,.pdf,73631,2026-07-01T23:04:44,pdf,empty,0,0,%PDF-1.3,"[""general""]"
doc_0253,C:\Work\Answer-Aware-parser\sample_corpus\dev\6c7eaa692c25edb5cc125d550deb77ca.json,6c7eaa692c25edb5cc125d550deb77ca.json,.json,77864,2026-07-01T23:04:35,json,loaded,137697,34424,{,"[""finance""]"
doc_0254,C:\Work\Answer-Aware-parser\sample_corpus\dev\6c7eaa692c25edb5cc125d550deb77ca.pdf,6c7eaa692c25edb5cc125d550deb77ca.pdf,.pdf,11587775,2026-07-01T23:04:44,pdf,empty,0,0,%PDF-1.3,"[""general""]"
doc_0255,C:\Work\Answer-Aware-parser\sample_corpus\dev\6cd66ee81b5b1225e601b3c31b157ae2.json,6cd66ee81b5b1225e601b3c31b157ae2.json,.json,128322,2026-07-01T23:04:33,json,loaded,227269,56817,{,"[""general""]"
doc_0256,C:\Work\Answer-Aware-parser\sample_corpus\dev\6cd66ee81b5b1225e601b3c31b157ae2.pdf,6cd66ee81b5b1225e601b3c31b157ae2.pdf,.pdf,71543,2026-07-01T23:04:37,pdf,empty,0,0,%PDF-1.3,"[""general""]"
doc_0257,C:\Work\Answer-Aware-parser\sample_corpus\dev\6d966ad0524ed9856b3f5191d05783d3.json,6d966ad0524ed9856b3f5191d05783d3.json,.json,158163,2026-07-01T23:04:12,json,loaded,265522,66380,{,"[""general""]"
doc_0258,C:\Work\Answer-Aware-parser\sample_corpus\dev\6d966ad0524ed9856b3f5191d05783d3.pdf,6d966ad0524ed9856b3f5191d05783d3.pdf,.pdf,2575855,2026-07-01T23:04:17,pdf,empty,0,0,%PDF-1.3,"[""general""]"
doc_0259,C:\Work\Answer-Aware-parser\sample_corpus\dev\6db25bbf0857ae5bad27425935037103.json,6db25bbf0857ae5bad27425935037103.json,.json,67938,2026-07-01T23:04:41,json,loaded,110567,27642,{,"[""general""]"
doc_0260,C:\Work\Answer-Aware-parser\sample_corpus\dev\6db25bbf0857ae5bad27425935037103.pdf,6db25bbf0857ae5bad27425935037103.pdf,.pdf,39666,2026-07-01T23:04:33,pdf,empty,0,0,%PDF-1.3,"[""general""]"
doc_0261,C:\Work\Answer-Aware-parser\sample_corpus\dev\6e24627ee35a3397ec552af56e6bd595.json,6e24627ee35a3397ec552af56e6bd595.json,.json,88668,2026-07-01T23:04:45,json,loaded,154347,38587,{,"[""general""]"
doc_0262,C:\Work\Answer-Aware-parser\sample_corpus\dev\6e24627ee35a3397ec552af56e6bd595.pdf,6e24627ee35a3397ec552af56e6bd595.pdf,.pdf,158123,2026-07-01T23:04:32,pdf,empty,0,0,%PDF-1.3,"[""general""]"
doc_0263,C:\Work\Answer-Aware-parser\sample_corpus\dev\6f99a700db4e43c1bc6abf015c2b677a.json,6f99a700db4e43c1bc6abf015c2b677a.json,.json,74091,2026-07-01T23:04:42,json,loaded,124307,31077,{,"[""general""]"
doc_0264,C:\Work\Answer-Aware-parser\sample_corpus\dev\6f99a700db4e43c1bc6abf015c2b677a.pdf,6f99a700db4e43c1bc6abf015c2b677a.pdf,.pdf,42462,2026-07-01T23:04:31,pdf,empty,0,0,%PDF-1.3,"[""general""]"
doc_0265,C:\Work\Answer-Aware-parser\sample_corpus\dev\70ca861e925bb24651601a11efc7abf1.json,70ca861e925bb24651601a11efc7abf1.json,.json,64380,2026-07-01T23:04:17,json,loaded,109585,27396,{,"[""general""]"
doc_0266,C:\Work\Answer-Aware-parser\sample_corpus\dev\70ca861e925bb24651601a11efc7abf1.pdf,70ca861e925bb24651601a11efc7abf1.pdf,.pdf,182957,2026-07-01T23:04:22,pdf,empty,0,0,%PDF-1.3,"[""general""]"
doc_0267,C:\Work\Answer-Aware-parser\sample_corpus\dev\710cb523dee82d62d1ce71ff7333ba2b.json,710cb523dee82d62d1ce71ff7333ba2b.json,.json,111357,2026-07-01T23:04:33,json,loaded,186689,46672,{,"[""finance""]"
doc_0268,C:\Work\Answer-Aware-parser\sample_corpus\dev\710cb523dee82d62d1ce71ff7333ba2b.pdf,710cb523dee82d62d1ce71ff7333ba2b.pdf,.pdf,520025,2026-07-01T23:04:42,pdf,empty,0,0,%PDF-1.3,"[""general""]"
doc_0269,C:\Work\Answer-Aware-parser\sample_corpus\dev\7497b6c908b9df44ba2fbfdd6cd3d577.json,7497b6c908b9df44ba2fbfdd6cd3d577.json,.json,32605,2026-07-01T23:04:24,json,loaded,53326,13332,{,"[""general""]"
doc_0270,C:\Work\Answer-Aware-parser\sample_corpus\dev\7497b6c908b9df44ba2fbfdd6cd3d577.pdf,7497b6c908b9df44ba2fbfdd6cd3d577.pdf,.pdf,862743,2026-07-01T23:04:38,pdf,empty,0,0,%PDF-1.3,"[""general""]"
doc_0271,C:\Work\Answer-Aware-parser\sample_corpus\dev\74a3ff891297168a52a0a014b4919f78.json,74a3ff891297168a52a0a014b4919f78.json,.json,74045,2026-07-01T23:04:13,json,loaded,118758,29690,{,"[""general""]"
doc_0272,C:\Work\Answer-Aware-parser\sample_corpus\dev\74a3ff891297168a52a0a014b4919f78.pdf,74a3ff891297168a52a0a014b4919f78.pdf,.pdf,74076,2026-07-01T23:04:39,pdf,empty,0,0,%PDF-1.3,"[""general""]"
doc_0273,C:\Work\Answer-Aware-parser\sample_corpus\dev\7538ca71174065862f6aeaffdc7a5f5f.json,7538ca71174065862f6aeaffdc7a5f5f.json,.json,94662,2026-07-01T23:04:41,json,loaded,166621,41655,{,"[""general""]"
doc_0274,C:\Work\Answer-Aware-parser\sample_corpus\dev\7538ca71174065862f6aeaffdc7a5f5f.pdf,7538ca71174065862f6aeaffdc7a5f5f.pdf,.pdf,70175,2026-07-01T23:04:21,pdf,empty,0,0,%PDF-1.3,"[""general""]"
doc_0275,C:\Work\Answer-Aware-parser\sample_corpus\dev\757d2de493d8a5ccd38a9b526c891e4b.json,757d2de493d8a5ccd38a9b526c891e4b.json,.json,92882,2026-07-01T23:04:21,json,loaded,156620,39155,{,"[""general""]"
doc_0276,C:\Work\Answer-Aware-parser\sample_corpus\dev\757d2de493d8a5ccd38a9b526c891e4b.pdf,757d2de493d8a5ccd38a9b526c891e4b.pdf,.pdf,74982,2026-07-01T23:04:13,pdf,empty,0,0,%PDF-1.3,"[""general""]"
doc_0277,C:\Work\Answer-Aware-parser\sample_corpus\dev\764888c1d1148c529e7203e6997c3e01.json,764888c1d1148c529e7203e6997c3e01.json,.json,64741,2026-07-01T23:04:30,json,loaded,110755,27689,{,"[""general""]"
doc_0278,C:\Work\Answer-Aware-parser\sample_corpus\dev\764888c1d1148c529e7203e6997c3e01.pdf,764888c1d1148c529e7203e6997c3e01.pdf,.pdf,32750,2026-07-01T23:04:37,pdf,empty,0,0,%PDF-1.3,"[""general""]"
doc_0279,C:\Work\Answer-Aware-parser\sample_corpus\dev\77610b37cb6c2e2a308336999e888bff.json,77610b37cb6c2e2a308336999e888bff.json,.json,230109,2026-07-01T23:04:37,json,loaded,409955,102489,{,"[""general""]"
doc_0280,C:\Work\Answer-Aware-parser\sample_corpus\dev\77610b37cb6c2e2a308336999e888bff.pdf,77610b37cb6c2e2a308336999e888bff.pdf,.pdf,142557,2026-07-01T23:04:35,pdf,empty,0,0,%PDF-1.3,"[""general""]"
doc_0281,C:\Work\Answer-Aware-parser\sample_corpus\dev\784ffc40b8607b94b6f8b8f5a750ad65.json,784ffc40b8607b94b6f8b8f5a750ad65.json,.json,67520,2026-07-01T23:04:14,json,loaded,117353,29338,{,"[""general""]"
doc_0282,C:\Work\Answer-Aware-parser\sample_corpus\dev\784ffc40b8607b94b6f8b8f5a750ad65.pdf,784ffc40b8607b94b6f8b8f5a750ad65.pdf,.pdf,20436,2026-07-01T23:04:31,pdf,empty,0,0,%PDF-1.3,"[""general""]"
doc_0283,C:\Work\Answer-Aware-parser\sample_corpus\dev\78dbdf3d45453c264f21590f247620c8.json,78dbdf3d45453c264f21590f247620c8.json,.json,129999,2026-07-01T23:04:14,json,loaded,222200,55550,{,"[""finance""]"
doc_0284,C:\Work\Answer-Aware-parser\sample_corpus\dev\78dbdf3d45453c264f21590f247620c8.pdf,78dbdf3d45453c264f21590f247620c8.pdf,.pdf,137739,2026-07-01T23:04:14,pdf,empty,0,0,%PDF-1.3,"[""general""]"
doc_0285,C:\Work\Answer-Aware-parser\sample_corpus\dev\798620f02a15a34e0204fe4dc11765cf.json,798620f02a15a34e0204fe4dc11765cf.json,.json,64237,2026-07-01T23:04:26,json,loaded,112160,28040,{,"[""general""]"
doc_0286,C:\Work\Answer-Aware-parser\sample_corpus\dev\798620f02a15a34e0204fe4dc11765cf.pdf,798620f02a15a34e0204fe4dc11765cf.pdf,.pdf,35311,2026-07-01T23:04:33,pdf,empty,0,0,%PDF-1.3,"[""general""]"
doc_0287,C:\Work\Answer-Aware-parser\sample_corpus\dev\7a2c1ae88153d82ea24470d6f2d204d1.json,7a2c1ae88153d82ea24470d6f2d204d1.json,.json,54461,2026-07-01T23:04:23,json,loaded,86971,21743,{,"[""finance""]"
doc_0288,C:\Work\Answer-Aware-parser\sample_corpus\dev\7a2c1ae88153d82ea24470d6f2d204d1.pdf,7a2c1ae88153d82ea24470d6f2d204d1.pdf,.pdf,517754,2026-07-01T23:04:43,pdf,empty,0,0,%PDF-1.3,"[""general""]"
doc_0289,C:\Work\Answer-Aware-parser\sample_corpus\dev\7a43af04039567a7cc88543062010a44.json,7a43af04039567a7cc88543062010a44.json,.json,119862,2026-07-01T23:04:13,json,loaded,210422,52606,{,"[""general""]"
doc_0290,C:\Work\Answer-Aware-parser\sample_corpus\dev\7a43af04039567a7cc88543062010a44.pdf,7a43af04039567a7cc88543062010a44.pdf,.pdf,56965,2026-07-01T23:04:40,pdf,empty,0,0,%PDF-1.3,"[""general""]"
doc_0291,C:\Work\Answer-Aware-parser\sample_corpus\dev\7cb0bf045808e16ca43e9ce9bc06088d.json,7cb0bf045808e16ca43e9ce9bc06088d.json,.json,125354,2026-07-01T23:04:21,json,loaded,214929,53732,{,"[""security""]"
doc_0292,C:\Work\Answer-Aware-parser\sample_corpus\dev\7cb0bf045808e16ca43e9ce9bc06088d.pdf,7cb0bf045808e16ca43e9ce9bc06088d.pdf,.pdf,60809,2026-07-01T23:04:22,pdf,empty,0,0,%PDF-1.3,"[""general""]"
doc_0293,C:\Work\Answer-Aware-parser\sample_corpus\dev\7d631ffe5ff034d0ea9053d89a327ca3.json,7d631ffe5ff034d0ea9053d89a327ca3.json,.json,32951,2026-07-01T23:04:29,json,loaded,49511,12378,{,"[""general""]"
doc_0294,C:\Work\Answer-Aware-parser\sample_corpus\dev\7d631ffe5ff034d0ea9053d89a327ca3.pdf,7d631ffe5ff034d0ea9053d89a327ca3.pdf,.pdf,7082348,2026-07-01T23:04:28,pdf,empty,0,0,%PDF-1.3,"[""general""]"
doc_0295,C:\Work\Answer-Aware-parser\sample_corpus\dev\7f701fa00297a0c6e343bc1d38e0d31c.json,7f701fa00297a0c6e343bc1d38e0d31c.json,.json,91995,2026-07-01T23:04:32,json,loaded,155111,38778,{,"[""general""]"
doc_0296,C:\Work\Answer-Aware-parser\sample_corpus\dev\7f701fa00297a0c6e343bc1d38e0d31c.pdf,7f701fa00297a0c6e343bc1d38e0d31c.pdf,.pdf,48377,2026-07-01T23:04:13,pdf,empty,0,0,%PDF-1.3,"[""general""]"
doc_0297,C:\Work\Answer-Aware-parser\sample_corpus\dev\80049503d48193a25410ac8796ccf97a.json,80049503d48193a25410ac8796ccf97a.json,.json,200315,2026-07-01T23:04:23,json,loaded,340083,85021,{,"[""finance""]"
doc_0298,C:\Work\Answer-Aware-parser\sample_corpus\dev\80049503d48193a25410ac8796ccf97a.pdf,80049503d48193a25410ac8796ccf97a.pdf,.pdf,749117,2026-07-01T23:04:31,pdf,empty,0,0,%PDF-1.3,"[""general""]"
doc_0299,C:\Work\Answer-Aware-parser\sample_corpus\dev\814795f164b6a3e1d39d22c3814cc288.json,814795f164b6a3e1d39d22c3814cc288.json,.json,80767,2026-07-01T23:04:14,json,loaded,138111,34528,{,"[""general""]"
doc_0300,C:\Work\Answer-Aware-parser\sample_corpus\dev\814795f164b6a3e1d39d22c3814cc288.pdf,814795f164b6a3e1d39d22c3814cc288.pdf,.pdf,1325624,2026-07-01T23:04:38,pdf,empty,0,0,%PDF-1.3,"[""general""]"
doc_0301,C:\Work\Answer-Aware-parser\sample_corpus\dev\8151aa1c9aa6f6a7c9cd3b003dec18e3.json,8151aa1c9aa6f6a7c9cd3b003dec18e3.json,.json,27029,2026-07-01T23:04:18,json,loaded,40916,10229,{,"[""finance""]"
doc_0302,C:\Work\Answer-Aware-parser\sample_corpus\dev\8151aa1c9aa6f6a7c9cd3b003dec18e3.pdf,8151aa1c9aa6f6a7c9cd3b003dec18e3.pdf,.pdf,520648,2026-07-01T23:04:35,pdf,empty,0,0,%PDF-1.3,"[""general""]"
doc_0303,C:\Work\Answer-Aware-parser\sample_corpus\dev\82747e93346ac1d1371db9f7b62a8dcc.json,82747e93346ac1d1371db9f7b62a8dcc.json,.json,73683,2026-07-01T23:04:41,json,loaded,129257,32314,{,"[""general""]"
doc_0304,C:\Work\Answer-Aware-parser\sample_corpus\dev\82747e93346ac1d1371db9f7b62a8dcc.pdf,82747e93346ac1d1371db9f7b62a8dcc.pdf,.pdf,32764,2026-07-01T23:04:13,pdf,empty,0,0,%PDF-1.3,"[""general""]"
doc_0305,C:\Work\Answer-Aware-parser\sample_corpus\dev\82c84df601ad7e21b8ff3fe79404c3c8.json,82c84df601ad7e21b8ff3fe79404c3c8.json,.json,130950,2026-07-01T23:04:24,json,loaded,227160,56790,{,"[""general""]"
doc_0306,C:\Work\Answer-Aware-parser\sample_corpus\dev\82c84df601ad7e21b8ff3fe79404c3c8.pdf,82c84df601ad7e21b8ff3fe79404c3c8.pdf,.pdf,57725,2026-07-01T23:04:20,pdf,empty,0,0,%PDF-1.3,"[""general""]"
doc_0307,C:\Work\Answer-Aware-parser\sample_corpus\dev\82f59cefbb50bb0f153ca236d85424db.json,82f59cefbb50bb0f153ca236d85424db.json,.json,66779,2026-07-01T23:04:34,json,loaded,108275,27069,{,"[""general""]"
doc_0308,C:\Work\Answer-Aware-parser\sample_corpus\dev\82f59cefbb50bb0f153ca236d85424db.pdf,82f59cefbb50bb0f153ca236d85424db.pdf,.pdf,189664,2026-07-01T23:04:34,pdf,empty,0,0,%PDF-1.3,"[""general""]"
doc_0309,C:\Work\Answer-Aware-parser\sample_corpus\dev\849a2342faa8e26410e1323932911976.json,849a2342faa8e26410e1323932911976.json,.json,105240,2026-07-01T23:04:31,json,loaded,168682,42170,{,"[""general""]"
doc_0310,C:\Work\Answer-Aware-parser\sample_corpus\dev\849a2342faa8e26410e1323932911976.pdf,849a2342faa8e26410e1323932911976.pdf,.pdf,54747,2026-07-01T23:04:44,pdf,empty,0,0,%PDF-1.3,"[""general""]"
doc_0311,C:\Work\Answer-Aware-parser\sample_corpus\dev\87d7fddb42cdd7554e61be3c70ebb97b.json,87d7fddb42cdd7554e61be3c70ebb97b.json,.json,180656,2026-07-01T23:04:23,json,loaded,307590,76898,{,"[""general""]"
doc_0312,C:\Work\Answer-Aware-parser\sample_corpus\dev\87d7fddb42cdd7554e61be3c70ebb97b.pdf,87d7fddb42cdd7554e61be3c70ebb97b.pdf,.pdf,176699,2026-07-01T23:04:13,pdf,empty,0,0,%PDF-1.3,"[""general""]"
doc_0313,C:\Work\Answer-Aware-parser\sample_corpus\dev\8861895fc6562223f19c2ebcff1db908.json,8861895fc6562223f19c2ebcff1db908.json,.json,118673,2026-07-01T23:04:13,json,loaded,206893,51723,{,"[""general""]"
doc_0314,C:\Work\Answer-Aware-parser\sample_corpus\dev\8861895fc6562223f19c2ebcff1db908.pdf,8861895fc6562223f19c2ebcff1db908.pdf,.pdf,1533638,2026-07-01T23:04:14,pdf,empty,0,0,%PDF-1.3,"[""general""]"
doc_0315,C:\Work\Answer-Aware-parser\sample_corpus\dev\88eb280848fd4008eaa54f6a71823cd5.json,88eb280848fd4008eaa54f6a71823cd5.json,.json,57131,2026-07-01T23:04:28,json,loaded,98613,24653,{,"[""general""]"
doc_0316,C:\Work\Answer-Aware-parser\sample_corpus\dev\88eb280848fd4008eaa54f6a71823cd5.pdf,88eb280848fd4008eaa54f6a71823cd5.pdf,.pdf,68818,2026-07-01T23:04:28,pdf,empty,0,0,%PDF-1.3,"[""general""]"
doc_0317,C:\Work\Answer-Aware-parser\sample_corpus\dev\8973f4f7da31f44e14e540fd2da00723.json,8973f4f7da31f44e14e540fd2da00723.json,.json,121444,2026-07-01T23:04:34,json,loaded,210970,52742,{,"[""general""]"
doc_0318,C:\Work\Answer-Aware-parser\sample_corpus\dev\8973f4f7da31f44e14e540fd2da00723.pdf,8973f4f7da31f44e14e540fd2da00723.pdf,.pdf,62388,2026-07-01T23:04:24,pdf,empty,0,0,%PDF-1.3,"[""general""]"
doc_0319,C:\Work\Answer-Aware-parser\sample_corpus\dev\8b50769888d9c8b5898ac2fb77c1af23.json,8b50769888d9c8b5898ac2fb77c1af23.json,.json,118861,2026-07-01T23:04:30,json,loaded,210225,52556,{,"[""general""]"
doc_0320,C:\Work\Answer-Aware-parser\sample_corpus\dev\8b50769888d9c8b5898ac2fb77c1af23.pdf,8b50769888d9c8b5898ac2fb77c1af23.pdf,.pdf,520127,2026-07-01T23:04:40,pdf,empty,0,0,%PDF-1.3,"[""general""]"
doc_0321,C:\Work\Answer-Aware-parser\sample_corpus\dev\8c4cc201460e6703dc58f5d07900f34b.json,8c4cc201460e6703dc58f5d07900f34b.json,.json,27866,2026-07-01T23:04:14,json,loaded,46342,11586,{,"[""finance""]"
doc_0322,C:\Work\Answer-Aware-parser\sample_corpus\dev\8c4cc201460e6703dc58f5d07900f34b.pdf,8c4cc201460e6703dc58f5d07900f34b.pdf,.pdf,37679,2026-07-01T23:04:33,pdf,empty,0,0,%PDF-1.3,"[""general""]"
doc_0323,C:\Work\Answer-Aware-parser\sample_corpus\dev\8d472aec776745e1c7678f8cc54c3b41.json,8d472aec776745e1c7678f8cc54c3b41.json,.json,54047,2026-07-01T23:04:30,json,loaded,93336,23334,{,"[""finance""]"
doc_0324,C:\Work\Answer-Aware-parser\sample_corpus\dev\8d472aec776745e1c7678f8cc54c3b41.pdf,8d472aec776745e1c7678f8cc54c3b41.pdf,.pdf,388597,2026-07-01T23:04:14,pdf,empty,0,0,%PDF-1.3,"[""general""]"
doc_0325,C:\Work\Answer-Aware-parser\sample_corpus\dev\8f9110a2af02383fbae1dd8502df63a0.json,8f9110a2af02383fbae1dd8502df63a0.json,.json,71637,2026-07-01T23:04:28,json,loaded,120155,30039,{,"[""general""]"
doc_0326,C:\Work\Answer-Aware-parser\sample_corpus\dev\8f9110a2af02383fbae1dd8502df63a0.pdf,8f9110a2af02383fbae1dd8502df63a0.pdf,.pdf,100462,2026-07-01T23:04:19,pdf,empty,0,0,%PDF-1.3,"[""general""]"
doc_0327,C:\Work\Answer-Aware-parser\sample_corpus\dev\92ab4c71945163474b3117146a87a904.json,92ab4c71945163474b3117146a87a904.json,.json,79830,2026-07-01T23:04:35,json,loaded,136081,34020,{,"[""finance""]"
doc_0328,C:\Work\Answer-Aware-parser\sample_corpus\dev\92ab4c71945163474b3117146a87a904.pdf,92ab4c71945163474b3117146a87a904.pdf,.pdf,137250,2026-07-01T23:04:32,pdf,empty,0,0,%PDF-1.3,"[""general""]"
doc_0329,C:\Work\Answer-Aware-parser\sample_corpus\dev\9369cf38757ad3e31c53eb5e8304934e.json,9369cf38757ad3e31c53eb5e8304934e.json,.json,163735,2026-07-01T23:04:29,json,loaded,273637,68409,{,"[""general""]"
doc_0330,C:\Work\Answer-Aware-parser\sample_corpus\dev\9369cf38757ad3e31c53eb5e8304934e.pdf,9369cf38757ad3e31c53eb5e8304934e.pdf,.pdf,151691,2026-07-01T23:04:33,pdf,empty,0,0,%PDF-1.3,"[""general""]"
doc_0331,C:\Work\Answer-Aware-parser\sample_corpus\dev\9544ff11d8cbf26d00cf938987d04623.json,9544ff11d8cbf26d00cf938987d04623.json,.json,61302,2026-07-01T23:04:15,json,loaded,99097,24774,{,"[""general""]"
doc_0332,C:\Work\Answer-Aware-parser\sample_corpus\dev\9544ff11d8cbf26d00cf938987d04623.pdf,9544ff11d8cbf26d00cf938987d04623.pdf,.pdf,5698086,2026-07-01T23:04:38,pdf,empty,0,0,%PDF-1.3,"[""general""]"
doc_0333,C:\Work\Answer-Aware-parser\sample_corpus\dev\95698af7a9bbee9d0958a3f79a634e7d.json,95698af7a9bbee9d0958a3f79a634e7d.json,.json,88312,2026-07-01T23:04:27,json,loaded,156042,39010,{,"[""general""]"
doc_0334,C:\Work\Answer-Aware-parser\sample_corpus\dev\95698af7a9bbee9d0958a3f79a634e7d.pdf,95698af7a9bbee9d0958a3f79a634e7d.pdf,.pdf,39132,2026-07-01T23:04:37,pdf,empty,0,0,%PDF-1.3,"[""general""]"
doc_0335,C:\Work\Answer-Aware-parser\sample_corpus\dev\9628b6f3810590dd49e225f5d057920c.json,9628b6f3810590dd49e225f5d057920c.json,.json,103861,2026-07-01T23:04:33,json,loaded,179140,44785,{,"[""general""]"
doc_0336,C:\Work\Answer-Aware-parser\sample_corpus\dev\9628b6f3810590dd49e225f5d057920c.pdf,9628b6f3810590dd49e225f5d057920c.pdf,.pdf,1013939,2026-07-01T23:04:30,pdf,empty,0,0,%PDF-1.3,"[""general""]"
doc_0337,C:\Work\Answer-Aware-parser\sample_corpus\dev\968ba4b086ad4f6395d4a5949bc482ed.json,968ba4b086ad4f6395d4a5949bc482ed.json,.json,71446,2026-07-01T23:04:43,json,loaded,122116,30529,{,"[""general""]"
doc_0338,C:\Work\Answer-Aware-parser\sample_corpus\dev\968ba4b086ad4f6395d4a5949bc482ed.pdf,968ba4b086ad4f6395d4a5949bc482ed.pdf,.pdf,45860,2026-07-01T23:04:24,pdf,empty,0,0,%PDF-1.3,"[""general""]"
doc_0339,C:\Work\Answer-Aware-parser\sample_corpus\dev\972c249a31820709d9c89c144de54e9b.json,972c249a31820709d9c89c144de54e9b.json,.json,58522,2026-07-01T23:04:20,json,loaded,92288,23072,{,"[""general""]"
doc_0340,C:\Work\Answer-Aware-parser\sample_corpus\dev\972c249a31820709d9c89c144de54e9b.pdf,972c249a31820709d9c89c144de54e9b.pdf,.pdf,98717,2026-07-01T23:04:24,pdf,empty,0,0,%PDF-1.3,"[""general""]"
doc_0341,C:\Work\Answer-Aware-parser\sample_corpus\dev\9744361f9ac6f6e00ae2ed58d8163526.json,9744361f9ac6f6e00ae2ed58d8163526.json,.json,57427,2026-07-01T23:04:34,json,loaded,97762,24440,{,"[""general""]"
doc_0342,C:\Work\Answer-Aware-parser\sample_corpus\dev\9744361f9ac6f6e00ae2ed58d8163526.pdf,9744361f9ac6f6e00ae2ed58d8163526.pdf,.pdf,22501,2026-07-01T23:04:40,pdf,empty,0,0,%PDF-1.3,"[""general""]"
doc_0343,C:\Work\Answer-Aware-parser\sample_corpus\dev\97a9a4b91711c72e996c74f2c2d406dd.json,97a9a4b91711c72e996c74f2c2d406dd.json,.json,66314,2026-07-01T23:04:24,json,loaded,109940,27485,{,"[""general""]"
doc_0344,C:\Work\Answer-Aware-parser\sample_corpus\dev\97a9a4b91711c72e996c74f2c2d406dd.pdf,97a9a4b91711c72e996c74f2c2d406dd.pdf,.pdf,188335,2026-07-01T23:04:31,pdf,empty,0,0,%PDF-1.3,"[""general""]"
doc_0345,C:\Work\Answer-Aware-parser\sample_corpus\dev\97db84852731c69b87b7967d1f117ff2.json,97db84852731c69b87b7967d1f117ff2.json,.json,93354,2026-07-01T23:04:12,json,loaded,161360,40340,{,"[""general""]"
doc_0346,C:\Work\Answer-Aware-parser\sample_corpus\dev\97db84852731c69b87b7967d1f117ff2.pdf,97db84852731c69b87b7967d1f117ff2.pdf,.pdf,75480,2026-07-01T23:04:33,pdf,empty,0,0,%PDF-1.3,"[""general""]"
doc_0347,C:\Work\Answer-Aware-parser\sample_corpus\dev\97fcbe713b2300efb54a611237131fde.json,97fcbe713b2300efb54a611237131fde.json,.json,66284,2026-07-01T23:04:13,json,loaded,109345,27336,{,"[""general""]"
doc_0348,C:\Work\Answer-Aware-parser\sample_corpus\dev\97fcbe713b2300efb54a611237131fde.pdf,97fcbe713b2300efb54a611237131fde.pdf,.pdf,99995,2026-07-01T23:04:17,pdf,empty,0,0,%PDF-1.3,"[""general""]"
doc_0349,C:\Work\Answer-Aware-parser\sample_corpus\dev\98229d3df2dfc64e05b4e24cc68afd23.json,98229d3df2dfc64e05b4e24cc68afd23.json,.json,147553,2026-07-01T23:04:26,json,loaded,231593,57898,{,"[""general""]"
doc_0350,C:\Work\Answer-Aware-parser\sample_corpus\dev\98229d3df2dfc64e05b4e24cc68afd23.pdf,98229d3df2dfc64e05b4e24cc68afd23.pdf,.pdf,89842,2026-07-01T23:04:15,pdf,empty,0,0,%PDF-1.3,"[""general""]"
doc_0351,C:\Work\Answer-Aware-parser\sample_corpus\dev\9851cbfe840e4fa9347da19611d3f92f.json,9851cbfe840e4fa9347da19611d3f92f.json,.json,114198,2026-07-01T23:04:39,json,loaded,193993,48498,{,"[""general""]"
doc_0352,C:\Work\Answer-Aware-parser\sample_corpus\dev\9851cbfe840e4fa9347da19611d3f92f.pdf,9851cbfe840e4fa9347da19611d3f92f.pdf,.pdf,37798,2026-07-01T23:04:32,pdf,empty,0,0,%PDF-1.3,"[""general""]"
doc_0353,C:\Work\Answer-Aware-parser\sample_corpus\dev\9880aa565d2c2df80761a22d09d38a33.json,9880aa565d2c2df80761a22d09d38a33.json,.json,142919,2026-07-01T23:04:13,json,loaded,254959,63740,{,"[""general""]"
doc_0354,C:\Work\Answer-Aware-parser\sample_corpus\dev\9880aa565d2c2df80761a22d09d38a33.pdf,9880aa565d2c2df80761a22d09d38a33.pdf,.pdf,49555,2026-07-01T23:04:20,pdf,empty,0,0,%PDF-1.3,"[""general""]"
doc_0355,C:\Work\Answer-Aware-parser\sample_corpus\dev\9ae53f38717755a38d1662e5bd81f01e.json,9ae53f38717755a38d1662e5bd81f01e.json,.json,58894,2026-07-01T23:04:32,json,loaded,102050,25512,{,"[""general""]"
doc_0356,C:\Work\Answer-Aware-parser\sample_corpus\dev\9ae53f38717755a38d1662e5bd81f01e.pdf,9ae53f38717755a38d1662e5bd81f01e.pdf,.pdf,18255,2026-07-01T23:04:32,pdf,empty,0,0,%PDF-1.3,"[""general""]"
doc_0357,C:\Work\Answer-Aware-parser\sample_corpus\dev\9b052593abb4e1f04a1e3c0e46895388.json,9b052593abb4e1f04a1e3c0e46895388.json,.json,83407,2026-07-01T23:04:34,json,loaded,140871,35218,{,"[""general""]"
doc_0358,C:\Work\Answer-Aware-parser\sample_corpus\dev\9b052593abb4e1f04a1e3c0e46895388.pdf,9b052593abb4e1f04a1e3c0e46895388.pdf,.pdf,901620,2026-07-01T23:04:28,pdf,empty,0,0,%PDF-1.3,"[""general""]"
doc_0359,C:\Work\Answer-Aware-parser\sample_corpus\dev\a0122a01949c8699796640a0fe55b773.json,a0122a01949c8699796640a0fe55b773.json,.json,311350,2026-07-01T23:04:14,json,loaded,556553,139138,{,"[""general""]"
doc_0360,C:\Work\Answer-Aware-parser\sample_corpus\dev\a0122a01949c8699796640a0fe55b773.pdf,a0122a01949c8699796640a0fe55b773.pdf,.pdf,51725,2026-07-01T23:04:22,pdf,empty,0,0,%PDF-1.3,"[""general""]"
doc_0361,C:\Work\Answer-Aware-parser\sample_corpus\dev\a1fa6a1738a91c97fa63479d34ad2832.json,a1fa6a1738a91c97fa63479d34ad2832.json,.json,98552,2026-07-01T23:04:30,json,loaded,171145,42786,{,"[""general""]"
doc_0362,C:\Work\Answer-Aware-parser\sample_corpus\dev\a1fa6a1738a91c97fa63479d34ad2832.pdf,a1fa6a1738a91c97fa63479d34ad2832.pdf,.pdf,39595,2026-07-01T23:04:30,pdf,empty,0,0,%PDF-1.3,"[""general""]"
doc_0363,C:\Work\Answer-Aware-parser\sample_corpus\dev\a29318c98e1eb76a217a0bb4ab186a63.json,a29318c98e1eb76a217a0bb4ab186a63.json,.json,83474,2026-07-01T23:04:24,json,loaded,145589,36397,{,"[""general""]"
doc_0364,C:\Work\Answer-Aware-parser\sample_corpus\dev\a29318c98e1eb76a217a0bb4ab186a63.pdf,a29318c98e1eb76a217a0bb4ab186a63.pdf,.pdf,79851,2026-07-01T23:04:28,pdf,empty,0,0,%PDF-1.3,"[""general""]"
doc_0365,C:\Work\Answer-Aware-parser\sample_corpus\dev\a439e497dcd9dba6faef30e08235b44a.json,a439e497dcd9dba6faef30e08235b44a.json,.json,86044,2026-07-01T23:04:24,json,loaded,143296,35824,{,"[""general""]"
doc_0366,C:\Work\Answer-Aware-parser\sample_corpus\dev\a439e497dcd9dba6faef30e08235b44a.pdf,a439e497dcd9dba6faef30e08235b44a.pdf,.pdf,60787,2026-07-01T23:04:15,pdf,empty,0,0,%PDF-1.3,"[""general""]"
doc_0367,C:\Work\Answer-Aware-parser\sample_corpus\dev\a571916433e6c8333e7d86057e82613b.json,a571916433e6c8333e7d86057e82613b.json,.json,73891,2026-07-01T23:04:14,json,loaded,122885,30721,{,"[""general""]"
doc_0368,C:\Work\Answer-Aware-parser\sample_corpus\dev\a571916433e6c8333e7d86057e82613b.pdf,a571916433e6c8333e7d86057e82613b.pdf,.pdf,21160,2026-07-01T23:04:15,pdf,empty,0,0,%PDF-1.3,"[""general""]"
doc_0369,C:\Work\Answer-Aware-parser\sample_corpus\dev\a62c00f8a92864a6e198b67593066a9d.json,a62c00f8a92864a6e198b67593066a9d.json,.json,85105,2026-07-01T23:04:20,json,loaded,141884,35471,{,"[""hr""]"
doc_0370,C:\Work\Answer-Aware-parser\sample_corpus\dev\a62c00f8a92864a6e198b67593066a9d.pdf,a62c00f8a92864a6e198b67593066a9d.pdf,.pdf,137939,2026-07-01T23:04:35,pdf,empty,0,0,%PDF-1.3,"[""general""]"
doc_0371,C:\Work\Answer-Aware-parser\sample_corpus\dev\a77f7d2fca35b7b3be7f0f4f68ff9caf.json,a77f7d2fca35b7b3be7f0f4f68ff9caf.json,.json,37764,2026-07-01T23:04:24,json,loaded,63555,15889,{,"[""finance""]"
doc_0372,C:\Work\Answer-Aware-parser\sample_corpus\dev\a77f7d2fca35b7b3be7f0f4f68ff9caf.pdf,a77f7d2fca35b7b3be7f0f4f68ff9caf.pdf,.pdf,29587,2026-07-01T23:04:29,pdf,empty,0,0,%PDF-1.3,"[""general""]"
doc_0373,C:\Work\Answer-Aware-parser\sample_corpus\dev\a81aeb326be400ffa8a11fb4e9b54f8d.json,a81aeb326be400ffa8a11fb4e9b54f8d.json,.json,57211,2026-07-01T23:04:39,json,loaded,100034,25008,{,"[""general""]"
doc_0374,C:\Work\Answer-Aware-parser\sample_corpus\dev\a81aeb326be400ffa8a11fb4e9b54f8d.pdf,a81aeb326be400ffa8a11fb4e9b54f8d.pdf,.pdf,93881,2026-07-01T23:04:39,pdf,empty,0,0,%PDF-1.3,"[""general""]"
doc_0375,C:\Work\Answer-Aware-parser\sample_corpus\dev\a9345e3ab3e157170a8765bc3f34d628.json,a9345e3ab3e157170a8765bc3f34d628.json,.json,78131,2026-07-01T23:04:44,json,loaded,130162,32540,{,"[""finance""]"
doc_0376,C:\Work\Answer-Aware-parser\sample_corpus\dev\a9345e3ab3e157170a8765bc3f34d628.pdf,a9345e3ab3e157170a8765bc3f34d628.pdf,.pdf,27700,2026-07-01T23:04:26,pdf,empty,0,0,%PDF-1.3,"[""general""]"
doc_0377,C:\Work\Answer-Aware-parser\sample_corpus\dev\a956b9e636892385294674ee71b0996f.json,a956b9e636892385294674ee71b0996f.json,.json,87289,2026-07-01T23:04:35,json,loaded,150881,37720,{,"[""general""]"
doc_0378,C:\Work\Answer-Aware-parser\sample_corpus\dev\a956b9e636892385294674ee71b0996f.pdf,a956b9e636892385294674ee71b0996f.pdf,.pdf,1101066,2026-07-01T23:04:16,pdf,empty,0,0,%PDF-1.3,"[""general""]"
doc_0379,C:\Work\Answer-Aware-parser\sample_corpus\dev\aadee7d6bf99ffa6eb0b3c4889af7103.json,aadee7d6bf99ffa6eb0b3c4889af7103.json,.json,104651,2026-07-01T23:04:39,json,loaded,181388,45347,{,"[""general""]"
doc_0380,C:\Work\Answer-Aware-parser\sample_corpus\dev\aadee7d6bf99ffa6eb0b3c4889af7103.pdf,aadee7d6bf99ffa6eb0b3c4889af7103.pdf,.pdf,565178,2026-07-01T23:04:19,pdf,empty,0,0,%PDF-1.3,"[""general""]"
doc_0381,C:\Work\Answer-Aware-parser\sample_corpus\dev\ab0835f3e9b1c97629e6f370675a4a50.json,ab0835f3e9b1c97629e6f370675a4a50.json,.json,70881,2026-07-01T23:04:44,json,loaded,120127,30032,{,"[""finance""]"
doc_0382,C:\Work\Answer-Aware-parser\sample_corpus\dev\ab0835f3e9b1c97629e6f370675a4a50.pdf,ab0835f3e9b1c97629e6f370675a4a50.pdf,.pdf,47345,2026-07-01T23:04:27,pdf,empty,0,0,%PDF-1.3,"[""general""]"
doc_0383,C:\Work\Answer-Aware-parser\sample_corpus\dev\ab225e1fd89d40d38ef20ae2289a6bc0.json,ab225e1fd89d40d38ef20ae2289a6bc0.json,.json,53447,2026-07-01T23:04:15,json,loaded,84705,21176,{,"[""general""]"
doc_0384,C:\Work\Answer-Aware-parser\sample_corpus\dev\ab225e1fd89d40d38ef20ae2289a6bc0.pdf,ab225e1fd89d40d38ef20ae2289a6bc0.pdf,.pdf,39591,2026-07-01T23:04:28,pdf,empty,0,0,%PDF-1.3,"[""general""]"
doc_0385,C:\Work\Answer-Aware-parser\sample_corpus\dev\ab3188758e9fa578b1396c5e74de50b2.json,ab3188758e9fa578b1396c5e74de50b2.json,.json,176893,2026-07-01T23:04:38,json,loaded,296493,74123,{,"[""general""]"
doc_0386,C:\Work\Answer-Aware-parser\sample_corpus\dev\ab3188758e9fa578b1396c5e74de50b2.pdf,ab3188758e9fa578b1396c5e74de50b2.pdf,.pdf,1101124,2026-07-01T23:04:39,pdf,empty,0,0,%PDF-1.3,"[""general""]"
doc_0387,C:\Work\Answer-Aware-parser\sample_corpus\dev\ad4a7e874ca9fb1684c3dd056b8cf966.json,ad4a7e874ca9fb1684c3dd056b8cf966.json,.json,68020,2026-07-01T23:04:37,json,loaded,106705,26676,{,"[""general""]"
doc_0388,C:\Work\Answer-Aware-parser\sample_corpus\dev\ad4a7e874ca9fb1684c3dd056b8cf966.pdf,ad4a7e874ca9fb1684c3dd056b8cf966.pdf,.pdf,114182,2026-07-01T23:04:13,pdf,empty,0,0,%PDF-1.3,"[""general""]"
doc_0389,C:\Work\Answer-Aware-parser\sample_corpus\dev\adaad2efcb109915eb3a70e2d992555c.json,adaad2efcb109915eb3a70e2d992555c.json,.json,98127,2026-07-01T23:04:42,json,loaded,168155,42039,{,"[""general""]"
doc_0390,C:\Work\Answer-Aware-parser\sample_corpus\dev\adaad2efcb109915eb3a70e2d992555c.pdf,adaad2efcb109915eb3a70e2d992555c.pdf,.pdf,51295,2026-07-01T23:04:25,pdf,empty,0,0,%PDF-1.3,"[""general""]"
doc_0391,C:\Work\Answer-Aware-parser\sample_corpus\dev\b067d384a24b8710f28f32274947dc51.json,b067d384a24b8710f28f32274947dc51.json,.json,169725,2026-07-01T23:04:31,json,loaded,283504,70876,{,"[""general""]"
doc_0392,C:\Work\Answer-Aware-parser\sample_corpus\dev\b067d384a24b8710f28f32274947dc51.pdf,b067d384a24b8710f28f32274947dc51.pdf,.pdf,7082350,2026-07-01T23:04:38,pdf,empty,0,0,%PDF-1.3,"[""general""]"
doc_0393,C:\Work\Answer-Aware-parser\sample_corpus\dev\b16e4c159791654187742d7ecc49f3cd.json,b16e4c159791654187742d7ecc49f3cd.json,.json,241769,2026-07-01T23:04:33,json,loaded,429701,107425,{,"[""general""]"
doc_0394,C:\Work\Answer-Aware-parser\sample_corpus\dev\b16e4c159791654187742d7ecc49f3cd.pdf,b16e4c159791654187742d7ecc49f3cd.pdf,.pdf,35619,2026-07-01T23:04:29,pdf,empty,0,0,%PDF-1.3,"[""general""]"
doc_0395,C:\Work\Answer-Aware-parser\sample_corpus\dev\b1bbed800169b4bf41b4a56b5f5b51b8.json,b1bbed800169b4bf41b4a56b5f5b51b8.json,.json,65651,2026-07-01T23:04:18,json,loaded,108368,27092,{,"[""general""]"
doc_0396,C:\Work\Answer-Aware-parser\sample_corpus\dev\b1bbed800169b4bf41b4a56b5f5b51b8.pdf,b1bbed800169b4bf41b4a56b5f5b51b8.pdf,.pdf,37833,2026-07-01T23:04:20,pdf,empty,0,0,%PDF-1.3,"[""general""]"
doc_0397,C:\Work\Answer-Aware-parser\sample_corpus\dev\b356c7d1cb958fd4522d0248f18290a2.json,b356c7d1cb958fd4522d0248f18290a2.json,.json,54714,2026-07-01T23:04:24,json,loaded,81426,20356,{,"[""general""]"
doc_0398,C:\Work\Answer-Aware-parser\sample_corpus\dev\b356c7d1cb958fd4522d0248f18290a2.pdf,b356c7d1cb958fd4522d0248f18290a2.pdf,.pdf,130957,2026-07-01T23:04:35,pdf,empty,0,0,%PDF-1.3,"[""general""]"
doc_0399,C:\Work\Answer-Aware-parser\sample_corpus\dev\b4b921e8e4d4451df5ecaffd8e855419.json,b4b921e8e4d4451df5ecaffd8e855419.json,.json,86569,2026-07-01T23:04:41,json,loaded,151216,37804,{,"[""finance""]"
doc_0400,C:\Work\Answer-Aware-parser\sample_corpus\dev\b4b921e8e4d4451df5ecaffd8e855419.pdf,b4b921e8e4d4451df5ecaffd8e855419.pdf,.pdf,5327981,2026-07-01T23:04:39,pdf,empty,0,0,%PDF-1.3,"[""general""]"
doc_0401,C:\Work\Answer-Aware-parser\sample_corpus\dev\b687a39070d35e4ed8fe2ea8635b09fa.json,b687a39070d35e4ed8fe2ea8635b09fa.json,.json,58437,2026-07-01T23:04:26,json,loaded,94828,23707,{,"[""general""]"
doc_0402,C:\Work\Answer-Aware-parser\sample_corpus\dev\b687a39070d35e4ed8fe2ea8635b09fa.pdf,b687a39070d35e4ed8fe2ea8635b09fa.pdf,.pdf,71886,2026-07-01T23:04:36,pdf,empty,0,0,%PDF-1.3,"[""general""]"
doc_0403,C:\Work\Answer-Aware-parser\sample_corpus\dev\b6f7c410a8a683440fe2692e4458209f.json,b6f7c410a8a683440fe2692e4458209f.json,.json,79108,2026-07-01T23:04:19,json,loaded,131662,32916,{,"[""general""]"
doc_0404,C:\Work\Answer-Aware-parser\sample_corpus\dev\b6f7c410a8a683440fe2692e4458209f.pdf,b6f7c410a8a683440fe2692e4458209f.pdf,.pdf,48172,2026-07-01T23:04:43,pdf,empty,0,0,%PDF-1.3,"[""general""]"
doc_0405,C:\Work\Answer-Aware-parser\sample_corpus\dev\b7ca9197512c59935aef8cfee1a33000.json,b7ca9197512c59935aef8cfee1a33000.json,.json,96246,2026-07-01T23:04:17,json,loaded,164200,41050,{,"[""general""]"
doc_0406,C:\Work\Answer-Aware-parser\sample_corpus\dev\b7ca9197512c59935aef8cfee1a33000.pdf,b7ca9197512c59935aef8cfee1a33000.pdf,.pdf,175324,2026-07-01T23:04:43,pdf,empty,0,0,%PDF-1.3,"[""general""]"
doc_0407,C:\Work\Answer-Aware-parser\sample_corpus\dev\b9dea5093a6d0a12ce4165c54a90b7bb.json,b9dea5093a6d0a12ce4165c54a90b7bb.json,.json,80740,2026-07-01T23:04:32,json,loaded,142930,35732,{,"[""general""]"
doc_0408,C:\Work\Answer-Aware-parser\sample_corpus\dev\b9dea5093a6d0a12ce4165c54a90b7bb.pdf,b9dea5093a6d0a12ce4165c54a90b7bb.pdf,.pdf,67098,2026-07-01T23:04:39,pdf,empty,0,0,%PDF-1.3,"[""general""]"
doc_0409,C:\Work\Answer-Aware-parser\sample_corpus\dev\bc371284087dd45e5e804b2664b57d4c.json,bc371284087dd45e5e804b2664b57d4c.json,.json,108735,2026-07-01T23:04:41,json,loaded,190803,47701,{,"[""general""]"
doc_0410,C:\Work\Answer-Aware-parser\sample_corpus\dev\bc371284087dd45e5e804b2664b57d4c.pdf,bc371284087dd45e5e804b2664b57d4c.pdf,.pdf,11587763,2026-07-01T23:04:22,pdf,empty,0,0,%PDF-1.3,"[""general""]"
doc_0411,C:\Work\Answer-Aware-parser\sample_corpus\dev\bc7e0ca802d8a74f19fe3141780fa6df.json,bc7e0ca802d8a74f19fe3141780fa6df.json,.json,73823,2026-07-01T23:04:16,json,loaded,125198,31300,{,"[""general""]"
doc_0412,C:\Work\Answer-Aware-parser\sample_corpus\dev\bc7e0ca802d8a74f19fe3141780fa6df.pdf,bc7e0ca802d8a74f19fe3141780fa6df.pdf,.pdf,123022,2026-07-01T23:04:21,pdf,empty,0,0,%PDF-1.3,"[""general""]"
doc_0413,C:\Work\Answer-Aware-parser\sample_corpus\dev\bd45c8b1e606fc10e96ca3ee70e7c2cc.json,bd45c8b1e606fc10e96ca3ee70e7c2cc.json,.json,62776,2026-07-01T23:04:16,json,loaded,101448,25362,{,"[""finance""]"
doc_0414,C:\Work\Answer-Aware-parser\sample_corpus\dev\bd45c8b1e606fc10e96ca3ee70e7c2cc.pdf,bd45c8b1e606fc10e96ca3ee70e7c2cc.pdf,.pdf,525531,2026-07-01T23:04:37,pdf,empty,0,0,%PDF-1.3,"[""general""]"
doc_0415,C:\Work\Answer-Aware-parser\sample_corpus\dev\bd8dde7dd4ad872a3aeda8c0b9168035.json,bd8dde7dd4ad872a3aeda8c0b9168035.json,.json,229203,2026-07-01T23:04:24,json,loaded,403424,100856,{,"[""general""]"
doc_0416,C:\Work\Answer-Aware-parser\sample_corpus\dev\bd8dde7dd4ad872a3aeda8c0b9168035.pdf,bd8dde7dd4ad872a3aeda8c0b9168035.pdf,.pdf,413058,2026-07-01T23:04:43,pdf,empty,0,0,%PDF-1.3,"[""general""]"
doc_0417,C:\Work\Answer-Aware-parser\sample_corpus\dev\bdb498d116ca9befd99403eff747c617.json,bdb498d116ca9befd99403eff747c617.json,.json,85276,2026-07-01T23:04:28,json,loaded,151595,37899,{,"[""general""]"
doc_0418,C:\Work\Answer-Aware-parser\sample_corpus\dev\bdb498d116ca9befd99403eff747c617.pdf,bdb498d116ca9befd99403eff747c617.pdf,.pdf,81485,2026-07-01T23:04:28,pdf,empty,0,0,%PDF-1.3,"[""general""]"
doc_0419,C:\Work\Answer-Aware-parser\sample_corpus\dev\be1ff9471527bbb2352e282a6d3950e9.json,be1ff9471527bbb2352e282a6d3950e9.json,.json,70139,2026-07-01T23:04:15,json,loaded,123360,30840,{,"[""general""]"
doc_0420,C:\Work\Answer-Aware-parser\sample_corpus\dev\be1ff9471527bbb2352e282a6d3950e9.pdf,be1ff9471527bbb2352e282a6d3950e9.pdf,.pdf,25309,2026-07-01T23:04:27,pdf,empty,0,0,%PDF-1.3,"[""general""]"
doc_0421,C:\Work\Answer-Aware-parser\sample_corpus\dev\bea5b48643284baaf8131a5a441e9486.json,bea5b48643284baaf8131a5a441e9486.json,.json,105120,2026-07-01T23:04:36,json,loaded,181559,45390,{,"[""general""]"
doc_0422,C:\Work\Answer-Aware-parser\sample_corpus\dev\bea5b48643284baaf8131a5a441e9486.pdf,bea5b48643284baaf8131a5a441e9486.pdf,.pdf,398942,2026-07-01T23:04:29,pdf,empty,0,0,%PDF-1.3,"[""general""]"
doc_0423,C:\Work\Answer-Aware-parser\sample_corpus\dev\bebdd12d7bc87844a4e7e91d0f34f3e6.json,bebdd12d7bc87844a4e7e91d0f34f3e6.json,.json,61020,2026-07-01T23:04:45,json,loaded,92805,23201,{,"[""general""]"
doc_0424,C:\Work\Answer-Aware-parser\sample_corpus\dev\bebdd12d7bc87844a4e7e91d0f34f3e6.pdf,bebdd12d7bc87844a4e7e91d0f34f3e6.pdf,.pdf,471569,2026-07-01T23:04:35,pdf,empty,0,0,%PDF-1.3,"[""general""]"
doc_0425,C:\Work\Answer-Aware-parser\sample_corpus\dev\bf53025254bf57a1a13b4a3c7cc841c1.json,bf53025254bf57a1a13b4a3c7cc841c1.json,.json,77722,2026-07-01T23:04:16,json,loaded,135766,33942,{,"[""general""]"
doc_0426,C:\Work\Answer-Aware-parser\sample_corpus\dev\bf53025254bf57a1a13b4a3c7cc841c1.pdf,bf53025254bf57a1a13b4a3c7cc841c1.pdf,.pdf,22195,2026-07-01T23:04:30,pdf,empty,0,0,%PDF-1.3,"[""general""]"
doc_0427,C:\Work\Answer-Aware-parser\sample_corpus\dev\c0f59dc0805b69629226d293243600c6.json,c0f59dc0805b69629226d293243600c6.json,.json,55021,2026-07-01T23:04:36,json,loaded,96121,24030,{,"[""general""]"
doc_0428,C:\Work\Answer-Aware-parser\sample_corpus\dev\c0f59dc0805b69629226d293243600c6.pdf,c0f59dc0805b69629226d293243600c6.pdf,.pdf,120116,2026-07-01T23:04:42,pdf,empty,0,0,%PDF-1.3,"[""general""]"
doc_0429,C:\Work\Answer-Aware-parser\sample_corpus\dev\c1a59538811a79a31264d57ad8df520e.json,c1a59538811a79a31264d57ad8df520e.json,.json,67979,2026-07-01T23:04:34,json,loaded,115250,28812,{,"[""general""]"
doc_0430,C:\Work\Answer-Aware-parser\sample_corpus\dev\c1a59538811a79a31264d57ad8df520e.pdf,c1a59538811a79a31264d57ad8df520e.pdf,.pdf,5327923,2026-07-01T23:04:24,pdf,empty,0,0,%PDF-1.3,"[""general""]"
doc_0431,C:\Work\Answer-Aware-parser\sample_corpus\dev\c1b5db3823464528abab54605958f30e.json,c1b5db3823464528abab54605958f30e.json,.json,86196,2026-07-01T23:04:39,json,loaded,150440,37610,{,"[""general""]"
doc_0432,C:\Work\Answer-Aware-parser\sample_corpus\dev\c1b5db3823464528abab54605958f30e.pdf,c1b5db3823464528abab54605958f30e.pdf,.pdf,71222,2026-07-01T23:04:33,pdf,empty,0,0,%PDF-1.3,"[""general""]"
doc_0433,C:\Work\Answer-Aware-parser\sample_corpus\dev\c1ea2ff4819e824e68f44b1b60a1cd8a.json,c1ea2ff4819e824e68f44b1b60a1cd8a.json,.json,103135,2026-07-01T23:04:24,json,loaded,187001,46750,{,"[""general""]"
doc_0434,C:\Work\Answer-Aware-parser\sample_corpus\dev\c1ea2ff4819e824e68f44b1b60a1cd8a.pdf,c1ea2ff4819e824e68f44b1b60a1cd8a.pdf,.pdf,124783,2026-07-01T23:04:14,pdf,empty,0,0,%PDF-1.3,"[""general""]"
doc_0435,C:\Work\Answer-Aware-parser\sample_corpus\dev\c52380658b49a38ae20c3668ae03010f.json,c52380658b49a38ae20c3668ae03010f.json,.json,171005,2026-07-01T23:04:22,json,loaded,302470,75618,{,"[""general""]"
doc_0436,C:\Work\Answer-Aware-parser\sample_corpus\dev\c52380658b49a38ae20c3668ae03010f.pdf,c52380658b49a38ae20c3668ae03010f.pdf,.pdf,82450,2026-07-01T23:04:13,pdf,empty,0,0,%PDF-1.3,"[""general""]"
doc_0437,C:\Work\Answer-Aware-parser\sample_corpus\dev\c925a45ca827b9f90901cd5cec26a8ff.json,c925a45ca827b9f90901cd5cec26a8ff.json,.json,66956,2026-07-01T23:04:41,json,loaded,104556,26139,{,"[""general""]"
doc_0438,C:\Work\Answer-Aware-parser\sample_corpus\dev\c925a45ca827b9f90901cd5cec26a8ff.pdf,c925a45ca827b9f90901cd5cec26a8ff.pdf,.pdf,96977,2026-07-01T23:04:36,pdf,empty,0,0,%PDF-1.3,"[""general""]"
doc_0439,C:\Work\Answer-Aware-parser\sample_corpus\dev\cbedfa7d1e1d0ba3aa51b369c3969f59.json,cbedfa7d1e1d0ba3aa51b369c3969f59.json,.json,79113,2026-07-01T23:04:20,json,loaded,139600,34900,{,"[""general""]"
doc_0440,C:\Work\Answer-Aware-parser\sample_corpus\dev\cbedfa7d1e1d0ba3aa51b369c3969f59.pdf,cbedfa7d1e1d0ba3aa51b369c3969f59.pdf,.pdf,129168,2026-07-01T23:04:29,pdf,empty,0,0,%PDF-1.3,"[""general""]"
doc_0441,C:\Work\Answer-Aware-parser\sample_corpus\dev\cc19c08945584b4a51509782cdb75c0c.json,cc19c08945584b4a51509782cdb75c0c.json,.json,75565,2026-07-01T23:04:13,json,loaded,125440,31360,{,"[""general""]"
doc_0442,C:\Work\Answer-Aware-parser\sample_corpus\dev\cc19c08945584b4a51509782cdb75c0c.pdf,cc19c08945584b4a51509782cdb75c0c.pdf,.pdf,142824,2026-07-01T23:04:41,pdf,empty,0,0,%PDF-1.3,"[""general""]"
doc_0443,C:\Work\Answer-Aware-parser\sample_corpus\dev\cc241dab764b5292039e0a03ee94332f.json,cc241dab764b5292039e0a03ee94332f.json,.json,79027,2026-07-01T23:04:29,json,loaded,134808,33702,{,"[""general""]"
doc_0444,C:\Work\Answer-Aware-parser\sample_corpus\dev\cc241dab764b5292039e0a03ee94332f.pdf,cc241dab764b5292039e0a03ee94332f.pdf,.pdf,105697,2026-07-01T23:04:36,pdf,empty,0,0,%PDF-1.3,"[""general""]"
doc_0445,C:\Work\Answer-Aware-parser\sample_corpus\dev\ce2918538276e2b554a09aa77b2b24a7.json,ce2918538276e2b554a09aa77b2b24a7.json,.json,112252,2026-07-01T23:04:23,json,loaded,190048,47512,{,"[""general""]"
doc_0446,C:\Work\Answer-Aware-parser\sample_corpus\dev\ce2918538276e2b554a09aa77b2b24a7.pdf,ce2918538276e2b554a09aa77b2b24a7.pdf,.pdf,65187,2026-07-01T23:04:26,pdf,empty,0,0,%PDF-1.3,"[""general""]"
doc_0447,C:\Work\Answer-Aware-parser\sample_corpus\dev\cfa6417cbf98f8000aa0338d59486362.json,cfa6417cbf98f8000aa0338d59486362.json,.json,90510,2026-07-01T23:04:13,json,loaded,153839,38460,{,"[""general""]"
doc_0448,C:\Work\Answer-Aware-parser\sample_corpus\dev\cfa6417cbf98f8000aa0338d59486362.pdf,cfa6417cbf98f8000aa0338d59486362.pdf,.pdf,1101066,2026-07-01T23:04:25,pdf,empty,0,0,%PDF-1.3,"[""general""]"
doc_0449,C:\Work\Answer-Aware-parser\sample_corpus\dev\d19b1157e1005318026d196a804c3eec.json,d19b1157e1005318026d196a804c3eec.json,.json,53005,2026-07-01T23:04:33,json,loaded,86401,21600,{,"[""general""]"
doc_0450,C:\Work\Answer-Aware-parser\sample_corpus\dev\d19b1157e1005318026d196a804c3eec.pdf,d19b1157e1005318026d196a804c3eec.pdf,.pdf,11923,2026-07-01T23:04:31,pdf,empty,0,0,%PDF-1.3,"[""general""]"
doc_0451,C:\Work\Answer-Aware-parser\sample_corpus\dev\d34b054dc1d89d6d35611bc6ca8d3f84.json,d34b054dc1d89d6d35611bc6ca8d3f84.json,.json,74314,2026-07-01T23:04:18,json,loaded,123195,30799,{,"[""general""]"
doc_0452,C:\Work\Answer-Aware-parser\sample_corpus\dev\d34b054dc1d89d6d35611bc6ca8d3f84.pdf,d34b054dc1d89d6d35611bc6ca8d3f84.pdf,.pdf,516076,2026-07-01T23:04:25,pdf,empty,0,0,%PDF-1.3,"[""general""]"
doc_0453,C:\Work\Answer-Aware-parser\sample_corpus\dev\d42563cf39d0373f4f014767aa3a63ad.json,d42563cf39d0373f4f014767aa3a63ad.json,.json,61947,2026-07-01T23:04:19,json,loaded,102272,25568,{,"[""general""]"
doc_0454,C:\Work\Answer-Aware-parser\sample_corpus\dev\d42563cf39d0373f4f014767aa3a63ad.pdf,d42563cf39d0373f4f014767aa3a63ad.pdf,.pdf,135917,2026-07-01T23:04:19,pdf,empty,0,0,%PDF-1.3,"[""general""]"
doc_0455,C:\Work\Answer-Aware-parser\sample_corpus\dev\d579210362fcb9f807f7750b54cffcbe.json,d579210362fcb9f807f7750b54cffcbe.json,.json,46734,2026-07-01T23:04:39,json,loaded,78021,19505,{,"[""general""]"
doc_0456,C:\Work\Answer-Aware-parser\sample_corpus\dev\d579210362fcb9f807f7750b54cffcbe.pdf,d579210362fcb9f807f7750b54cffcbe.pdf,.pdf,27044,2026-07-01T23:04:34,pdf,empty,0,0,%PDF-1.3,"[""general""]"
doc_0457,C:\Work\Answer-Aware-parser\sample_corpus\dev\d5d739657785641f4689be3d234e0a8f.json,d5d739657785641f4689be3d234e0a8f.json,.json,65643,2026-07-01T23:04:26,json,loaded,113006,28252,{,"[""general""]"
doc_0458,C:\Work\Answer-Aware-parser\sample_corpus\dev\d5d739657785641f4689be3d234e0a8f.pdf,d5d739657785641f4689be3d234e0a8f.pdf,.pdf,69128,2026-07-01T23:04:12,pdf,empty,0,0,%PDF-1.3,"[""general""]"
doc_0459,C:\Work\Answer-Aware-parser\sample_corpus\dev\d627a8321046e289ef994162d76432eb.json,d627a8321046e289ef994162d76432eb.json,.json,67733,2026-07-01T23:04:18,json,loaded,114117,28529,{,"[""general""]"
doc_0460,C:\Work\Answer-Aware-parser\sample_corpus\dev\d627a8321046e289ef994162d76432eb.pdf,d627a8321046e289ef994162d76432eb.pdf,.pdf,73019,2026-07-01T23:04:22,pdf,empty,0,0,%PDF-1.3,"[""general""]"
doc_0461,C:\Work\Answer-Aware-parser\sample_corpus\dev\d7046a455688707967b8cdc411c16b2d.json,d7046a455688707967b8cdc411c16b2d.json,.json,158018,2026-07-01T23:04:25,json,loaded,279192,69798,{,"[""general""]"
doc_0462,C:\Work\Answer-Aware-parser\sample_corpus\dev\d7046a455688707967b8cdc411c16b2d.pdf,d7046a455688707967b8cdc411c16b2d.pdf,.pdf,761943,2026-07-01T23:04:40,pdf,empty,0,0,%PDF-1.3,"[""general""]"
doc_0463,C:\Work\Answer-Aware-parser\sample_corpus\dev\d7b3282af1c3f4a52958cb156b6cca98.json,d7b3282af1c3f4a52958cb156b6cca98.json,.json,66043,2026-07-01T23:04:12,json,loaded,115644,28911,{,"[""general""]"
doc_0464,C:\Work\Answer-Aware-parser\sample_corpus\dev\d7b3282af1c3f4a52958cb156b6cca98.pdf,d7b3282af1c3f4a52958cb156b6cca98.pdf,.pdf,106116,2026-07-01T23:04:45,pdf,empty,0,0,%PDF-1.3,"[""general""]"
doc_0465,C:\Work\Answer-Aware-parser\sample_corpus\dev\d9fe5c766ae2316afe0399e754160e75.json,d9fe5c766ae2316afe0399e754160e75.json,.json,112962,2026-07-01T23:04:31,json,loaded,190988,47747,{,"[""general""]"
doc_0466,C:\Work\Answer-Aware-parser\sample_corpus\dev\d9fe5c766ae2316afe0399e754160e75.pdf,d9fe5c766ae2316afe0399e754160e75.pdf,.pdf,761943,2026-07-01T23:04:34,pdf,empty,0,0,%PDF-1.3,"[""general""]"
doc_0467,C:\Work\Answer-Aware-parser\sample_corpus\dev\da3406d416687337a768901dd9e57002.json,da3406d416687337a768901dd9e57002.json,.json,66787,2026-07-01T23:04:12,json,loaded,113531,28383,{,"[""general""]"
doc_0468,C:\Work\Answer-Aware-parser\sample_corpus\dev\da3406d416687337a768901dd9e57002.pdf,da3406d416687337a768901dd9e57002.pdf,.pdf,90769,2026-07-01T23:04:28,pdf,empty,0,0,%PDF-1.3,"[""general""]"
doc_0469,C:\Work\Answer-Aware-parser\sample_corpus\dev\db42f6e5a29d64137be36d103f88f114.json,db42f6e5a29d64137be36d103f88f114.json,.json,90882,2026-07-01T23:04:21,json,loaded,158044,39511,{,"[""finance""]"
doc_0470,C:\Work\Answer-Aware-parser\sample_corpus\dev\db42f6e5a29d64137be36d103f88f114.pdf,db42f6e5a29d64137be36d103f88f114.pdf,.pdf,71049,2026-07-01T23:04:13,pdf,empty,0,0,%PDF-1.3,"[""general""]"
doc_0471,C:\Work\Answer-Aware-parser\sample_corpus\dev\dc59e01b03589b2a12158d6ac26b1764.json,dc59e01b03589b2a12158d6ac26b1764.json,.json,38859,2026-07-01T23:04:43,json,loaded,57664,14416,{,"[""finance""]"
doc_0472,C:\Work\Answer-Aware-parser\sample_corpus\dev\dc59e01b03589b2a12158d6ac26b1764.pdf,dc59e01b03589b2a12158d6ac26b1764.pdf,.pdf,45431,2026-07-01T23:04:21,pdf,empty,0,0,%PDF-1.3,"[""general""]"
doc_0473,C:\Work\Answer-Aware-parser\sample_corpus\dev\dd59f51fb5ae5c0435b09ab86bb62380.json,dd59f51fb5ae5c0435b09ab86bb62380.json,.json,59364,2026-07-01T23:04:34,json,loaded,99890,24972,{,"[""general""]"
doc_0474,C:\Work\Answer-Aware-parser\sample_corpus\dev\dd59f51fb5ae5c0435b09ab86bb62380.pdf,dd59f51fb5ae5c0435b09ab86bb62380.pdf,.pdf,901518,2026-07-01T23:04:43,pdf,empty,0,0,%PDF-1.3,"[""general""]"
doc_0475,C:\Work\Answer-Aware-parser\sample_corpus\dev\ddeb5e1dd736cbc4c85209f092002c25.json,ddeb5e1dd736cbc4c85209f092002c25.json,.json,64943,2026-07-01T23:04:43,json,loaded,109905,27476,{,"[""general""]"
doc_0476,C:\Work\Answer-Aware-parser\sample_corpus\dev\ddeb5e1dd736cbc4c85209f092002c25.pdf,ddeb5e1dd736cbc4c85209f092002c25.pdf,.pdf,37006,2026-07-01T23:04:19,pdf,empty,0,0,%PDF-1.3,"[""general""]"
doc_0477,C:\Work\Answer-Aware-parser\sample_corpus\dev\deafccde6f90671cc7061dc003242502.json,deafccde6f90671cc7061dc003242502.json,.json,102499,2026-07-01T23:04:33,json,loaded,181876,45469,{,"[""general""]"
doc_0478,C:\Work\Answer-Aware-parser\sample_corpus\dev\deafccde6f90671cc7061dc003242502.pdf,deafccde6f90671cc7061dc003242502.pdf,.pdf,31737,2026-07-01T23:04:19,pdf,empty,0,0,%PDF-1.3,"[""general""]"
doc_0479,C:\Work\Answer-Aware-parser\sample_corpus\dev\e0e37989c1b2a2a688220c3057f07276.json,e0e37989c1b2a2a688220c3057f07276.json,.json,105573,2026-07-01T23:04:41,json,loaded,185773,46443,{,"[""finance""]"
doc_0480,C:\Work\Answer-Aware-parser\sample_corpus\dev\e0e37989c1b2a2a688220c3057f07276.pdf,e0e37989c1b2a2a688220c3057f07276.pdf,.pdf,109787,2026-07-01T23:04:17,pdf,empty,0,0,%PDF-1.3,"[""general""]"
doc_0481,C:\Work\Answer-Aware-parser\sample_corpus\dev\e1205f43bab3275a1587860c41df6a47.json,e1205f43bab3275a1587860c41df6a47.json,.json,33178,2026-07-01T23:04:41,json,loaded,57196,14299,{,"[""finance""]"
doc_0482,C:\Work\Answer-Aware-parser\sample_corpus\dev\e1205f43bab3275a1587860c41df6a47.pdf,e1205f43bab3275a1587860c41df6a47.pdf,.pdf,387641,2026-07-01T23:04:43,pdf,empty,0,0,%PDF-1.3,"[""general""]"
doc_0483,C:\Work\Answer-Aware-parser\sample_corpus\dev\e1ea6e253bcba794b65f0dc1bbe6de58.json,e1ea6e253bcba794b65f0dc1bbe6de58.json,.json,74164,2026-07-01T23:04:13,json,loaded,129492,32373,{,"[""general""]"
doc_0484,C:\Work\Answer-Aware-parser\sample_corpus\dev\e1ea6e253bcba794b65f0dc1bbe6de58.pdf,e1ea6e253bcba794b65f0dc1bbe6de58.pdf,.pdf,35539,2026-07-01T23:04:28,pdf,empty,0,0,%PDF-1.3,"[""general""]"
doc_0485,C:\Work\Answer-Aware-parser\sample_corpus\dev\e2018edc5002efd48cf4cd9a7f7040d3.json,e2018edc5002efd48cf4cd9a7f7040d3.json,.json,93361,2026-07-01T23:04:42,json,loaded,164601,41150,{,"[""general""]"
doc_0486,C:\Work\Answer-Aware-parser\sample_corpus\dev\e2018edc5002efd48cf4cd9a7f7040d3.pdf,e2018edc5002efd48cf4cd9a7f7040d3.pdf,.pdf,1101066,2026-07-01T23:04:25,pdf,empty,0,0,%PDF-1.3,"[""general""]"
doc_0487,C:\Work\Answer-Aware-parser\sample_corpus\dev\e4e4664b412adbfd3b74581378d98328.json,e4e4664b412adbfd3b74581378d98328.json,.json,67607,2026-07-01T23:04:22,json,loaded,118871,29718,{,"[""general""]"
doc_0488,C:\Work\Answer-Aware-parser\sample_corpus\dev\e4e4664b412adbfd3b74581378d98328.pdf,e4e4664b412adbfd3b74581378d98328.pdf,.pdf,85148,2026-07-01T23:04:34,pdf,empty,0,0,%PDF-1.3,"[""general""]"
doc_0489,C:\Work\Answer-Aware-parser\sample_corpus\dev\e65078d0c208393b185d7519fe2f78d5.json,e65078d0c208393b185d7519fe2f78d5.json,.json,78292,2026-07-01T23:04:35,json,loaded,130559,32640,{,"[""general""]"
doc_0490,C:\Work\Answer-Aware-parser\sample_corpus\dev\e65078d0c208393b185d7519fe2f78d5.pdf,e65078d0c208393b185d7519fe2f78d5.pdf,.pdf,901646,2026-07-01T23:04:20,pdf,empty,0,0,%PDF-1.3,"[""general""]"
doc_0491,C:\Work\Answer-Aware-parser\sample_corpus\dev\e75ae83697fa878824fb62a150fa6d92.json,e75ae83697fa878824fb62a150fa6d92.json,.json,197967,2026-07-01T23:04:32,json,loaded,337129,84282,{,"[""general""]"
doc_0492,C:\Work\Answer-Aware-parser\sample_corpus\dev\e75ae83697fa878824fb62a150fa6d92.pdf,e75ae83697fa878824fb62a150fa6d92.pdf,.pdf,62063,2026-07-01T23:04:38,pdf,empty,0,0,%PDF-1.3,"[""general""]"
doc_0493,C:\Work\Answer-Aware-parser\sample_corpus\dev\e82fe68a464836aced21fdc1851c62de.json,e82fe68a464836aced21fdc1851c62de.json,.json,75896,2026-07-01T23:04:13,json,loaded,131773,32943,{,"[""general""]"
doc_0494,C:\Work\Answer-Aware-parser\sample_corpus\dev\e82fe68a464836aced21fdc1851c62de.pdf,e82fe68a464836aced21fdc1851c62de.pdf,.pdf,32803,2026-07-01T23:04:25,pdf,empty,0,0,%PDF-1.3,"[""general""]"
doc_0495,C:\Work\Answer-Aware-parser\sample_corpus\dev\eb2a796ed0547c324297fb88898b9d71.json,eb2a796ed0547c324297fb88898b9d71.json,.json,159833,2026-07-01T23:04:40,json,loaded,271036,67759,{,"[""general""]"
doc_0496,C:\Work\Answer-Aware-parser\sample_corpus\dev\eb2a796ed0547c324297fb88898b9d71.pdf,eb2a796ed0547c324297fb88898b9d71.pdf,.pdf,75457,2026-07-01T23:04:32,pdf,empty,0,0,%PDF-1.3,"[""general""]"
doc_0497,C:\Work\Answer-Aware-parser\sample_corpus\dev\ebcfa7154d3dbc71821a95cf96edd650.json,ebcfa7154d3dbc71821a95cf96edd650.json,.json,79946,2026-07-01T23:04:44,json,loaded,127077,31769,{,"[""general""]"
doc_0498,C:\Work\Answer-Aware-parser\sample_corpus\dev\ebcfa7154d3dbc71821a95cf96edd650.pdf,ebcfa7154d3dbc71821a95cf96edd650.pdf,.pdf,460786,2026-07-01T23:04:21,pdf,empty,0,0,%PDF-1.3,"[""general""]"
doc_0499,C:\Work\Answer-Aware-parser\sample_corpus\dev\ebe506af4513b9a66648736a121cf46b.json,ebe506af4513b9a66648736a121cf46b.json,.json,131642,2026-07-01T23:04:37,json,loaded,214821,53705,{,"[""general""]"
doc_0500,C:\Work\Answer-Aware-parser\sample_corpus\dev\ebe506af4513b9a66648736a121cf46b.pdf,ebe506af4513b9a66648736a121cf46b.pdf,.pdf,80096,2026-07-01T23:04:18,pdf,empty,0,0,%PDF-1.3,"[""general""]"
doc_0501,C:\Work\Answer-Aware-parser\sample_corpus\dev\ebe9dac1fb4d88822048983a3b7db247.json,ebe9dac1fb4d88822048983a3b7db247.json,.json,69411,2026-07-01T23:04:35,json,loaded,121648,30412,{,"[""general""]"
doc_0502,C:\Work\Answer-Aware-parser\sample_corpus\dev\ebe9dac1fb4d88822048983a3b7db247.pdf,ebe9dac1fb4d88822048983a3b7db247.pdf,.pdf,397600,2026-07-01T23:04:39,pdf,empty,0,0,%PDF-1.3,"[""general""]"
doc_0503,C:\Work\Answer-Aware-parser\sample_corpus\dev\ecbc9696600502b3dc792c59233f5efe.json,ecbc9696600502b3dc792c59233f5efe.json,.json,51086,2026-07-01T23:04:13,json,loaded,80192,20048,{,"[""general""]"
doc_0504,C:\Work\Answer-Aware-parser\sample_corpus\dev\ecbc9696600502b3dc792c59233f5efe.pdf,ecbc9696600502b3dc792c59233f5efe.pdf,.pdf,111058,2026-07-01T23:04:21,pdf,empty,0,0,%PDF-1.3,"[""general""]"
doc_0505,C:\Work\Answer-Aware-parser\sample_corpus\dev\ecd83275f1334bb5b90284787f9ad74c.json,ecd83275f1334bb5b90284787f9ad74c.json,.json,70325,2026-07-01T23:04:23,json,loaded,107887,26972,{,"[""general""]"
doc_0506,C:\Work\Answer-Aware-parser\sample_corpus\dev\ecd83275f1334bb5b90284787f9ad74c.pdf,ecd83275f1334bb5b90284787f9ad74c.pdf,.pdf,1068255,2026-07-01T23:04:31,pdf,empty,0,0,%PDF-1.3,"[""general""]"
doc_0507,C:\Work\Answer-Aware-parser\sample_corpus\dev\edc7f619474aa8bf75cce19f909ae201.json,edc7f619474aa8bf75cce19f909ae201.json,.json,87845,2026-07-01T23:04:27,json,loaded,149171,37293,{,"[""general""]"
doc_0508,C:\Work\Answer-Aware-parser\sample_corpus\dev\edc7f619474aa8bf75cce19f909ae201.pdf,edc7f619474aa8bf75cce19f909ae201.pdf,.pdf,567532,2026-07-01T23:04:16,pdf,empty,0,0,%PDF-1.3,"[""general""]"
doc_0509,C:\Work\Answer-Aware-parser\sample_corpus\dev\eddd2c209bc4b8366add901272034004.json,eddd2c209bc4b8366add901272034004.json,.json,116499,2026-07-01T23:04:16,json,loaded,204901,51225,{,"[""general""]"
doc_0510,C:\Work\Answer-Aware-parser\sample_corpus\dev\eddd2c209bc4b8366add901272034004.pdf,eddd2c209bc4b8366add901272034004.pdf,.pdf,58717,2026-07-01T23:04:20,pdf,empty,0,0,%PDF-1.3,"[""general""]"
doc_0511,C:\Work\Answer-Aware-parser\sample_corpus\dev\ee28934335672ebab5b099ae67bbd83c.json,ee28934335672ebab5b099ae67bbd83c.json,.json,142814,2026-07-01T23:04:40,json,loaded,244219,61055,{,"[""general""]"
doc_0512,C:\Work\Answer-Aware-parser\sample_corpus\dev\ee28934335672ebab5b099ae67bbd83c.pdf,ee28934335672ebab5b099ae67bbd83c.pdf,.pdf,61052,2026-07-01T23:04:16,pdf,empty,0,0,%PDF-1.3,"[""general""]"
doc_0513,C:\Work\Answer-Aware-parser\sample_corpus\dev\f00ffe64cc08889e9c4471c96040345c.json,f00ffe64cc08889e9c4471c96040345c.json,.json,79700,2026-07-01T23:04:24,json,loaded,134070,33518,{,"[""general""]"
doc_0514,C:\Work\Answer-Aware-parser\sample_corpus\dev\f00ffe64cc08889e9c4471c96040345c.pdf,f00ffe64cc08889e9c4471c96040345c.pdf,.pdf,54843,2026-07-01T23:04:42,pdf,empty,0,0,%PDF-1.3,"[""general""]"
doc_0515,C:\Work\Answer-Aware-parser\sample_corpus\dev\f1068e3989914809aef217d162db5f2f.json,f1068e3989914809aef217d162db5f2f.json,.json,83681,2026-07-01T23:04:38,json,loaded,147951,36988,{,"[""general""]"
doc_0516,C:\Work\Answer-Aware-parser\sample_corpus\dev\f1068e3989914809aef217d162db5f2f.pdf,f1068e3989914809aef217d162db5f2f.pdf,.pdf,46726,2026-07-01T23:04:13,pdf,empty,0,0,%PDF-1.3,"[""general""]"
doc_0517,C:\Work\Answer-Aware-parser\sample_corpus\dev\f2d3637c02da635435464bee12746f27.json,f2d3637c02da635435464bee12746f27.json,.json,66003,2026-07-01T23:04:39,json,loaded,108559,27140,{,"[""general""]"
doc_0518,C:\Work\Answer-Aware-parser\sample_corpus\dev\f2d3637c02da635435464bee12746f27.pdf,f2d3637c02da635435464bee12746f27.pdf,.pdf,188633,2026-07-01T23:04:30,pdf,empty,0,0,%PDF-1.3,"[""general""]"
doc_0519,C:\Work\Answer-Aware-parser\sample_corpus\dev\f4e44b1deb8c0a91aa4f355365e51eb9.json,f4e44b1deb8c0a91aa4f355365e51eb9.json,.json,84715,2026-07-01T23:04:38,json,loaded,148551,37138,{,"[""general""]"
doc_0520,C:\Work\Answer-Aware-parser\sample_corpus\dev\f4e44b1deb8c0a91aa4f355365e51eb9.pdf,f4e44b1deb8c0a91aa4f355365e51eb9.pdf,.pdf,151750,2026-07-01T23:04:14,pdf,empty,0,0,%PDF-1.3,"[""general""]"
doc_0521,C:\Work\Answer-Aware-parser\sample_corpus\dev\f4f9757a1ce1c82e6d901aca9b1020e3.json,f4f9757a1ce1c82e6d901aca9b1020e3.json,.json,116634,2026-07-01T23:04:30,json,loaded,205294,51324,{,"[""general""]"
doc_0522,C:\Work\Answer-Aware-parser\sample_corpus\dev\f4f9757a1ce1c82e6d901aca9b1020e3.pdf,f4f9757a1ce1c82e6d901aca9b1020e3.pdf,.pdf,2526715,2026-07-01T23:04:32,pdf,empty,0,0,%PDF-1.3,"[""general""]"
doc_0523,C:\Work\Answer-Aware-parser\sample_corpus\dev\f5878758878cb3d640b25843695964fb.json,f5878758878cb3d640b25843695964fb.json,.json,77325,2026-07-01T23:04:27,json,loaded,122429,30607,{,"[""general""]"
doc_0524,C:\Work\Answer-Aware-parser\sample_corpus\dev\f5878758878cb3d640b25843695964fb.pdf,f5878758878cb3d640b25843695964fb.pdf,.pdf,139009,2026-07-01T23:04:44,pdf,empty,0,0,%PDF-1.3,"[""general""]"
doc_0525,C:\Work\Answer-Aware-parser\sample_corpus\dev\f61a41683f7f540de066fccee869deee.json,f61a41683f7f540de066fccee869deee.json,.json,96377,2026-07-01T23:04:33,json,loaded,162175,40544,{,"[""hr""]"
doc_0526,C:\Work\Answer-Aware-parser\sample_corpus\dev\f61a41683f7f540de066fccee869deee.pdf,f61a41683f7f540de066fccee869deee.pdf,.pdf,34308,2026-07-01T23:04:44,pdf,empty,0,0,%PDF-1.3,"[""general""]"
doc_0527,C:\Work\Answer-Aware-parser\sample_corpus\dev\f6368ece2c45f8080d07ccc5817d2431.json,f6368ece2c45f8080d07ccc5817d2431.json,.json,96550,2026-07-01T23:04:38,json,loaded,166616,41654,{,"[""general""]"
doc_0528,C:\Work\Answer-Aware-parser\sample_corpus\dev\f6368ece2c45f8080d07ccc5817d2431.pdf,f6368ece2c45f8080d07ccc5817d2431.pdf,.pdf,192625,2026-07-01T23:04:41,pdf,empty,0,0,%PDF-1.3,"[""general""]"
doc_0529,C:\Work\Answer-Aware-parser\sample_corpus\dev\f68abcb45e524f8a53d1a4fcb825ea5a.json,f68abcb45e524f8a53d1a4fcb825ea5a.json,.json,84176,2026-07-01T23:04:25,json,loaded,141082,35270,{,"[""general""]"
doc_0530,C:\Work\Answer-Aware-parser\sample_corpus\dev\f68abcb45e524f8a53d1a4fcb825ea5a.pdf,f68abcb45e524f8a53d1a4fcb825ea5a.pdf,.pdf,2526715,2026-07-01T23:04:29,pdf,empty,0,0,%PDF-1.3,"[""general""]"
doc_0531,C:\Work\Answer-Aware-parser\sample_corpus\dev\f7aff70d6803a44dff656c713de14e56.json,f7aff70d6803a44dff656c713de14e56.json,.json,85057,2026-07-01T23:04:12,json,loaded,147857,36964,{,"[""finance""]"
doc_0532,C:\Work\Answer-Aware-parser\sample_corpus\dev\f7aff70d6803a44dff656c713de14e56.pdf,f7aff70d6803a44dff656c713de14e56.pdf,.pdf,40049,2026-07-01T23:04:44,pdf,empty,0,0,%PDF-1.3,"[""general""]"
doc_0533,C:\Work\Answer-Aware-parser\sample_corpus\dev\fa6d3bb564fd09c1211f53e9836af30d.json,fa6d3bb564fd09c1211f53e9836af30d.json,.json,72994,2026-07-01T23:04:37,json,loaded,117441,29360,{,"[""general""]"
doc_0534,C:\Work\Answer-Aware-parser\sample_corpus\dev\fa6d3bb564fd09c1211f53e9836af30d.pdf,fa6d3bb564fd09c1211f53e9836af30d.pdf,.pdf,38820,2026-07-01T23:04:30,pdf,empty,0,0,%PDF-1.3,"[""general""]"
doc_0535,C:\Work\Answer-Aware-parser\sample_corpus\dev\fa85dc424a72b4fc1b032cc19d5c4993.json,fa85dc424a72b4fc1b032cc19d5c4993.json,.json,123628,2026-07-01T23:04:23,json,loaded,218510,54628,{,"[""general""]"
doc_0536,C:\Work\Answer-Aware-parser\sample_corpus\dev\fa85dc424a72b4fc1b032cc19d5c4993.pdf,fa85dc424a72b4fc1b032cc19d5c4993.pdf,.pdf,71625,2026-07-01T23:04:14,pdf,empty,0,0,%PDF-1.3,"[""general""]"
doc_0537,C:\Work\Answer-Aware-parser\sample_corpus\dev\fb957b66856dace1199b5da998aa14e0.json,fb957b66856dace1199b5da998aa14e0.json,.json,114969,2026-07-01T23:04:33,json,loaded,199990,49998,{,"[""general""]"
doc_0538,C:\Work\Answer-Aware-parser\sample_corpus\dev\fb957b66856dace1199b5da998aa14e0.pdf,fb957b66856dace1199b5da998aa14e0.pdf,.pdf,21761,2026-07-01T23:04:33,pdf,empty,0,0,%PDF-1.3,"[""general""]"
doc_0539,C:\Work\Answer-Aware-parser\sample_corpus\dev\fbdd7d58d5707d0b3cb8821ad330d860.json,fbdd7d58d5707d0b3cb8821ad330d860.json,.json,70912,2026-07-01T23:04:41,json,loaded,112767,28192,{,"[""general""]"
doc_0540,C:\Work\Answer-Aware-parser\sample_corpus\dev\fbdd7d58d5707d0b3cb8821ad330d860.pdf,fbdd7d58d5707d0b3cb8821ad330d860.pdf,.pdf,55376,2026-07-01T23:04:32,pdf,empty,0,0,%PDF-1.3,"[""general""]"
doc_0541,C:\Work\Answer-Aware-parser\sample_corpus\dev\fc6df82265ed5153ed1fe3cdbc4e7b62.json,fc6df82265ed5153ed1fe3cdbc4e7b62.json,.json,76764,2026-07-01T23:04:33,json,loaded,131324,32831,{,"[""finance""]"
doc_0542,C:\Work\Answer-Aware-parser\sample_corpus\dev\fc6df82265ed5153ed1fe3cdbc4e7b62.pdf,fc6df82265ed5153ed1fe3cdbc4e7b62.pdf,.pdf,11588059,2026-07-01T23:04:41,pdf,empty,0,0,%PDF-1.3,"[""general""]"
doc_0543,C:\Work\Answer-Aware-parser\sample_corpus\dev\fdfcffb51837fc90fe9ef6352620c60e.json,fdfcffb51837fc90fe9ef6352620c60e.json,.json,41924,2026-07-01T23:04:14,json,loaded,64234,16058,{,"[""general""]"
doc_0544,C:\Work\Answer-Aware-parser\sample_corpus\dev\fdfcffb51837fc90fe9ef6352620c60e.pdf,fdfcffb51837fc90fe9ef6352620c60e.pdf,.pdf,54186,2026-07-01T23:04:44,pdf,empty,0,0,%PDF-1.3,"[""general""]"
doc_0545,C:\Work\Answer-Aware-parser\sample_corpus\dev\fe5cd8445cce4628f834d24c27bc99da.json,fe5cd8445cce4628f834d24c27bc99da.json,.json,62948,2026-07-01T23:04:19,json,loaded,105874,26468,{,"[""general""]"
doc_0546,C:\Work\Answer-Aware-parser\sample_corpus\dev\fe5cd8445cce4628f834d24c27bc99da.pdf,fe5cd8445cce4628f834d24c27bc99da.pdf,.pdf,59872,2026-07-01T23:04:44,pdf,empty,0,0,%PDF-1.3,"[""general""]"
doc_0547,C:\Work\Answer-Aware-parser\sample_corpus\dev\ff072e531f4130162424dcde67b99ec6.json,ff072e531f4130162424dcde67b99ec6.json,.json,64589,2026-07-01T23:04:42,json,loaded,102519,25630,{,"[""general""]"
doc_0548,C:\Work\Answer-Aware-parser\sample_corpus\dev\ff072e531f4130162424dcde67b99ec6.pdf,ff072e531f4130162424dcde67b99ec6.pdf,.pdf,397715,2026-07-01T23:04:18,pdf,empty,0,0,%PDF-1.3,"[""general""]"
doc_0549,C:\Work\Answer-Aware-parser\sample_corpus\finance\2026_budget_guidelines.txt,2026_budget_guidelines.txt,.txt,750,2026-07-01T22:51:08,text,loaded,732,183,2026 Departmental Budget Guidelines,"[""policy"", ""finance""]"
doc_0550,C:\Work\Answer-Aware-parser\sample_corpus\finance\approval_matrix.csv,approval_matrix.csv,.csv,473,2026-07-01T22:51:08,csv,loaded,1163,291,"region,transaction_type,amount_threshold,approver,effective_date","[""policy"", ""finance"", ""hr"", ""security""]"
doc_0551,C:\Work\Answer-Aware-parser\sample_corpus\finance\metric_catalog.json,metric_catalog.json,.json,833,2026-07-01T22:51:08,json,loaded,751,188,{,"[""finance""]"
doc_0552,C:\Work\Answer-Aware-parser\sample_corpus\finance\q2_2026_financial_summary.md,q2_2026_financial_summary.md,.md,882,2026-07-01T22:51:08,markdown,loaded,863,216,Q2 2026 Financial Performance Summary,"[""finance""]"
doc_0553,C:\Work\Answer-Aware-parser\sample_corpus\policies\data_classification_policy.md,data_classification_policy.md,.md,939,2026-07-01T22:51:08,markdown,loaded,918,230,Data Classification and Access Policy,"[""policy"", ""hr"", ""security""]"
doc_0554,C:\Work\Answer-Aware-parser\sample_corpus\policies\procurement_policy_2025.md,procurement_policy_2025.md,.md,1101,2026-07-01T22:51:08,markdown,loaded,1078,270,Procurement and Purchase Approval Policy 2025,"[""policy"", ""sop"", ""hr""]"
doc_0555,C:\Work\Answer-Aware-parser\sample_corpus\policies\travel_expense_policy.md,travel_expense_policy.md,.md,864,2026-07-01T22:51:08,markdown,loaded,844,211,Travel and Expense Policy,"[""policy"", ""hr""]"
doc_0556,C:\Work\Answer-Aware-parser\sample_corpus\README.md,README.md,.md,347,2026-07-01T22:51:08,markdown,loaded,340,85,Company Knowledge Corpus (Sample),"[""policy"", ""sop""]"
doc_0557,C:\Work\Answer-Aware-parser\sample_corpus\sops\sop_employee_onboarding.md,sop_employee_onboarding.md,.md,925,2026-07-01T22:51:08,markdown,loaded,904,226,SOP: Employee Onboarding,"[""sop"", ""hr""]"
doc_0558,C:\Work\Answer-Aware-parser\sample_corpus\sops\sop_security_incident_response.md,sop_security_incident_response.md,.md,1077,2026-07-01T22:51:08,markdown,loaded,1052,263,SOP: Security Incident Response,"[""sop"", ""security""]"
doc_0559,C:\Work\Answer-Aware-parser\sample_corpus\sops\sop_vendor_onboarding.txt,sop_vendor_onboarding.txt,.txt,729,2026-07-01T22:51:08,text,loaded,712,178,SOP: Vendor Onboarding and Risk Review,"[""sop"", ""security""]"
