evidence_id,fragment_id,document_id,role,value,source_span,confidence,linked_question_prototypes
ev_00001,frag_00004,doc_0001,metric,revenue,revenue,0.76,"[""qproto_002_metric_lookup""]"
ev_00002,frag_00004,doc_0001,value,$4.3,$4.3,0.76,"[""qproto_002_metric_lookup""]"
ev_00003,frag_00005,doc_0001,rule,These APMs are not defined under IFRS and therefore may not be directly compara…,These APMs are not defined under IFRS and therefore may not be directly comparable with similarly identified measures u…,0.589,"[""qproto_003_rule_lookup""]"
ev_00004,frag_00006,doc_0001,metric,Revenue,Revenue,0.76,"[""qproto_002_metric_lookup""]"
ev_00005,frag_00006,doc_0001,value,2019 %,2019 %,0.76,"[""qproto_002_metric_lookup""]"
ev_00006,frag_00025,doc_0005,exception,pages,pages,0.684,"[""qproto_004_exception_lookup""]"
ev_00007,frag_00025,doc_0005,condition,pages,pages,0.684,"[""qproto_004_exception_lookup""]"
ev_00008,frag_00027,doc_0005,exception,the potential common shares are anti-dilutive,the potential common shares are anti-dilutive,0.684,"[""qproto_004_exception_lookup""]"
ev_00009,frag_00027,doc_0005,condition,the potential common shares are anti-dilutive,the potential common shares are anti-dilutive,0.684,"[""qproto_004_exception_lookup""]"
ev_00010,frag_00028,doc_0005,exception,pages,pages,0.684,"[""qproto_004_exception_lookup""]"
ev_00011,frag_00028,doc_0005,condition,pages,pages,0.684,"[""qproto_004_exception_lookup""]"
ev_00012,frag_00029,doc_0007,amount_threshold,"$2,046,000","$2,046,000",0.741,"[""qproto_001_threshold_lookup""]"
ev_00013,frag_00034,doc_0007,amount_threshold,"$1,400,000","$1,400,000",0.741,"[""qproto_001_threshold_lookup""]"
ev_00014,frag_00037,doc_0007,amount_threshold,"$1,792,000","$1,792,000",0.741,"[""qproto_001_threshold_lookup""]"
ev_00015,frag_00041,doc_0009,rule,Participants are required to meet a service condition and other performance mea…,Participants are required to meet a service condition and other performance measures to gain access to the performance …,0.589,"[""qproto_003_rule_lookup""]"
ev_00016,frag_00043,doc_0009,amount_threshold,"$62,028,117","$62,028,117",0.741,"[""qproto_001_threshold_lookup""]"
ev_00017,frag_00047,doc_0009,exception,where forfeiture is due to failure to achieve market-based performance conditio…,"EPS, sales per trading SQM, ROFE) and service conditions and retention rights is calculated using a Black-Scholes optio…",0.684,"[""qproto_004_exception_lookup""]"
ev_00018,frag_00047,doc_0009,condition,where forfeiture is due to failure to achieve market-based …,"EPS, sales per trading SQM, ROFE) and service conditions and retention rights is calculated using a Black-Scholes optio…",0.684,"[""qproto_004_exception_lookup""]"
ev_00019,frag_00048,doc_0009,amount_threshold,$29.66,$29.66,0.741,"[""qproto_001_threshold_lookup""]"
ev_00020,frag_00049,doc_0009,amount_threshold,$29.66,$29.66,0.741,"[""qproto_001_threshold_lookup""]"
ev_00021,frag_00066,doc_0011,exception,pages,pages,0.684,"[""qproto_004_exception_lookup""]"
ev_00022,frag_00066,doc_0011,condition,pages,pages,0.684,"[""qproto_004_exception_lookup""]"
ev_00023,frag_00071,doc_0013,rule,Significant management judgment is required in the forecast of future operating…,Significant management judgment is required in the forecast of future operating results that are used in our impairment…,0.589,"[""qproto_003_rule_lookup""]"
ev_00024,frag_00072,doc_0013,rule,Although we believe our underlying assumptions supporting these assessments are…,"Although we believe our underlying assumptions supporting these assessments are reasonable, if our forecasted sales and…",0.589,"[""qproto_002_metric_lookup"", ""qproto_003_rule_lookup""]"
ev_00025,frag_00072,doc_0013,metric,forecast,forecast,0.76,"[""qproto_002_metric_lookup"", ""qproto_003_rule_lookup""]"
ev_00026,frag_00072,doc_0013,value,$3.4,$3.4,0.76,"[""qproto_002_metric_lookup"", ""qproto_003_rule_lookup""]"
ev_00027,frag_00084,doc_0019,amount_threshold,"$ 1,264","$ 1,264",0.741,"[""qproto_001_threshold_lookup"", ""qproto_007_effective_date_lookup""]"
ev_00028,frag_00084,doc_0019,effective_date,"April 30, 2019","April 30, 2019",0.807,"[""qproto_001_threshold_lookup"", ""qproto_007_effective_date_lookup""]"
ev_00029,frag_00085,doc_0019,amount_threshold,"$40,000","$40,000",0.741,"[""qproto_001_threshold_lookup""]"
ev_00030,frag_00092,doc_0019,region,Global,Global,0.741,"[""qproto_002_metric_lookup"", ""qproto_008_threshold_lookup""]"
ev_00031,frag_00092,doc_0019,amount_threshold,"$64,000","$64,000",0.741,"[""qproto_002_metric_lookup"", ""qproto_008_threshold_lookup""]"
ev_00032,frag_00092,doc_0019,metric,Revenue,Revenue,0.76,"[""qproto_002_metric_lookup"", ""qproto_008_threshold_lookup""]"
ev_00033,frag_00092,doc_0019,value,"$64,000","$64,000",0.76,"[""qproto_002_metric_lookup"", ""qproto_008_threshold_lookup""]"
ev_00034,frag_00099,doc_0021,metric,revenue,revenue,0.76,"[""qproto_002_metric_lookup""]"
ev_00035,frag_00099,doc_0021,value,13%,13%,0.76,"[""qproto_002_metric_lookup""]"
ev_00036,frag_00104,doc_0021,metric,revenue,revenue,0.76,"[""qproto_002_metric_lookup""]"
ev_00037,frag_00104,doc_0021,value,"$154,585,000,","$154,585,000,",0.76,"[""qproto_002_metric_lookup""]"
ev_00038,frag_00110,doc_0023,effective_date,"January 3, 2020","January 3, 2020",0.807,"[""qproto_007_effective_date_lookup""]"
ev_00039,frag_00125,doc_0025,metric,Revenue,Revenue,0.76,"[""qproto_002_metric_lookup""]"
ev_00040,frag_00125,doc_0025,value,8 %,8 %,0.76,"[""qproto_002_metric_lookup""]"
ev_00041,frag_00129,doc_0027,rule,"These statements may be identified by the use of words such as ""may,"" ""could,"" …","These statements may be identified by the use of words such as ""may,"" ""could,"" ""believe,"" ""future,"" ""depend,"" ""expect,""…",0.589,"[""qproto_003_rule_lookup""]"
ev_00042,frag_00131,doc_0027,rule,"Results of Operations Comparison of Year Ended December 31, 2019 to Year Ended …","Results of Operations Comparison of Year Ended December 31, 2019 to Year Ended December 31, 2018 (in 000’s) December 31…",0.589,"[""qproto_002_metric_lookup"", ""qproto_003_rule_lookup""]"
ev_00043,frag_00131,doc_0027,metric,operating expenses,operating expenses,0.76,"[""qproto_002_metric_lookup"", ""qproto_003_rule_lookup""]"
ev_00044,frag_00131,doc_0027,value,"$ 93,662","$ 93,662",0.76,"[""qproto_002_metric_lookup"", ""qproto_003_rule_lookup""]"
ev_00045,frag_00133,doc_0029,rule,Autodesk continually monitors events and changes in circumstances that could in…,Autodesk continually monitors events and changes in circumstances that could indicate the carrying amounts of its long-…,0.589,"[""qproto_003_rule_lookup""]"
ev_00046,frag_00137,doc_0029,exception,"the awards are subject to market conditions, in which case Autodesk uses a bino…","Valuation allowances are established when necessary to reduce gross deferred tax assets to the amount that is ""more lik…",0.684,"[""qproto_002_metric_lookup"", ""qproto_004_exception_lookup""]"
ev_00047,frag_00137,doc_0029,condition,"the awards are subject to market conditions, in which case …","Valuation allowances are established when necessary to reduce gross deferred tax assets to the amount that is ""more lik…",0.684,"[""qproto_002_metric_lookup"", ""qproto_004_exception_lookup""]"
ev_00048,frag_00137,doc_0029,metric,revenue,revenue,0.76,"[""qproto_002_metric_lookup"", ""qproto_004_exception_lookup""]"
ev_00049,frag_00137,doc_0029,value,$ 13.2,$ 13.2,0.76,"[""qproto_002_metric_lookup"", ""qproto_004_exception_lookup""]"
ev_00050,frag_00139,doc_0029,exception,pages,pages,0.684,"[""qproto_004_exception_lookup""]"
ev_00051,frag_00139,doc_0029,condition,pages,pages,0.684,"[""qproto_004_exception_lookup""]"
ev_00052,frag_00140,doc_0029,amount_threshold,$2.00,$2.00,0.741,"[""qproto_001_threshold_lookup""]"
ev_00053,frag_00150,doc_0031,variance,5.3%,5.3%,0.665,"[""qproto_005_variance_explanation""]"
ev_00054,frag_00150,doc_0031,variance_driver,an increase in customer transactions (F19:,an increase in customer transactions (F19:,0.665,"[""qproto_005_variance_explanation""]"
ev_00055,frag_00157,doc_0031,variance_driver,an increase in customer transactions and items per basket,an increase in customer transactions and items per basket,0.665,"[""qproto_005_variance_explanation""]"
ev_00056,frag_00160,doc_0031,metric,Gross margin,Gross margin,0.76,"[""qproto_002_metric_lookup""]"
ev_00057,frag_00160,doc_0031,value,315.5%,315.5%,0.76,"[""qproto_002_metric_lookup""]"
ev_00058,frag_00164,doc_0031,metric,Gross margin,Gross margin,0.76,"[""qproto_002_metric_lookup"", ""qproto_005_variance_explanation""]"
ev_00059,frag_00164,doc_0031,value,1.3%,1.3%,0.76,"[""qproto_002_metric_lookup"", ""qproto_005_variance_explanation""]"
ev_00060,frag_00164,doc_0031,variance,1.3%,1.3%,0.665,"[""qproto_002_metric_lookup"", ""qproto_005_variance_explanation""]"
ev_00061,frag_00164,doc_0031,variance_driver,refurbishments and acquisitions of hotels,refurbishments and acquisitions of hotels,0.665,"[""qproto_002_metric_lookup"", ""qproto_005_variance_explanation""]"
ev_00062,frag_00170,doc_0033,amount_threshold,$250,$250,0.741,"[""qproto_001_threshold_lookup""]"
ev_00063,frag_00171,doc_0033,amount_threshold,$60 million,$60 million,0.741,"[""qproto_001_threshold_lookup""]"
ev_00064,frag_00174,doc_0033,effective_date,"January 3, 2020","January 3, 2020",0.807,"[""qproto_004_exception_lookup"", ""qproto_007_effective_date_lookup""]"
ev_00065,frag_00174,doc_0033,exception,facts and circumstances indicate the hedge may no longer be highly effective,facts and circumstances indicate the hedge may no longer be highly effective,0.684,"[""qproto_004_exception_lookup"", ""qproto_007_effective_date_lookup""]"
ev_00066,frag_00174,doc_0033,condition,facts and circumstances indicate the hedge may no longer be…,"A qualitative assessment of hedge effectiveness is performed on a quarterly basis, unless facts and circumstances indic…",0.684,"[""qproto_004_exception_lookup"", ""qproto_007_effective_date_lookup""]"
ev_00067,frag_00177,doc_0035,region,Global,Global,0.741,"[""qproto_008_threshold_lookup""]"
ev_00068,frag_00177,doc_0035,amount_threshold,$ 5.99,$ 5.99,0.741,"[""qproto_008_threshold_lookup""]"
ev_00069,frag_00181,doc_0037,region,US,US,0.741,"[""qproto_008_threshold_lookup""]"
ev_00070,frag_00181,doc_0037,amount_threshold,$000,$000,0.741,"[""qproto_008_threshold_lookup""]"
ev_00071,frag_00192,doc_0041,amount_threshold,"$278,057,","$278,057,",0.741,"[""qproto_001_threshold_lookup""]"
ev_00072,frag_00196,doc_0041,effective_date,"December 15, 2018","December 15, 2018",0.807,"[""qproto_007_effective_date_lookup""]"
ev_00073,frag_00198,doc_0041,effective_date,"January 1, 2020","January 1, 2020",0.807,"[""qproto_007_effective_date_lookup""]"
ev_00074,frag_00199,doc_0041,amount_threshold,$2.3,$2.3,0.741,"[""qproto_001_threshold_lookup"", ""qproto_002_metric_lookup""]"
ev_00075,frag_00199,doc_0041,metric,revenue,revenue,0.76,"[""qproto_001_threshold_lookup"", ""qproto_002_metric_lookup""]"
ev_00076,frag_00199,doc_0041,value,$2.3,$2.3,0.76,"[""qproto_001_threshold_lookup"", ""qproto_002_metric_lookup""]"
ev_00077,frag_00200,doc_0043,exception,pages,pages,0.684,"[""qproto_002_metric_lookup"", ""qproto_004_exception_lookup""]"
ev_00078,frag_00200,doc_0043,condition,pages,pages,0.684,"[""qproto_002_metric_lookup"", ""qproto_004_exception_lookup""]"
ev_00079,frag_00200,doc_0043,metric,Revenue,Revenue,0.76,"[""qproto_002_metric_lookup"", ""qproto_004_exception_lookup""]"
ev_00080,frag_00200,doc_0043,value,"$ 13,428","$ 13,428",0.76,"[""qproto_002_metric_lookup"", ""qproto_004_exception_lookup""]"
ev_00081,frag_00204,doc_0043,rule,Controls and Procedures pages.[0].blocks.[9].words.word_list.[0] = Item pages.[…,Controls and Procedures pages.[0].blocks.[9].words.word_list.[0] = Item pages.[0].blocks.[9].words.word_list.[1] = 9A. …,0.589,"[""qproto_003_rule_lookup""]"
ev_00082,frag_00208,doc_0045,amount_threshold,$3.0 million,$3.0 million,0.741,"[""qproto_001_threshold_lookup""]"
ev_00083,frag_00210,doc_0045,amount_threshold,$9.76,$9.76,0.741,"[""qproto_001_threshold_lookup""]"
ev_00084,frag_00211,doc_0045,amount_threshold,"$60,000,","$60,000,",0.741,"[""qproto_001_threshold_lookup""]"
ev_00085,frag_00215,doc_0047,variance,6.8%,6.8%,0.665,"[""qproto_005_variance_explanation""]"
ev_00086,frag_00215,doc_0047,variance_driver,"Power Discrete, remained substantially flat in Asia and decreased 8","Power Discrete, remained substantially flat in Asia and decreased 8",0.665,"[""qproto_005_variance_explanation""]"
ev_00087,frag_00216,doc_0047,metric,Gross margin,Gross margin,0.76,"[""qproto_009_metric_lookup""]"
ev_00088,frag_00216,doc_0047,value,6.8%,6.8%,0.76,"[""qproto_009_metric_lookup""]"
ev_00089,frag_00216,doc_0047,period,full year 2018,full year 2018,0.76,"[""qproto_009_metric_lookup""]"
ev_00090,frag_00217,doc_0047,metric,gross margin,gross margin,0.76,"[""qproto_009_metric_lookup""]"
ev_00091,frag_00217,doc_0047,value,$65 million,$65 million,0.76,"[""qproto_009_metric_lookup""]"
ev_00092,frag_00217,doc_0047,period,full year 2017,full year 2017,0.76,"[""qproto_009_metric_lookup""]"
ev_00093,frag_00218,doc_0047,metric,Operating expenses,Operating expenses,0.76,"[""qproto_002_metric_lookup""]"
ev_00094,frag_00218,doc_0047,value,40.0%,40.0%,0.76,"[""qproto_002_metric_lookup""]"
ev_00095,frag_00227,doc_0049,rule,The objective is that the internally set risk margin shall reflect the assessed…,The objective is that the internally set risk margin shall reflect the assessed risk and that the pricing is as close a…,0.589,"[""qproto_003_rule_lookup""]"
ev_00096,frag_00228,doc_0049,rule,A reassessment of the credit rating for each customer finance facility is made …,A reassessment of the credit rating for each customer finance facility is made on a regular basis. pages.[0].blocks.[12…,0.589,"[""qproto_003_rule_lookup""]"
ev_00097,frag_00240,doc_0051,metric,revenue,revenue,0.76,"[""qproto_002_metric_lookup""]"
ev_00098,frag_00240,doc_0051,value,"$4,325,818","$4,325,818",0.76,"[""qproto_002_metric_lookup""]"
ev_00099,frag_00247,doc_0051,sla,30 days,30 days,0.741,"[""qproto_012_sla_lookup""]"
ev_00100,frag_00253,doc_0051,amount_threshold,$25,$25,0.741,"[""qproto_001_threshold_lookup""]"
ev_00101,frag_00262,doc_0053,metric,Revenue,Revenue,0.76,"[""qproto_009_metric_lookup""]"
ev_00102,frag_00262,doc_0053,value,2019 %,2019 %,0.76,"[""qproto_009_metric_lookup""]"
ev_00103,frag_00262,doc_0053,period,FY 2019,FY 2019,0.76,"[""qproto_009_metric_lookup""]"
ev_00104,frag_00263,doc_0053,metric,revenue,revenue,0.76,"[""qproto_009_metric_lookup""]"
ev_00105,frag_00263,doc_0053,value,19%,19%,0.76,"[""qproto_009_metric_lookup""]"
ev_00106,frag_00263,doc_0053,period,FY 2019,FY 2019,0.76,"[""qproto_009_metric_lookup""]"
ev_00107,frag_00264,doc_0053,variance_driver,expanding participation in our customers’ growth and transformation i…,"This was largely an outcome of greater demand for our services and solutions during the year, driven by expanding parti…",0.665,"[""qproto_005_variance_explanation""]"
ev_00108,frag_00265,doc_0053,metric,revenue,revenue,0.76,"[""qproto_009_metric_lookup""]"
ev_00109,frag_00265,doc_0053,value,19%,19%,0.76,"[""qproto_009_metric_lookup""]"
ev_00110,frag_00265,doc_0053,period,FY 2019,FY 2019,0.76,"[""qproto_009_metric_lookup""]"
ev_00111,frag_00267,doc_0053,metric,revenue,revenue,0.76,"[""qproto_009_metric_lookup""]"
ev_00112,frag_00267,doc_0053,value,7.6%,7.6%,0.76,"[""qproto_009_metric_lookup""]"
ev_00113,frag_00267,doc_0053,period,FY 2019,FY 2019,0.76,"[""qproto_009_metric_lookup""]"
ev_00114,frag_00268,doc_0053,metric,revenue,revenue,0.76,"[""qproto_002_metric_lookup""]"
ev_00115,frag_00268,doc_0053,value,11.4%,11.4%,0.76,"[""qproto_002_metric_lookup""]"
ev_00116,frag_00269,doc_0053,metric,revenue,revenue,0.76,"[""qproto_009_metric_lookup""]"
ev_00117,frag_00269,doc_0053,value,7.6%,7.6%,0.76,"[""qproto_009_metric_lookup""]"
ev_00118,frag_00269,doc_0053,period,FY 2019,FY 2019,0.76,"[""qproto_009_metric_lookup""]"
ev_00119,frag_00270,doc_0053,metric,revenue,revenue,0.76,"[""qproto_002_metric_lookup""]"
ev_00120,frag_00270,doc_0053,value,11.6%,11.6%,0.76,"[""qproto_002_metric_lookup""]"
ev_00121,frag_00274,doc_0055,exception,pages,pages,0.684,"[""qproto_004_exception_lookup""]"
ev_00122,frag_00274,doc_0055,condition,pages,pages,0.684,"[""qproto_004_exception_lookup""]"
ev_00123,frag_00279,doc_0055,amount_threshold,$8.1,$8.1,0.741,"[""qproto_001_threshold_lookup""]"
ev_00124,frag_00281,doc_0055,amount_threshold,$9.8 million,$9.8 million,0.741,"[""qproto_001_threshold_lookup""]"
ev_00125,frag_00284,doc_0057,metric,Revenue,Revenue,0.76,"[""qproto_002_metric_lookup""]"
ev_00126,frag_00284,doc_0057,value,7 %,7 %,0.76,"[""qproto_002_metric_lookup""]"
ev_00127,frag_00285,doc_0057,variance_driver,several large orders in the onshore business mainly in the U,several large orders in the onshore business mainly in the U,0.665,"[""qproto_005_variance_explanation""]"
ev_00128,frag_00289,doc_0057,variance_driver,the U,the U,0.665,"[""qproto_005_variance_explanation""]"
ev_00129,frag_00290,doc_0057,variance_driver,growth in the U,growth in the U,0.665,"[""qproto_005_variance_explanation""]"
ev_00130,frag_00297,doc_0057,scope,the stated audience,Financial Services will continue to focus its business scope on areas of intense domain know-how. pages.[0].blocks.[21]…,0.665,"[""qproto_006_applicability_check""]"
ev_00131,frag_00297,doc_0057,audience,the stated audience,Financial Services will continue to focus its business scope on areas of intense domain know-how. pages.[0].blocks.[21]…,0.665,"[""qproto_006_applicability_check""]"
ev_00132,frag_00300,doc_0059,amount_threshold,"$11,746,","$11,746,",0.741,"[""qproto_001_threshold_lookup""]"
ev_00133,frag_00300,doc_0059,amount_threshold,"$9,440","$9,440",0.741,"[""qproto_001_threshold_lookup""]"
ev_00134,frag_00302,doc_0059,amount_threshold,"$ 2,207","$ 2,207",0.741,"[""qproto_001_threshold_lookup""]"
ev_00135,frag_00309,doc_0061,exception,the stated condition,"At 30 June 2019, the carrying amount and contractual cash flows is $25,153,000 (2018: $33,978,000). pages.[0].blocks.[1…",0.684,"[""qproto_004_exception_lookup""]"
ev_00136,frag_00309,doc_0061,condition,the stated condition,"At 30 June 2019, the carrying amount and contractual cash flows is $25,153,000 (2018: $33,978,000). pages.[0].blocks.[1…",0.684,"[""qproto_004_exception_lookup""]"
ev_00137,frag_00316,doc_0063,region,Global,Global,0.741,"[""qproto_008_threshold_lookup""]"
ev_00138,frag_00316,doc_0063,amount_threshold,$ 91.30,$ 91.30,0.741,"[""qproto_008_threshold_lookup""]"
ev_00139,frag_00318,doc_0063,scope,the stated audience,Our dividend is subject to the discretion and pages.[0].blocks.[30].words.word_list.[0] = Dividends. pages.[0].blocks.[…,0.665,"[""qproto_006_applicability_check""]"
ev_00140,frag_00318,doc_0063,audience,the stated audience,Our dividend is subject to the discretion and pages.[0].blocks.[30].words.word_list.[0] = Dividends. pages.[0].blocks.[…,0.665,"[""qproto_006_applicability_check""]"
ev_00141,frag_00320,doc_0063,amount_threshold,$175.7 million,$175.7 million,0.741,"[""qproto_001_threshold_lookup""]"
ev_00142,frag_00326,doc_0065,exception,pages,pages,0.684,"[""qproto_004_exception_lookup""]"
ev_00143,frag_00326,doc_0065,condition,pages,pages,0.684,"[""qproto_004_exception_lookup""]"
ev_00144,frag_00343,doc_0069,variance_driver,"the Cyence acquisition, as well as a $2","the Cyence acquisition, as well as a $2",0.665,"[""qproto_005_variance_explanation""]"
ev_00145,frag_00346,doc_0069,amount_threshold,$6.6 million,$6.6 million,0.741,"[""qproto_001_threshold_lookup""]"
ev_00146,frag_00347,doc_0069,amount_threshold,$1.4,$1.4,0.741,"[""qproto_001_threshold_lookup""]"
ev_00147,frag_00349,doc_0069,exception,pages,pages,0.684,"[""qproto_003_rule_lookup"", ""qproto_004_exception_lookup""]"
ev_00148,frag_00349,doc_0069,condition,pages,pages,0.684,"[""qproto_003_rule_lookup"", ""qproto_004_exception_lookup""]"
ev_00149,frag_00349,doc_0069,rule,General and administrative headcount pages.[0].blocks.[20].words.word_list.[0] …,General and administrative headcount pages.[0].blocks.[20].words.word_list.[0] = Our pages.[0].blocks.[20].words.word_l…,0.589,"[""qproto_003_rule_lookup"", ""qproto_004_exception_lookup""]"
ev_00150,frag_00359,doc_0073,variance_driver,successes in Phase 2 SBIR awards,successes in Phase 2 SBIR awards,0.665,"[""qproto_005_variance_explanation""]"
ev_00151,frag_00360,doc_0073,amount_threshold,"$ 16,684,172","$ 16,684,172",0.741,"[""qproto_001_threshold_lookup"", ""qproto_002_metric_lookup"", ""qproto_005_variance_explanation""]"
ev_00152,frag_00360,doc_0073,metric,revenue,revenue,0.76,"[""qproto_001_threshold_lookup"", ""qproto_002_metric_lookup"", ""qproto_005_variance_explanation""]"
ev_00153,frag_00360,doc_0073,value,"$ 16,684,172","$ 16,684,172",0.76,"[""qproto_001_threshold_lookup"", ""qproto_002_metric_lookup"", ""qproto_005_variance_explanation""]"
ev_00154,frag_00360,doc_0073,variance,106.5%,106.5%,0.665,"[""qproto_001_threshold_lookup"", ""qproto_002_metric_lookup"", ""qproto_005_variance_explanation""]"
ev_00155,frag_00360,doc_0073,variance_driver,increases in direct labor and subcontractor costs consistent with the…,"As Phase 2 SBIR contracts generally have a performance period of a year or more, we currently expect Technology Develop…",0.665,"[""qproto_001_threshold_lookup"", ""qproto_002_metric_lookup"", ""qproto_005_variance_explanation""]"
ev_00156,frag_00369,doc_0075,amount_threshold,"$1,361.2 million","$1,361.2 million",0.741,"[""qproto_001_threshold_lookup""]"
ev_00157,frag_00374,doc_0075,amount_threshold,$41.5 million,$41.5 million,0.741,"[""qproto_001_threshold_lookup""]"
ev_00158,frag_00375,doc_0075,amount_threshold,"$ 1,361,188","$ 1,361,188",0.741,"[""qproto_001_threshold_lookup""]"
ev_00159,frag_00380,doc_0077,amount_threshold,$674,$674,0.741,"[""qproto_001_threshold_lookup""]"
ev_00160,frag_00381,doc_0077,amount_threshold,$12 million,$12 million,0.741,"[""qproto_001_threshold_lookup""]"
ev_00161,frag_00382,doc_0077,amount_threshold,$1.9 million,$1.9 million,0.741,"[""qproto_001_threshold_lookup""]"
ev_00162,frag_00389,doc_0077,exception,terminated earlier at the discretion of the Board of Directors,terminated earlier at the discretion of the Board of Directors,0.684,"[""qproto_004_exception_lookup""]"
ev_00163,frag_00389,doc_0077,condition,terminated earlier at the discretion of the Board of Direct…,The ESPP provides for semi-annual offering periods during which shares may be purchased and continues as long as shares…,0.684,"[""qproto_004_exception_lookup""]"
ev_00164,frag_00390,doc_0077,amount_threshold,"$25,000","$25,000",0.741,"[""qproto_001_threshold_lookup"", ""qproto_004_exception_lookup""]"
ev_00165,frag_00390,doc_0077,exception,pages,pages,0.684,"[""qproto_001_threshold_lookup"", ""qproto_004_exception_lookup""]"
ev_00166,frag_00390,doc_0077,condition,pages,pages,0.684,"[""qproto_001_threshold_lookup"", ""qproto_004_exception_lookup""]"
ev_00167,frag_00393,doc_0079,metric,revenue,revenue,0.76,"[""qproto_002_metric_lookup""]"
ev_00168,frag_00393,doc_0079,value,$ 26,$ 26,0.76,"[""qproto_002_metric_lookup""]"
ev_00169,frag_00397,doc_0079,amount_threshold,$1.2 million,$1.2 million,0.741,"[""qproto_001_threshold_lookup""]"
ev_00170,frag_00398,doc_0079,amount_threshold,"$ 2,962","$ 2,962",0.741,"[""qproto_001_threshold_lookup"", ""qproto_006_applicability_check"", ""qproto_007_effective_date_lookup""]"
ev_00171,frag_00398,doc_0079,effective_date,"March 31, 2017","March 31, 2017",0.807,"[""qproto_001_threshold_lookup"", ""qproto_006_applicability_check"", ""qproto_007_effective_date_lookup""]"
ev_00172,frag_00398,doc_0079,scope,the stated audience,"ASC 740 also provides guidance on derecognition , classification, interest and penalties, accounting in interim periods…",0.665,"[""qproto_001_threshold_lookup"", ""qproto_006_applicability_check"", ""qproto_007_effective_date_lookup""]"
ev_00173,frag_00398,doc_0079,audience,the stated audience,"ASC 740 also provides guidance on derecognition , classification, interest and penalties, accounting in interim periods…",0.665,"[""qproto_001_threshold_lookup"", ""qproto_006_applicability_check"", ""qproto_007_effective_date_lookup""]"
ev_00174,frag_00400,doc_0081,metric,Revenue,Revenue,0.76,"[""qproto_002_metric_lookup""]"
ev_00175,frag_00400,doc_0081,value,"$ 214,065","$ 214,065",0.76,"[""qproto_002_metric_lookup""]"
ev_00176,frag_00402,doc_0081,amount_threshold,$0.9 million,$0.9 million,0.741,"[""qproto_001_threshold_lookup"", ""qproto_002_metric_lookup""]"
ev_00177,frag_00402,doc_0081,metric,Revenue,Revenue,0.76,"[""qproto_001_threshold_lookup"", ""qproto_002_metric_lookup""]"
ev_00178,frag_00402,doc_0081,value,$0.9 million,$0.9 million,0.76,"[""qproto_001_threshold_lookup"", ""qproto_002_metric_lookup""]"
ev_00179,frag_00408,doc_0081,exception,"for acquisition-related deferred revenue adjustments, which are included in “Un…","In addition, the results of operations related to two of the product offerings acquired with the EIS Business (Horizon …",0.684,"[""qproto_004_exception_lookup""]"
ev_00180,frag_00408,doc_0081,condition,"for acquisition-related deferred revenue adjustments, which…","In addition, the results of operations related to two of the product offerings acquired with the EIS Business (Horizon …",0.684,"[""qproto_004_exception_lookup""]"
ev_00181,frag_00409,doc_0081,exception,pages,pages,0.684,"[""qproto_004_exception_lookup""]"
ev_00182,frag_00409,doc_0081,condition,pages,pages,0.684,"[""qproto_004_exception_lookup""]"
ev_00183,frag_00415,doc_0083,metric,revenue,revenue,0.76,"[""qproto_002_metric_lookup""]"
ev_00184,frag_00415,doc_0083,value,12%,12%,0.76,"[""qproto_002_metric_lookup""]"
ev_00185,frag_00416,doc_0083,metric,Revenue,Revenue,0.76,"[""qproto_002_metric_lookup""]"
ev_00186,frag_00416,doc_0083,value,12%,12%,0.76,"[""qproto_002_metric_lookup""]"
ev_00187,frag_00417,doc_0083,metric,revenue,revenue,0.76,"[""qproto_002_metric_lookup""]"
ev_00188,frag_00417,doc_0083,value,10%,10%,0.76,"[""qproto_002_metric_lookup""]"
ev_00189,frag_00418,doc_0083,metric,revenue,revenue,0.76,"[""qproto_002_metric_lookup""]"
ev_00190,frag_00418,doc_0083,value,11%,11%,0.76,"[""qproto_002_metric_lookup""]"
ev_00191,frag_00419,doc_0083,rule,We perform ongoing credit evaluations of customers worldwide and generally do n…,We perform ongoing credit evaluations of customers worldwide and generally do not require collateral from our customers.,0.589,"[""qproto_003_rule_lookup""]"
ev_00192,frag_00422,doc_0083,rule,"In addition, the potential risk of loss with any one counterparty resulting fro…","In addition, the potential risk of loss with any one counterparty resulting from this type of credit risk is monitored …",0.589,"[""qproto_002_metric_lookup"", ""qproto_003_rule_lookup""]"
ev_00193,frag_00422,doc_0083,metric,Revenue,Revenue,0.76,"[""qproto_002_metric_lookup"", ""qproto_003_rule_lookup""]"
ev_00194,frag_00422,doc_0083,value,"$ 12,451","$ 12,451",0.76,"[""qproto_002_metric_lookup"", ""qproto_003_rule_lookup""]"
ev_00195,frag_00424,doc_0083,metric,revenue,revenue,0.76,"[""qproto_002_metric_lookup""]"
ev_00196,frag_00424,doc_0083,value,53%,53%,0.76,"[""qproto_002_metric_lookup""]"
ev_00197,frag_00425,doc_0085,scope,the stated audience,pages.[0].bbox.[0] = 0 pages.[0].bbox.[1] = 0 pages.[0].bbox.[2] = 1240 pages.[0].bbox.[3] = 1754 pages.[0].blocks.[0].…,0.665,"[""qproto_006_applicability_check""]"
ev_00198,frag_00425,doc_0085,audience,the stated audience,pages.[0].bbox.[0] = 0 pages.[0].bbox.[1] = 0 pages.[0].bbox.[2] = 1240 pages.[0].bbox.[3] = 1754 pages.[0].blocks.[0].…,0.665,"[""qproto_006_applicability_check""]"
ev_00199,frag_00426,doc_0085,scope,the stated audience,"As part of our commitment to reduce our Greenhouse Gas (‘GHG’) emissions, we moved to a certified green tariff renewabl…",0.665,"[""qproto_005_variance_explanation"", ""qproto_006_applicability_check""]"
ev_00200,frag_00426,doc_0085,audience,the stated audience,"As part of our commitment to reduce our Greenhouse Gas (‘GHG’) emissions, we moved to a certified green tariff renewabl…",0.665,"[""qproto_005_variance_explanation"", ""qproto_006_applicability_check""]"
ev_00201,frag_00426,doc_0085,variance,15%,15%,0.665,"[""qproto_005_variance_explanation"", ""qproto_006_applicability_check""]"
ev_00202,frag_00426,doc_0085,variance_driver,"continued progress in energy efficiency, a reduction in emissions ass…","As part of our commitment to reduce our Greenhouse Gas (‘GHG’) emissions, we moved to a certified green tariff renewabl…",0.665,"[""qproto_005_variance_explanation"", ""qproto_006_applicability_check""]"
ev_00203,frag_00437,doc_0087,rule,"12,899 12,621 12,300 Total (1) . $ 51,904 $ 49,330 $ 48,005 pages.[0].blocks.[5…","12,899 12,621 12,300 Total (1) . $ 51,904 $ 49,330 $ 48,005 pages.[0].blocks.[5].words.word_list.[0] = Years pages.[0].…",0.589,"[""qproto_002_metric_lookup"", ""qproto_003_rule_lookup""]"
ev_00204,frag_00437,doc_0087,metric,Revenue,Revenue,0.76,"[""qproto_002_metric_lookup"", ""qproto_003_rule_lookup""]"
ev_00205,frag_00437,doc_0087,value,"$ 51,904","$ 51,904",0.76,"[""qproto_002_metric_lookup"", ""qproto_003_rule_lookup""]"
ev_00206,frag_00438,doc_0087,metric,revenue,revenue,0.76,"[""qproto_002_metric_lookup""]"
ev_00207,frag_00438,doc_0087,value,$168 million,$168 million,0.76,"[""qproto_002_metric_lookup""]"
ev_00208,frag_00452,doc_0087,amount_threshold,$5.5,$5.5,0.741,"[""qproto_001_threshold_lookup"", ""qproto_002_metric_lookup""]"
ev_00209,frag_00452,doc_0087,metric,revenue,revenue,0.76,"[""qproto_001_threshold_lookup"", ""qproto_002_metric_lookup""]"
ev_00210,frag_00452,doc_0087,value,$5.5,$5.5,0.76,"[""qproto_001_threshold_lookup"", ""qproto_002_metric_lookup""]"
ev_00211,frag_00454,doc_0087,metric,revenue,revenue,0.76,"[""qproto_002_metric_lookup""]"
ev_00212,frag_00454,doc_0087,value,$860 million,$860 million,0.76,"[""qproto_002_metric_lookup""]"
ev_00213,frag_00455,doc_0087,metric,revenue,revenue,0.76,"[""qproto_002_metric_lookup""]"
ev_00214,frag_00455,doc_0087,value,$18.5,$18.5,0.76,"[""qproto_002_metric_lookup""]"
ev_00215,frag_00456,doc_0087,metric,revenue,revenue,0.76,"[""qproto_002_metric_lookup""]"
ev_00216,frag_00456,doc_0087,value,$9.6,$9.6,0.76,"[""qproto_002_metric_lookup""]"
ev_00217,frag_00457,doc_0087,metric,revenue,revenue,0.76,"[""qproto_002_metric_lookup""]"
ev_00218,frag_00457,doc_0087,value,$25.3,$25.3,0.76,"[""qproto_002_metric_lookup""]"
ev_00219,frag_00458,doc_0087,amount_threshold,$25.3,$25.3,0.741,"[""qproto_001_threshold_lookup"", ""qproto_002_metric_lookup""]"
ev_00220,frag_00458,doc_0087,metric,revenue,revenue,0.76,"[""qproto_001_threshold_lookup"", ""qproto_002_metric_lookup""]"
ev_00221,frag_00458,doc_0087,value,$25.3,$25.3,0.76,"[""qproto_001_threshold_lookup"", ""qproto_002_metric_lookup""]"
ev_00222,frag_00460,doc_0087,amount_threshold,$471 million,$471 million,0.741,"[""qproto_001_threshold_lookup"", ""qproto_002_metric_lookup""]"
ev_00223,frag_00460,doc_0087,metric,revenue,revenue,0.76,"[""qproto_001_threshold_lookup"", ""qproto_002_metric_lookup""]"
ev_00224,frag_00460,doc_0087,value,$471 million,$471 million,0.76,"[""qproto_001_threshold_lookup"", ""qproto_002_metric_lookup""]"
ev_00225,frag_00468,doc_0089,scope,the stated audience,pages.[0].bbox.[0] = 0 pages.[0].bbox.[1] = 0 pages.[0].bbox.[2] = 1240 pages.[0].bbox.[3] = 1605 pages.[0].blocks.[0].…,0.665,"[""qproto_004_exception_lookup"", ""qproto_006_applicability_check""]"
ev_00226,frag_00468,doc_0089,audience,the stated audience,pages.[0].bbox.[0] = 0 pages.[0].bbox.[1] = 0 pages.[0].bbox.[2] = 1240 pages.[0].bbox.[3] = 1605 pages.[0].blocks.[0].…,0.665,"[""qproto_004_exception_lookup"", ""qproto_006_applicability_check""]"
ev_00227,frag_00468,doc_0089,exception,pages,pages,0.684,"[""qproto_004_exception_lookup"", ""qproto_006_applicability_check""]"
ev_00228,frag_00468,doc_0089,condition,pages,pages,0.684,"[""qproto_004_exception_lookup"", ""qproto_006_applicability_check""]"
ev_00229,frag_00470,doc_0089,amount_threshold,"$1,580","$1,580",0.741,"[""qproto_001_threshold_lookup"", ""qproto_002_metric_lookup"", ""qproto_006_applicability_check""]"
ev_00230,frag_00470,doc_0089,scope,the stated audience,"The deferred shares are subject to forfeiture if employment terminates prior to the lapse of the restrictions, and thei…",0.665,"[""qproto_001_threshold_lookup"", ""qproto_002_metric_lookup"", ""qproto_006_applicability_check""]"
ev_00231,frag_00470,doc_0089,audience,the stated audience,"The deferred shares are subject to forfeiture if employment terminates prior to the lapse of the restrictions, and thei…",0.665,"[""qproto_001_threshold_lookup"", ""qproto_002_metric_lookup"", ""qproto_006_applicability_check""]"
ev_00232,frag_00470,doc_0089,metric,revenue,revenue,0.76,"[""qproto_001_threshold_lookup"", ""qproto_002_metric_lookup"", ""qproto_006_applicability_check""]"
ev_00233,frag_00470,doc_0089,value,"$1,580","$1,580",0.76,"[""qproto_001_threshold_lookup"", ""qproto_002_metric_lookup"", ""qproto_006_applicability_check""]"
ev_00234,frag_00475,doc_0089,exception,pages,pages,0.684,"[""qproto_004_exception_lookup""]"
ev_00235,frag_00475,doc_0089,condition,pages,pages,0.684,"[""qproto_004_exception_lookup""]"
ev_00236,frag_00476,doc_0089,amount_threshold,"$1,180","$1,180",0.741,"[""qproto_001_threshold_lookup"", ""qproto_002_metric_lookup"", ""qproto_003_rule_lookup""]"
ev_00237,frag_00476,doc_0089,rule,The unvested awards are subject to the recipient’s continued service with the C…,"The unvested awards are subject to the recipient’s continued service with the Company, and $1,180 is recognized ratably…",0.589,"[""qproto_001_threshold_lookup"", ""qproto_002_metric_lookup"", ""qproto_003_rule_lookup""]"
ev_00238,frag_00476,doc_0089,metric,revenue,revenue,0.76,"[""qproto_001_threshold_lookup"", ""qproto_002_metric_lookup"", ""qproto_003_rule_lookup""]"
ev_00239,frag_00476,doc_0089,value,"$1,180","$1,180",0.76,"[""qproto_001_threshold_lookup"", ""qproto_002_metric_lookup"", ""qproto_003_rule_lookup""]"
ev_00240,frag_00479,doc_0089,amount_threshold,"$1,468","$1,468",0.741,"[""qproto_001_threshold_lookup"", ""qproto_003_rule_lookup""]"
ev_00241,frag_00479,doc_0089,rule,The unvested awards are subject to the recipient’s continued service with the C…,"The unvested awards are subject to the recipient’s continued service with the Company, and $1,468 is recognized ratably…",0.589,"[""qproto_001_threshold_lookup"", ""qproto_003_rule_lookup""]"
ev_00242,frag_00480,doc_0089,amount_threshold,$333,$333,0.741,"[""qproto_001_threshold_lookup"", ""qproto_003_rule_lookup""]"
ev_00243,frag_00480,doc_0089,rule,The deferred shares are subject to forfeiture if employment terminates prior to…,"The deferred shares are subject to forfeiture if employment terminates prior to the lapse of the restrictions, and thei…",0.589,"[""qproto_001_threshold_lookup"", ""qproto_003_rule_lookup""]"
ev_00244,frag_00486,doc_0093,amount_threshold,"$ 1,460,116","$ 1,460,116",0.741,"[""qproto_001_threshold_lookup"", ""qproto_002_metric_lookup""]"
ev_00245,frag_00486,doc_0093,metric,revenue,revenue,0.76,"[""qproto_001_threshold_lookup"", ""qproto_002_metric_lookup""]"
ev_00246,frag_00486,doc_0093,value,10%,10%,0.76,"[""qproto_001_threshold_lookup"", ""qproto_002_metric_lookup""]"
ev_00247,frag_00487,doc_0093,amount_threshold,"$ 3,063,117","$ 3,063,117",0.741,"[""qproto_001_threshold_lookup""]"
ev_00248,frag_00490,doc_0093,amount_threshold,"$ 1,170,037","$ 1,170,037",0.741,"[""qproto_001_threshold_lookup""]"
ev_00249,frag_00497,doc_0095,metric,revenue,revenue,0.76,"[""qproto_002_metric_lookup""]"
ev_00250,frag_00497,doc_0095,value,$0.5 million,$0.5 million,0.76,"[""qproto_002_metric_lookup""]"
ev_00251,frag_00499,doc_0095,region,Global,Global,0.741,"[""qproto_002_metric_lookup"", ""qproto_008_threshold_lookup""]"
ev_00252,frag_00499,doc_0095,amount_threshold,$328.8,$328.8,0.741,"[""qproto_002_metric_lookup"", ""qproto_008_threshold_lookup""]"
ev_00253,frag_00499,doc_0095,metric,revenue,revenue,0.76,"[""qproto_002_metric_lookup"", ""qproto_008_threshold_lookup""]"
ev_00254,frag_00499,doc_0095,value,59%,59%,0.76,"[""qproto_002_metric_lookup"", ""qproto_008_threshold_lookup""]"
ev_00255,frag_00502,doc_0095,amount_threshold,$3.2 million,$3.2 million,0.741,"[""qproto_001_threshold_lookup"", ""qproto_002_metric_lookup""]"
ev_00256,frag_00502,doc_0095,metric,revenue,revenue,0.76,"[""qproto_001_threshold_lookup"", ""qproto_002_metric_lookup""]"
ev_00257,frag_00502,doc_0095,value,$3.2 million,$3.2 million,0.76,"[""qproto_001_threshold_lookup"", ""qproto_002_metric_lookup""]"
ev_00258,frag_00505,doc_0097,metric,Gross Margin,Gross Margin,0.76,"[""qproto_002_metric_lookup""]"
ev_00259,frag_00505,doc_0097,value,"$ 5,720","$ 5,720",0.76,"[""qproto_002_metric_lookup""]"
ev_00260,frag_00509,doc_0097,amount_threshold,"$ 137,347","$ 137,347",0.741,"[""qproto_001_threshold_lookup"", ""qproto_002_metric_lookup""]"
ev_00261,frag_00509,doc_0097,metric,gross margin,gross margin,0.76,"[""qproto_001_threshold_lookup"", ""qproto_002_metric_lookup""]"
ev_00262,frag_00509,doc_0097,value,"$ 137,347","$ 137,347",0.76,"[""qproto_001_threshold_lookup"", ""qproto_002_metric_lookup""]"
ev_00263,frag_00533,doc_0103,scope,the stated audience,MINE SAFETY DISCLOSURES pages.[0].blocks.[15].words.word_list.[0] = ITEM pages.[0].blocks.[15].words.word_list.[1] = 4.…,0.665,"[""qproto_006_applicability_check""]"
ev_00264,frag_00533,doc_0103,audience,the stated audience,MINE SAFETY DISCLOSURES pages.[0].blocks.[15].words.word_list.[0] = ITEM pages.[0].blocks.[15].words.word_list.[1] = 4.…,0.665,"[""qproto_006_applicability_check""]"
ev_00265,frag_00540,doc_0107,exception,pages,pages,0.684,"[""qproto_004_exception_lookup""]"
ev_00266,frag_00540,doc_0107,condition,pages,pages,0.684,"[""qproto_004_exception_lookup""]"
ev_00267,frag_00545,doc_0107,metric,operating expenses,operating expenses,0.76,"[""qproto_002_metric_lookup""]"
ev_00268,frag_00545,doc_0107,value,"$5,181","$5,181",0.76,"[""qproto_002_metric_lookup""]"
ev_00269,frag_00546,doc_0107,amount_threshold,"$5,830","$5,830",0.741,"[""qproto_001_threshold_lookup""]"
ev_00270,frag_00553,doc_0111,scope,"its Chief Executive Officer, Chief Financial Officer and Chief Accounting Offic…","Directors, Executive Officers and Corporate Governance pages.[0].blocks.[2].words.word_list.[0] = Item pages.[0].blocks…",0.665,"[""qproto_003_rule_lookup"", ""qproto_006_applicability_check""]"
ev_00271,frag_00553,doc_0111,audience,"its Chief Executive Officer, Chief Financial Officer and Ch…","Directors, Executive Officers and Corporate Governance pages.[0].blocks.[2].words.word_list.[0] = Item pages.[0].blocks…",0.665,"[""qproto_003_rule_lookup"", ""qproto_006_applicability_check""]"
ev_00272,frag_00553,doc_0111,rule,"Directors, Executive Officers and Corporate Governance pages.[0].blocks.[2].wor…","Directors, Executive Officers and Corporate Governance pages.[0].blocks.[2].words.word_list.[0] = Item pages.[0].blocks…",0.589,"[""qproto_003_rule_lookup"", ""qproto_006_applicability_check""]"
ev_00273,frag_00554,doc_0111,rule,"Within the time period required by the SEC and the New York Stock Exchange (""NY…","Within the time period required by the SEC and the New York Stock Exchange (""NYSE""), the Company will post on its websi…",0.589,"[""qproto_003_rule_lookup""]"
ev_00274,frag_00576,doc_0113,amount_threshold,$0.8 million,$0.8 million,0.741,"[""qproto_001_threshold_lookup""]"
ev_00275,frag_00577,doc_0113,amount_threshold,$0.3 million,$0.3 million,0.741,"[""qproto_001_threshold_lookup""]"
ev_00276,frag_00579,doc_0113,effective_date,"December 31, 2019","December 31, 2019",0.807,"[""qproto_007_effective_date_lookup""]"
ev_00277,frag_00581,doc_0115,amount_threshold,"$ 2,936","$ 2,936",0.741,"[""qproto_001_threshold_lookup"", ""qproto_002_metric_lookup"", ""qproto_004_exception_lookup""]"
ev_00278,frag_00581,doc_0115,exception,pages,pages,0.684,"[""qproto_001_threshold_lookup"", ""qproto_002_metric_lookup"", ""qproto_004_exception_lookup""]"
ev_00279,frag_00581,doc_0115,condition,pages,pages,0.684,"[""qproto_001_threshold_lookup"", ""qproto_002_metric_lookup"", ""qproto_004_exception_lookup""]"
ev_00280,frag_00581,doc_0115,metric,revenue,revenue,0.76,"[""qproto_001_threshold_lookup"", ""qproto_002_metric_lookup"", ""qproto_004_exception_lookup""]"
ev_00281,frag_00581,doc_0115,value,"$ 2,936","$ 2,936",0.76,"[""qproto_001_threshold_lookup"", ""qproto_002_metric_lookup"", ""qproto_004_exception_lookup""]"
ev_00282,frag_00584,doc_0115,amount_threshold,$1.4,$1.4,0.741,"[""qproto_001_threshold_lookup""]"
ev_00283,frag_00585,doc_0115,rule,"If the required service period is not met for these options, then the share-bas…","If the required service period is not met for these options, then the share-based compensation expense would be reverse…",0.589,"[""qproto_003_rule_lookup""]"
ev_00284,frag_00586,doc_0115,amount_threshold,$7.47,$7.47,0.741,"[""qproto_001_threshold_lookup"", ""qproto_003_rule_lookup""]"
ev_00285,frag_00586,doc_0115,rule,In the event that our common stock achieves the target price per share based on…,In the event that our common stock achieves the target price per share based on a 30-day trailing average prior to the …,0.589,"[""qproto_001_threshold_lookup"", ""qproto_003_rule_lookup""]"
ev_00286,frag_00588,doc_0117,scope,the stated audience,Audit Committee Financial Expert pages.[0].blocks.[2].words.word_list.[0] = Item pages.[0].blocks.[2].words.word_list.[…,0.665,"[""qproto_003_rule_lookup"", ""qproto_006_applicability_check""]"
ev_00287,frag_00588,doc_0117,audience,the stated audience,Audit Committee Financial Expert pages.[0].blocks.[2].words.word_list.[0] = Item pages.[0].blocks.[2].words.word_list.[…,0.665,"[""qproto_003_rule_lookup"", ""qproto_006_applicability_check""]"
ev_00288,frag_00588,doc_0117,rule,Audit Committee Financial Expert pages.[0].blocks.[2].words.word_list.[0] = Ite…,Audit Committee Financial Expert pages.[0].blocks.[2].words.word_list.[0] = Item pages.[0].blocks.[2].words.word_list.[…,0.589,"[""qproto_003_rule_lookup"", ""qproto_006_applicability_check""]"
ev_00289,frag_00590,doc_0117,scope,the stated audience,Our Code of Conduct is applicable to all of our employees and senior managers.,0.665,"[""qproto_006_applicability_check""]"
ev_00290,frag_00590,doc_0117,audience,the stated audience,Our Code of Conduct is applicable to all of our employees and senior managers.,0.665,"[""qproto_006_applicability_check""]"
ev_00291,frag_00592,doc_0117,scope,the stated audience,"Our Code of Conduct is available on our website in the Corporate Governance section, at http://investors.st.com. pages.…",0.665,"[""qproto_006_applicability_check""]"
ev_00292,frag_00592,doc_0117,audience,the stated audience,"Our Code of Conduct is available on our website in the Corporate Governance section, at http://investors.st.com. pages.…",0.665,"[""qproto_006_applicability_check""]"
ev_00293,frag_00602,doc_0119,variance,The year-to-year change was primarily driven by: pages.[0].blocks.[19].words.wo…,The year-to-year change was primarily driven by: pages.[0].blocks.[19].words.word_list.[0] = Total pages.[0].blocks.[19…,0.665,"[""qproto_010_variance_explanation""]"
ev_00294,frag_00605,doc_0119,variance_driver,the same factors excluding lower non-operating retirement-related cos…,The year-to-year change was primarily driven by the same factors excluding lower non-operating retirement-related costs…,0.665,"[""qproto_005_variance_explanation""]"
ev_00295,frag_00609,doc_0119,variance_driver,a higher average debt balance and higher interest rates as we issued …,"Overall interest expense (excluding capitalized interest) in 2019 was $1,952 million, an increase of $473 million year …",0.665,"[""qproto_005_variance_explanation""]"
ev_00296,frag_00615,doc_0119,variance,7.4%,7.4%,0.665,"[""qproto_005_variance_explanation""]"
ev_00297,frag_00615,doc_0119,variance_driver,"a decrease in recognized actuarial losses ($1,123 million), primarily…",Percent Change pages.[0].blocks.[39].words.word_list.[0] = Yr.-to-Yr. pages.[0].blocks.[39].words.word_list.[1] = Perce…,0.665,"[""qproto_005_variance_explanation""]"
ev_00298,frag_00618,doc_0121,rule,Determining whether the products and/or services are distinct performance oblig…,Determining whether the products and/or services are distinct performance obligations that should be accounted for sepa…,0.589,"[""qproto_003_rule_lookup""]"
ev_00299,frag_00619,doc_0121,exception,the stated condition,If the arrangement that includes variable consideration in the form of usage-based fees does not meet the allocation ex…,0.684,"[""qproto_004_exception_lookup""]"
ev_00300,frag_00619,doc_0121,condition,the stated condition,If the arrangement that includes variable consideration in the form of usage-based fees does not meet the allocation ex…,0.684,"[""qproto_004_exception_lookup""]"
ev_00301,frag_00622,doc_0121,rule,Significant judgment is required to determine the SSP for each performance obli…,"Significant judgment is required to determine the SSP for each performance obligation, the amount allocated to each per…",0.589,"[""qproto_003_rule_lookup""]"
ev_00302,frag_00624,doc_0121,exception,the stated condition,Contract Balances pages.[0].blocks.[1].words.word_list.[0] = The pages.[0].blocks.[1].words.word_list.[1] = Company’s p…,0.684,"[""qproto_003_rule_lookup"", ""qproto_004_exception_lookup""]"
ev_00303,frag_00624,doc_0121,condition,the stated condition,Contract Balances pages.[0].blocks.[1].words.word_list.[0] = The pages.[0].blocks.[1].words.word_list.[1] = Company’s p…,0.684,"[""qproto_003_rule_lookup"", ""qproto_004_exception_lookup""]"
ev_00304,frag_00624,doc_0121,rule,Contract Balances pages.[0].blocks.[1].words.word_list.[0] = The pages.[0].bloc…,Contract Balances pages.[0].blocks.[1].words.word_list.[0] = The pages.[0].blocks.[1].words.word_list.[1] = Company’s p…,0.589,"[""qproto_003_rule_lookup"", ""qproto_004_exception_lookup""]"
ev_00305,frag_00627,doc_0121,amount_threshold,"$ 213,654","$ 213,654",0.741,"[""qproto_001_threshold_lookup"", ""qproto_002_metric_lookup""]"
ev_00306,frag_00627,doc_0121,metric,revenue,revenue,0.76,"[""qproto_001_threshold_lookup"", ""qproto_002_metric_lookup""]"
ev_00307,frag_00627,doc_0121,value,"$ 213,654","$ 213,654",0.76,"[""qproto_001_threshold_lookup"", ""qproto_002_metric_lookup""]"
ev_00308,frag_00628,doc_0123,amount_threshold,$ 664,$ 664,0.741,"[""qproto_001_threshold_lookup"", ""qproto_002_metric_lookup"", ""qproto_007_effective_date_lookup""]"
ev_00309,frag_00628,doc_0123,effective_date,"March 31, 2019","March 31, 2019",0.807,"[""qproto_001_threshold_lookup"", ""qproto_002_metric_lookup"", ""qproto_007_effective_date_lookup""]"
ev_00310,frag_00628,doc_0123,metric,operating expenses,operating expenses,0.76,"[""qproto_001_threshold_lookup"", ""qproto_002_metric_lookup"", ""qproto_007_effective_date_lookup""]"
ev_00311,frag_00628,doc_0123,value,$ 664,$ 664,0.76,"[""qproto_001_threshold_lookup"", ""qproto_002_metric_lookup"", ""qproto_007_effective_date_lookup""]"
ev_00312,frag_00632,doc_0125,variance_driver,foreign currency translation losses mainly due to the appreciation of…,"Other expense in the year ended December 31, 2018, was driven by foreign currency translation losses mainly due to the …",0.665,"[""qproto_005_variance_explanation""]"
ev_00313,frag_00635,doc_0125,effective_date,"December 31, 2018","December 31, 2018",0.807,"[""qproto_005_variance_explanation"", ""qproto_007_effective_date_lookup""]"
ev_00314,frag_00635,doc_0125,variance,35%,35%,0.665,"[""qproto_005_variance_explanation"", ""qproto_007_effective_date_lookup""]"
ev_00315,frag_00635,doc_0125,variance_driver,the remeasurement of the net deferred tax assets from 35% to 21% and …,"The tax rate in 2017 was unfavorably impacted by the application of the Tax Act, driven by the remeasurement of the net…",0.665,"[""qproto_005_variance_explanation"", ""qproto_007_effective_date_lookup""]"
ev_00316,frag_00636,doc_0125,variance_driver,"cash generated from operating activities of $64,405 and net proceeds …",The decrease in cash and cash equivalents of $692 was primarily driven by cash generated from operating activities of $…,0.665,"[""qproto_005_variance_explanation""]"
ev_00317,frag_00641,doc_0127,variance_driver,"write-offs of $64 million, primarily of receivables previously reserv…","The decline in the allowance for credit losses was driven by write-offs of $64 million, primarily of receivables previo…",0.665,"[""qproto_005_variance_explanation""]"
ev_00318,frag_00643,doc_0127,variance_driver,higher returns on plan assets and plan remeasurements,higher returns on plan assets and plan remeasurements,0.665,"[""qproto_005_variance_explanation""]"
ev_00319,frag_00645,doc_0127,region,Global,Global,0.741,"[""qproto_005_variance_explanation"", ""qproto_008_threshold_lookup""]"
ev_00320,frag_00645,doc_0127,amount_threshold,"$62,899","$62,899",0.741,"[""qproto_005_variance_explanation"", ""qproto_008_threshold_lookup""]"
ev_00321,frag_00645,doc_0127,variance_driver,"issuances of $32,415 million","issuances of $32,415 million",0.665,"[""qproto_005_variance_explanation"", ""qproto_008_threshold_lookup""]"
ev_00322,frag_00648,doc_0129,exception,pages,pages,0.684,"[""qproto_004_exception_lookup""]"
ev_00323,frag_00648,doc_0129,condition,pages,pages,0.684,"[""qproto_004_exception_lookup""]"
ev_00324,frag_00650,doc_0129,amount_threshold,$13.00,$13.00,0.741,"[""qproto_001_threshold_lookup""]"
ev_00325,frag_00651,doc_0129,amount_threshold,$235.8 million,$235.8 million,0.741,"[""qproto_001_threshold_lookup""]"
ev_00326,frag_00656,doc_0129,exception,pages,pages,0.684,"[""qproto_004_exception_lookup""]"
ev_00327,frag_00656,doc_0129,condition,pages,pages,0.684,"[""qproto_004_exception_lookup""]"
ev_00328,frag_00661,doc_0131,exception,pages,pages,0.684,"[""qproto_004_exception_lookup""]"
ev_00329,frag_00661,doc_0131,condition,pages,pages,0.684,"[""qproto_004_exception_lookup""]"
ev_00330,frag_00662,doc_0131,variance,"2018 July 27, 2019 (1) July 28, 2018 July 29, 2017 Variance in Dollars Variance…","2018 July 27, 2019 (1) July 28, 2018 July 29, 2017 Variance in Dollars Variance in Percent Revenue:",0.665,"[""qproto_002_metric_lookup"", ""qproto_010_variance_explanation""]"
ev_00331,frag_00662,doc_0131,metric,revenue,revenue,0.76,"[""qproto_002_metric_lookup"", ""qproto_010_variance_explanation""]"
ev_00332,frag_00662,doc_0131,value,"$ 39,005","$ 39,005",0.76,"[""qproto_002_metric_lookup"", ""qproto_010_variance_explanation""]"
ev_00333,frag_00663,doc_0131,metric,Revenue,Revenue,0.76,"[""qproto_002_metric_lookup"", ""qproto_010_variance_explanation""]"
ev_00334,frag_00663,doc_0131,value,24.9%,24.9%,0.76,"[""qproto_002_metric_lookup"", ""qproto_010_variance_explanation""]"
ev_00335,frag_00663,doc_0131,variance,24.9%,24.9%,0.665,"[""qproto_002_metric_lookup"", ""qproto_010_variance_explanation""]"
ev_00336,frag_00664,doc_0131,exception,pages,pages,0.684,"[""qproto_004_exception_lookup""]"
ev_00337,frag_00664,doc_0131,condition,pages,pages,0.684,"[""qproto_004_exception_lookup""]"
ev_00338,frag_00665,doc_0131,variance,"2018 July 27, 2019 July 28, 2018 July 29, 2017 Variance in Dollars Variance in …","2018 July 27, 2019 July 28, 2018 July 29, 2017 Variance in Dollars Variance in Percent Revenue:",0.665,"[""qproto_002_metric_lookup"", ""qproto_010_variance_explanation""]"
ev_00339,frag_00665,doc_0131,metric,revenue,revenue,0.76,"[""qproto_002_metric_lookup"", ""qproto_010_variance_explanation""]"
ev_00340,frag_00665,doc_0131,value,"$ 30,927","$ 30,927",0.76,"[""qproto_002_metric_lookup"", ""qproto_010_variance_explanation""]"
ev_00341,frag_00666,doc_0131,rule,"15.2% 15.9% 15.9% Total . $ 51,904 $ 49,330 $ 48,005 $ 2,574 5% pages.[0].block…","15.2% 15.9% 15.9% Total . $ 51,904 $ 49,330 $ 48,005 $ 2,574 5% pages.[0].blocks.[8].words.word_list.[0] = Years pages.…",0.589,"[""qproto_002_metric_lookup"", ""qproto_003_rule_lookup"", ""qproto_010_variance_explanation""]"
ev_00342,frag_00666,doc_0131,metric,Revenue,Revenue,0.76,"[""qproto_002_metric_lookup"", ""qproto_003_rule_lookup"", ""qproto_010_variance_explanation""]"
ev_00343,frag_00666,doc_0131,value,15.2%,15.2%,0.76,"[""qproto_002_metric_lookup"", ""qproto_003_rule_lookup"", ""qproto_010_variance_explanation""]"
ev_00344,frag_00666,doc_0131,variance,15.2%,15.2%,0.665,"[""qproto_002_metric_lookup"", ""qproto_003_rule_lookup"", ""qproto_010_variance_explanation""]"
ev_00345,frag_00667,doc_0131,metric,revenue,revenue,0.76,"[""qproto_002_metric_lookup"", ""qproto_005_variance_explanation""]"
ev_00346,frag_00667,doc_0131,value,6%,6%,0.76,"[""qproto_002_metric_lookup"", ""qproto_005_variance_explanation""]"
ev_00347,frag_00667,doc_0131,variance,1%,1%,0.665,"[""qproto_002_metric_lookup"", ""qproto_005_variance_explanation""]"
ev_00348,frag_00667,doc_0131,variance_driver,a 16% decrease in product revenue in China and a decrease of 1% in Br…,"Product revenue for the BRICM countries, in the aggregate, experienced 1% product revenue decline, driven by a 16% decr…",0.665,"[""qproto_002_metric_lookup"", ""qproto_005_variance_explanation""]"
ev_00349,frag_00668,doc_0131,metric,revenue,revenue,0.76,"[""qproto_002_metric_lookup""]"
ev_00350,frag_00668,doc_0131,value,26%,26%,0.76,"[""qproto_002_metric_lookup""]"
ev_00351,frag_00671,doc_0133,amount_threshold,"$ 3,888","$ 3,888",0.741,"[""qproto_001_threshold_lookup""]"
ev_00352,frag_00685,doc_0137,metric,revenue,revenue,0.76,"[""qproto_002_metric_lookup"", ""qproto_005_variance_explanation""]"
ev_00353,frag_00685,doc_0137,value,$ 382.2,$ 382.2,0.76,"[""qproto_002_metric_lookup"", ""qproto_005_variance_explanation""]"
ev_00354,frag_00685,doc_0137,variance_driver,payments received in advance of satisfying our performance obligation…,Domains $ 382.2 $ 365.8 Hosting and presence 187.2 180.6 Business applications 85.0 77.4 pages.[0].blocks.[3].words.wor…,0.665,"[""qproto_002_metric_lookup"", ""qproto_005_variance_explanation""]"
ev_00355,frag_00686,doc_0137,amount_threshold,"$1,488.2","$1,488.2",0.741,"[""qproto_001_threshold_lookup"", ""qproto_002_metric_lookup""]"
ev_00356,frag_00686,doc_0137,metric,revenue,revenue,0.76,"[""qproto_001_threshold_lookup"", ""qproto_002_metric_lookup""]"
ev_00357,frag_00686,doc_0137,value,"$1,488.2","$1,488.2",0.76,"[""qproto_001_threshold_lookup"", ""qproto_002_metric_lookup""]"
ev_00358,frag_00691,doc_0139,scope,the stated audience,"In the absence of such financing or third-party license or collaboration agreements, the Company will be required to sc…",0.665,"[""qproto_003_rule_lookup"", ""qproto_006_applicability_check""]"
ev_00359,frag_00691,doc_0139,audience,the stated audience,"In the absence of such financing or third-party license or collaboration agreements, the Company will be required to sc…",0.665,"[""qproto_003_rule_lookup"", ""qproto_006_applicability_check""]"
ev_00360,frag_00691,doc_0139,rule,In the absence of such financing or third-party license or collaboration agreem…,"In the absence of such financing or third-party license or collaboration agreements, the Company will be required to sc…",0.589,"[""qproto_003_rule_lookup"", ""qproto_006_applicability_check""]"
ev_00361,frag_00697,doc_0139,region,us,us,0.741,"[""qproto_002_metric_lookup"", ""qproto_003_rule_lookup"", ""qproto_006_applicability_check"", ""qproto_008_threshold_lookup""]"
ev_00362,frag_00697,doc_0139,amount_threshold,$862,$862,0.741,"[""qproto_002_metric_lookup"", ""qproto_003_rule_lookup"", ""qproto_006_applicability_check"", ""qproto_008_threshold_lookup""]"
ev_00363,frag_00697,doc_0139,scope,the stated audience,"Cash Flows Comparison of Years Ended December 31, 2019 and 2018 The following table summarizes our cash flows for the y…",0.665,"[""qproto_002_metric_lookup"", ""qproto_003_rule_lookup"", ""qproto_006_applicability_check"", ""qproto_008_threshold_lookup""]"
ev_00364,frag_00697,doc_0139,audience,the stated audience,"Cash Flows Comparison of Years Ended December 31, 2019 and 2018 The following table summarizes our cash flows for the y…",0.665,"[""qproto_002_metric_lookup"", ""qproto_003_rule_lookup"", ""qproto_006_applicability_check"", ""qproto_008_threshold_lookup""]"
ev_00365,frag_00697,doc_0139,rule,"Cash Flows Comparison of Years Ended December 31, 2019 and 2018 The following t…","Cash Flows Comparison of Years Ended December 31, 2019 and 2018 The following table summarizes our cash flows for the y…",0.589,"[""qproto_002_metric_lookup"", ""qproto_003_rule_lookup"", ""qproto_006_applicability_check"", ""qproto_008_threshold_lookup""]"
ev_00366,frag_00697,doc_0139,metric,revenue,revenue,0.76,"[""qproto_002_metric_lookup"", ""qproto_003_rule_lookup"", ""qproto_006_applicability_check"", ""qproto_008_threshold_lookup""]"
ev_00367,frag_00697,doc_0139,value,$862,$862,0.76,"[""qproto_002_metric_lookup"", ""qproto_003_rule_lookup"", ""qproto_006_applicability_check"", ""qproto_008_threshold_lookup""]"
ev_00368,frag_00698,doc_0139,metric,revenue,revenue,0.76,"[""qproto_002_metric_lookup""]"
ev_00369,frag_00698,doc_0139,value,$154 thousand,$154 thousand,0.76,"[""qproto_002_metric_lookup""]"
ev_00370,frag_00699,doc_0139,metric,revenue,revenue,0.76,"[""qproto_002_metric_lookup""]"
ev_00371,frag_00699,doc_0139,value,$55 thousand,$55 thousand,0.76,"[""qproto_002_metric_lookup""]"
ev_00372,frag_00701,doc_0141,exception,pages,pages,0.684,"[""qproto_004_exception_lookup""]"
ev_00373,frag_00701,doc_0141,condition,pages,pages,0.684,"[""qproto_004_exception_lookup""]"
ev_00374,frag_00702,doc_0141,amount_threshold,$4.6 million,$4.6 million,0.741,"[""qproto_001_threshold_lookup""]"
ev_00375,frag_00704,doc_0141,amount_threshold,$0.12,$0.12,0.741,"[""qproto_001_threshold_lookup""]"
ev_00376,frag_00706,doc_0141,region,United States,United States,0.741,"[""qproto_008_threshold_lookup""]"
ev_00377,frag_00706,doc_0141,amount_threshold,$2.9 million,$2.9 million,0.741,"[""qproto_008_threshold_lookup""]"
ev_00378,frag_00709,doc_0141,amount_threshold,$26.5,$26.5,0.741,"[""qproto_001_threshold_lookup""]"
ev_00379,frag_00710,doc_0141,amount_threshold,"$ 13,162","$ 13,162",0.741,"[""qproto_001_threshold_lookup""]"
ev_00380,frag_00711,doc_0141,scope,the stated audience,"4,479 757 — Additions based on tax positions taken during the current period . — — 4,433 Reductions based on tax positi…",0.665,"[""qproto_006_applicability_check""]"
ev_00381,frag_00711,doc_0141,audience,the stated audience,"4,479 757 — Additions based on tax positions taken during the current period . — — 4,433 Reductions based on tax positi…",0.665,"[""qproto_006_applicability_check""]"
ev_00382,frag_00713,doc_0141,scope,the stated audience,We expect the total amount of tax contingencies will decrease by approximately $3.5 million in 2020 based on statute of…,0.665,"[""qproto_006_applicability_check""]"
ev_00383,frag_00713,doc_0141,audience,the stated audience,We expect the total amount of tax contingencies will decrease by approximately $3.5 million in 2020 based on statute of…,0.665,"[""qproto_006_applicability_check""]"
ev_00384,frag_00714,doc_0141,exception,pages,pages,0.684,"[""qproto_004_exception_lookup""]"
ev_00385,frag_00714,doc_0141,condition,pages,pages,0.684,"[""qproto_004_exception_lookup""]"
ev_00386,frag_00716,doc_0141,exception,that the denominator is increased to include the number of additional common sh…,The computation of diluted EPS is similar to the computation of basic EPS except that the denominator is increased to i…,0.684,"[""qproto_004_exception_lookup""]"
ev_00387,frag_00716,doc_0141,condition,that the denominator is increased to include the number of …,The computation of diluted EPS is similar to the computation of basic EPS except that the denominator is increased to i…,0.684,"[""qproto_004_exception_lookup""]"
ev_00388,frag_00719,doc_0141,amount_threshold,$ 1.47,$ 1.47,0.741,"[""qproto_001_threshold_lookup""]"
ev_00389,frag_00722,doc_0141,amount_threshold,$50.0 million,$50.0 million,0.741,"[""qproto_001_threshold_lookup""]"
ev_00390,frag_00735,doc_0145,amount_threshold,$25.0 million,$25.0 million,0.741,"[""qproto_001_threshold_lookup""]"
ev_00391,frag_00735,doc_0145,amount_threshold,$50.0 million,$50.0 million,0.741,"[""qproto_001_threshold_lookup""]"
ev_00392,frag_00737,doc_0145,amount_threshold,$25.0,$25.0,0.741,"[""qproto_001_threshold_lookup""]"
ev_00393,frag_00738,doc_0145,rule,The 2016 Credit Facility required us to maintain compliance with customary affi…,"The 2016 Credit Facility required us to maintain compliance with customary affirmative and negative covenants, includin…",0.589,"[""qproto_003_rule_lookup""]"
ev_00394,frag_00753,doc_0147,amount_threshold,$0.7 million,$0.7 million,0.741,"[""qproto_001_threshold_lookup""]"
ev_00395,frag_00754,doc_0147,amount_threshold,$0.7,$0.7,0.741,"[""qproto_001_threshold_lookup""]"
ev_00396,frag_00759,doc_0149,metric,Gross margin,Gross margin,0.76,"[""qproto_002_metric_lookup""]"
ev_00397,frag_00759,doc_0149,value,"$ 468,999","$ 468,999",0.76,"[""qproto_002_metric_lookup""]"
ev_00398,frag_00760,doc_0151,amount_threshold,"$ 140,233","$ 140,233",0.741,"[""qproto_001_threshold_lookup""]"
ev_00399,frag_00761,doc_0151,amount_threshold,$16.1 million,$16.1 million,0.741,"[""qproto_001_threshold_lookup""]"
ev_00400,frag_00764,doc_0151,variance_driver,changes in the fair value of earn-out liabilities of $4,changes in the fair value of earn-out liabilities of $4,0.665,"[""qproto_005_variance_explanation""]"
ev_00401,frag_00765,doc_0151,variance_driver,$16,$16,0.665,"[""qproto_005_variance_explanation""]"
ev_00402,frag_00766,doc_0151,variance_driver,$145,$145,0.665,"[""qproto_005_variance_explanation""]"
ev_00403,frag_00769,doc_0153,metric,revenue,revenue,0.76,"[""qproto_002_metric_lookup""]"
ev_00404,frag_00769,doc_0153,value,10%,10%,0.76,"[""qproto_002_metric_lookup""]"
ev_00405,frag_00772,doc_0153,metric,revenue,revenue,0.76,"[""qproto_002_metric_lookup""]"
ev_00406,frag_00772,doc_0153,value,13%,13%,0.76,"[""qproto_002_metric_lookup""]"
ev_00407,frag_00778,doc_0155,metric,Gross Margin,Gross Margin,0.76,"[""qproto_002_metric_lookup""]"
ev_00408,frag_00778,doc_0155,value,"$ 132,426","$ 132,426",0.76,"[""qproto_002_metric_lookup""]"
ev_00409,frag_00779,doc_0155,metric,gross margin,gross margin,0.76,"[""qproto_002_metric_lookup""]"
ev_00410,frag_00779,doc_0155,value,$19.0 million,$19.0 million,0.76,"[""qproto_002_metric_lookup""]"
ev_00411,frag_00780,doc_0155,amount_threshold,"$ 183,385","$ 183,385",0.741,"[""qproto_001_threshold_lookup""]"
ev_00412,frag_00785,doc_0157,amount_threshold,"$250,000","$250,000",0.741,"[""qproto_001_threshold_lookup""]"
ev_00413,frag_00790,doc_0157,amount_threshold,"$ 3,445","$ 3,445",0.741,"[""qproto_001_threshold_lookup"", ""qproto_002_metric_lookup""]"
ev_00414,frag_00790,doc_0157,metric,revenue,revenue,0.76,"[""qproto_001_threshold_lookup"", ""qproto_002_metric_lookup""]"
ev_00415,frag_00790,doc_0157,value,"$ 3,445","$ 3,445",0.76,"[""qproto_001_threshold_lookup"", ""qproto_002_metric_lookup""]"
ev_00416,frag_00792,doc_0157,amount_threshold,$0.6 million,$0.6 million,0.741,"[""qproto_001_threshold_lookup""]"
ev_00417,frag_00796,doc_0157,amount_threshold,"$264,000","$264,000",0.741,"[""qproto_001_threshold_lookup""]"
ev_00418,frag_00797,doc_0157,rule,"On an ongoing basis, the Company reviews intangible assets with a definite life…","On an ongoing basis, the Company reviews intangible assets with a definite life and other long-lived assets for impairm…",0.589,"[""qproto_003_rule_lookup""]"
ev_00419,frag_00799,doc_0157,amount_threshold,$ 656,$ 656,0.741,"[""qproto_001_threshold_lookup"", ""qproto_002_metric_lookup""]"
ev_00420,frag_00799,doc_0157,metric,Revenue,Revenue,0.76,"[""qproto_001_threshold_lookup"", ""qproto_002_metric_lookup""]"
ev_00421,frag_00799,doc_0157,value,$ 656,$ 656,0.76,"[""qproto_001_threshold_lookup"", ""qproto_002_metric_lookup""]"
ev_00422,frag_00808,doc_0159,metric,Revenue,Revenue,0.76,"[""qproto_002_metric_lookup""]"
ev_00423,frag_00808,doc_0159,value,"$ 1,310.2","$ 1,310.2",0.76,"[""qproto_002_metric_lookup""]"
ev_00424,frag_00820,doc_0161,amount_threshold,$985.0 million,$985.0 million,0.741,"[""qproto_001_threshold_lookup""]"
ev_00425,frag_00822,doc_0161,rule,"Depending on certain growth opportunities, we pages.[0].blocks.[9].words.word_l…","Depending on certain growth opportunities, we pages.[0].blocks.[9].words.word_list.[0] = We pages.[0].blocks.[9].words.…",0.589,"[""qproto_003_rule_lookup""]"
ev_00426,frag_00826,doc_0161,rule,"In addition, we may enter into agreements or letters of intent with respect to …","In addition, we may enter into agreements or letters of intent with respect to potential investments in, or acquisition…",0.589,"[""qproto_002_metric_lookup"", ""qproto_003_rule_lookup""]"
ev_00427,frag_00826,doc_0161,metric,revenue,revenue,0.76,"[""qproto_002_metric_lookup"", ""qproto_003_rule_lookup""]"
ev_00428,frag_00826,doc_0161,value,"$ 115,549","$ 115,549",0.76,"[""qproto_002_metric_lookup"", ""qproto_003_rule_lookup""]"
ev_00429,frag_00832,doc_0165,exception,pages,pages,0.684,"[""qproto_004_exception_lookup""]"
ev_00430,frag_00832,doc_0165,condition,pages,pages,0.684,"[""qproto_004_exception_lookup""]"
ev_00431,frag_00833,doc_0165,exception,previously utilized,previously utilized,0.684,"[""qproto_004_exception_lookup""]"
ev_00432,frag_00833,doc_0165,condition,previously utilized,previously utilized,0.684,"[""qproto_004_exception_lookup""]"
ev_00433,frag_00834,doc_0165,exception,previously utilized,previously utilized,0.684,"[""qproto_004_exception_lookup""]"
ev_00434,frag_00834,doc_0165,condition,previously utilized,previously utilized,0.684,"[""qproto_004_exception_lookup""]"
ev_00435,frag_00835,doc_0165,amount_threshold,$24.5 million,$24.5 million,0.741,"[""qproto_001_threshold_lookup"", ""qproto_004_exception_lookup""]"
ev_00436,frag_00835,doc_0165,exception,pages,pages,0.684,"[""qproto_001_threshold_lookup"", ""qproto_004_exception_lookup""]"
ev_00437,frag_00835,doc_0165,condition,pages,pages,0.684,"[""qproto_001_threshold_lookup"", ""qproto_004_exception_lookup""]"
ev_00438,frag_00836,doc_0165,rule,Forming a conclusion that a valuation allowance is not required is difficult wh…,Forming a conclusion that a valuation allowance is not required is difficult when there is negative evidence such as cu…,0.589,"[""qproto_003_rule_lookup""]"
ev_00439,frag_00839,doc_0165,amount_threshold,$51.2,$51.2,0.741,"[""qproto_001_threshold_lookup"", ""qproto_003_rule_lookup""]"
ev_00440,frag_00839,doc_0165,rule,The Company does not incur expense or benefit in certain tax-free jurisdictions…,The Company does not incur expense or benefit in certain tax-free jurisdictions in which it operates. pages.[0].blocks.…,0.589,"[""qproto_001_threshold_lookup"", ""qproto_003_rule_lookup""]"
ev_00441,frag_00849,doc_0167,metric,revenue,revenue,0.76,"[""qproto_002_metric_lookup""]"
ev_00442,frag_00849,doc_0167,value,"$167,735","$167,735",0.76,"[""qproto_002_metric_lookup""]"
ev_00443,frag_00850,doc_0169,metric,revenue,revenue,0.76,"[""qproto_002_metric_lookup""]"
ev_00444,frag_00850,doc_0169,value,100 %,100 %,0.76,"[""qproto_002_metric_lookup""]"
ev_00445,frag_00851,doc_0169,amount_threshold,"$ 3,123","$ 3,123",0.741,"[""qproto_001_threshold_lookup"", ""qproto_002_metric_lookup"", ""qproto_004_exception_lookup""]"
ev_00446,frag_00851,doc_0169,exception,pages,pages,0.684,"[""qproto_001_threshold_lookup"", ""qproto_002_metric_lookup"", ""qproto_004_exception_lookup""]"
ev_00447,frag_00851,doc_0169,condition,pages,pages,0.684,"[""qproto_001_threshold_lookup"", ""qproto_002_metric_lookup"", ""qproto_004_exception_lookup""]"
ev_00448,frag_00851,doc_0169,metric,revenue,revenue,0.76,"[""qproto_001_threshold_lookup"", ""qproto_002_metric_lookup"", ""qproto_004_exception_lookup""]"
ev_00449,frag_00851,doc_0169,value,"$ 3,123","$ 3,123",0.76,"[""qproto_001_threshold_lookup"", ""qproto_002_metric_lookup"", ""qproto_004_exception_lookup""]"
ev_00450,frag_00852,doc_0169,metric,revenue,revenue,0.76,"[""qproto_002_metric_lookup""]"
ev_00451,frag_00852,doc_0169,value,46%,46%,0.76,"[""qproto_002_metric_lookup""]"
ev_00452,frag_00854,doc_0169,amount_threshold,"$ 10,310","$ 10,310",0.741,"[""qproto_001_threshold_lookup"", ""qproto_002_metric_lookup"", ""qproto_004_exception_lookup""]"
ev_00453,frag_00854,doc_0169,exception,pages,pages,0.684,"[""qproto_001_threshold_lookup"", ""qproto_002_metric_lookup"", ""qproto_004_exception_lookup""]"
ev_00454,frag_00854,doc_0169,condition,pages,pages,0.684,"[""qproto_001_threshold_lookup"", ""qproto_002_metric_lookup"", ""qproto_004_exception_lookup""]"
ev_00455,frag_00854,doc_0169,metric,Revenue,Revenue,0.76,"[""qproto_001_threshold_lookup"", ""qproto_002_metric_lookup"", ""qproto_004_exception_lookup""]"
ev_00456,frag_00854,doc_0169,value,"$ 10,310","$ 10,310",0.76,"[""qproto_001_threshold_lookup"", ""qproto_002_metric_lookup"", ""qproto_004_exception_lookup""]"
ev_00457,frag_00861,doc_0173,metric,revenue,revenue,0.76,"[""qproto_002_metric_lookup"", ""qproto_010_variance_explanation""]"
ev_00458,frag_00861,doc_0173,value,"$ 6,489","$ 6,489",0.76,"[""qproto_002_metric_lookup"", ""qproto_010_variance_explanation""]"
ev_00459,frag_00861,doc_0173,variance,pages.[0].bbox.[0] = 0 pages.[0].bbox.[1] = 0 pages.[0].bbox.[2] = 1240 pages.[…,pages.[0].bbox.[0] = 0 pages.[0].bbox.[1] = 0 pages.[0].bbox.[2] = 1240 pages.[0].bbox.[3] = 1610 pages.[0].blocks.[0].…,0.665,"[""qproto_002_metric_lookup"", ""qproto_010_variance_explanation""]"
ev_00460,frag_00862,doc_0173,variance_driver,various other franchises and titles,various other franchises and titles,0.665,"[""qproto_005_variance_explanation""]"
ev_00461,frag_00869,doc_0175,metric,revenue,revenue,0.76,"[""qproto_002_metric_lookup""]"
ev_00462,frag_00869,doc_0175,value,$ 822,$ 822,0.76,"[""qproto_002_metric_lookup""]"
ev_00463,frag_00877,doc_0179,exception,pages,pages,0.684,"[""qproto_004_exception_lookup""]"
ev_00464,frag_00877,doc_0179,condition,pages,pages,0.684,"[""qproto_004_exception_lookup""]"
ev_00465,frag_00880,doc_0179,amount_threshold,$2.4 million,$2.4 million,0.741,"[""qproto_001_threshold_lookup"", ""qproto_003_rule_lookup""]"
ev_00466,frag_00880,doc_0179,rule,"A number of leases require the Company to pay certain executory costs (taxes, i…","A number of leases require the Company to pay certain executory costs (taxes, insurance, and maintenance) and contain c…",0.589,"[""qproto_001_threshold_lookup"", ""qproto_003_rule_lookup""]"
ev_00467,frag_00881,doc_0179,amount_threshold,$13.3 million,$13.3 million,0.741,"[""qproto_001_threshold_lookup"", ""qproto_003_rule_lookup""]"
ev_00468,frag_00881,doc_0179,rule,Annual rental expenses for operating leases were included in results of operati…,"Annual rental expenses for operating leases were included in results of operations and were $13.3 million, $10.7 millio…",0.589,"[""qproto_001_threshold_lookup"", ""qproto_003_rule_lookup""]"
ev_00469,frag_00897,doc_0183,metric,revenue,revenue,0.76,"[""qproto_002_metric_lookup""]"
ev_00470,frag_00897,doc_0183,value,"$ 2,205,348","$ 2,205,348",0.76,"[""qproto_002_metric_lookup""]"
ev_00471,frag_00902,doc_0185,variance_driver,the growing adoption of cloud computing and increased consumer intern…,"Driven by the growing adoption of cloud computing and increased consumer internet traffic, market demand for server and…",0.665,"[""qproto_005_variance_explanation""]"
ev_00472,frag_00906,doc_0185,variance_driver,networking investments by telecom service providers and enterprises u…,"In networking, demand is driven by networking investments by telecom service providers and enterprises upgrading of the…",0.665,"[""qproto_005_variance_explanation""]"
ev_00473,frag_00907,doc_0185,region,us,us,0.741,"[""qproto_002_metric_lookup"", ""qproto_008_threshold_lookup""]"
ev_00474,frag_00907,doc_0185,amount_threshold,"$ 788,948","$ 788,948",0.741,"[""qproto_002_metric_lookup"", ""qproto_008_threshold_lookup""]"
ev_00475,frag_00907,doc_0185,metric,revenue,revenue,0.76,"[""qproto_002_metric_lookup"", ""qproto_008_threshold_lookup""]"
ev_00476,frag_00907,doc_0185,value,"$ 788,948","$ 788,948",0.76,"[""qproto_002_metric_lookup"", ""qproto_008_threshold_lookup""]"
ev_00477,frag_00924,doc_0185,metric,operating expenses,operating expenses,0.76,"[""qproto_002_metric_lookup""]"
ev_00478,frag_00924,doc_0185,value,"$ 261,264","$ 261,264",0.76,"[""qproto_002_metric_lookup""]"
ev_00479,frag_00931,doc_0187,rule,Due to their limited investor base and the face value of some of our senior not…,"Due to their limited investor base and the face value of some of our senior notes, they may not be actively traded on t…",0.589,"[""qproto_003_rule_lookup""]"
ev_00480,frag_00933,doc_0187,scope,the stated audience,We also incorporated our credit default swap rates and currency specific swap rates in the valuation of each debt instr…,0.665,"[""qproto_006_applicability_check""]"
ev_00481,frag_00933,doc_0187,audience,the stated audience,We also incorporated our credit default swap rates and currency specific swap rates in the valuation of each debt instr…,0.665,"[""qproto_006_applicability_check""]"
ev_00482,frag_00934,doc_0187,region,US,US,0.741,"[""qproto_003_rule_lookup"", ""qproto_008_threshold_lookup""]"
ev_00483,frag_00934,doc_0187,amount_threshold,$ 474.6,$ 474.6,0.741,"[""qproto_003_rule_lookup"", ""qproto_008_threshold_lookup""]"
ev_00484,frag_00934,doc_0187,rule,Changes in assumptions could significantly affect our estimates. pages.[0].bloc…,Changes in assumptions could significantly affect our estimates. pages.[0].blocks.[10].words.word_list.[0] = These page…,0.589,"[""qproto_003_rule_lookup"", ""qproto_008_threshold_lookup""]"
ev_00485,frag_00936,doc_0187,rule,Included among our non-financial assets and liabilities that are not required t…,Included among our non-financial assets and liabilities that are not required to be measured at fair value on a recurri…,0.589,"[""qproto_003_rule_lookup""]"
ev_00486,frag_00940,doc_0187,rule,We do not use derivative financial instruments for trading or other speculative…,We do not use derivative financial instruments for trading or other speculative purposes and do not use leveraged deriv…,0.589,"[""qproto_003_rule_lookup""]"
ev_00487,frag_00942,doc_0187,rule,Our sales are not materially dependent on a single customer or a small group of…,Our sales are not materially dependent on a single customer or a small group of customers. pages.[1].blocks.[22].words.…,0.589,"[""qproto_003_rule_lookup""]"
ev_00488,frag_00956,doc_0189,exception,legally required,legally required,0.684,"[""qproto_003_rule_lookup"", ""qproto_004_exception_lookup""]"
ev_00489,frag_00956,doc_0189,condition,legally required,legally required,0.684,"[""qproto_003_rule_lookup"", ""qproto_004_exception_lookup""]"
ev_00490,frag_00956,doc_0189,rule,"Due to the FCC’s rules restricting communications regarding the auction, we wil…","Due to the FCC’s rules restricting communications regarding the auction, we will not disclose our financial plans for t…",0.589,"[""qproto_003_rule_lookup"", ""qproto_004_exception_lookup""]"
ev_00491,frag_00957,doc_0189,scope,the stated audience,"Such gain or loss, if any, may be material. pages.[0].blocks.[17].words.word_list.[0] = In pages.[0].blocks.[17].words.…",0.665,"[""qproto_003_rule_lookup"", ""qproto_004_exception_lookup"", ""qproto_006_applicability_check""]"
ev_00492,frag_00957,doc_0189,audience,the stated audience,"Such gain or loss, if any, may be material. pages.[0].blocks.[17].words.word_list.[0] = In pages.[0].blocks.[17].words.…",0.665,"[""qproto_003_rule_lookup"", ""qproto_004_exception_lookup"", ""qproto_006_applicability_check""]"
ev_00493,frag_00957,doc_0189,exception,pages,pages,0.684,"[""qproto_003_rule_lookup"", ""qproto_004_exception_lookup"", ""qproto_006_applicability_check""]"
ev_00494,frag_00957,doc_0189,condition,pages,pages,0.684,"[""qproto_003_rule_lookup"", ""qproto_004_exception_lookup"", ""qproto_006_applicability_check""]"
ev_00495,frag_00957,doc_0189,rule,"Such gain or loss, if any, may be material. pages.[0].blocks.[17].words.word_li…","Such gain or loss, if any, may be material. pages.[0].blocks.[17].words.word_list.[0] = In pages.[0].blocks.[17].words.…",0.589,"[""qproto_003_rule_lookup"", ""qproto_004_exception_lookup"", ""qproto_006_applicability_check""]"
ev_00496,frag_00960,doc_0191,rule,pages.[0].bbox.[0] = 0 pages.[0].bbox.[1] = 0 pages.[0].bbox.[2] = 1240 pages.[…,pages.[0].bbox.[0] = 0 pages.[0].bbox.[1] = 0 pages.[0].bbox.[2] = 1240 pages.[0].bbox.[3] = 1610 pages.[0].blocks.[0].…,0.589,"[""qproto_003_rule_lookup""]"
ev_00497,frag_00962,doc_0191,variance_driver,a $111,a $111,0.665,"[""qproto_005_variance_explanation""]"
ev_00498,frag_00964,doc_0191,variance_driver,a $10,a $10,0.665,"[""qproto_005_variance_explanation""]"
ev_00499,frag_00966,doc_0191,variance_driver,a $15,a $15,0.665,"[""qproto_005_variance_explanation""]"
ev_00500,frag_00967,doc_0191,metric,Gross Margin,Gross Margin,0.76,"[""qproto_002_metric_lookup""]"
ev_00501,frag_00967,doc_0191,value,$5.5 million,$5.5 million,0.76,"[""qproto_002_metric_lookup""]"
ev_00502,frag_00968,doc_0191,metric,Gross margin,Gross margin,0.76,"[""qproto_002_metric_lookup""]"
ev_00503,frag_00968,doc_0191,value,35.1%,35.1%,0.76,"[""qproto_002_metric_lookup""]"
ev_00504,frag_00983,doc_0193,amount_threshold,$61.2 million,$61.2 million,0.741,"[""qproto_001_threshold_lookup"", ""qproto_002_metric_lookup""]"
ev_00505,frag_00983,doc_0193,metric,revenue,revenue,0.76,"[""qproto_001_threshold_lookup"", ""qproto_002_metric_lookup""]"
ev_00506,frag_00983,doc_0193,value,$61.2 million,$61.2 million,0.76,"[""qproto_001_threshold_lookup"", ""qproto_002_metric_lookup""]"
ev_00507,frag_00984,doc_0193,amount_threshold,$61.2,$61.2,0.741,"[""qproto_001_threshold_lookup"", ""qproto_002_metric_lookup""]"
ev_00508,frag_00984,doc_0193,metric,services revenue,services revenue,0.76,"[""qproto_001_threshold_lookup"", ""qproto_002_metric_lookup""]"
ev_00509,frag_00984,doc_0193,value,29%,29%,0.76,"[""qproto_001_threshold_lookup"", ""qproto_002_metric_lookup""]"
ev_00510,frag_00985,doc_0193,rule,The Group does not require collateral in respect of financial assets. pages.[0]…,The Group does not require collateral in respect of financial assets. pages.[0].blocks.[31].words.word_list.[0] = The p…,0.589,"[""qproto_003_rule_lookup""]"
ev_00511,frag_00989,doc_0195,metric,Revenue,Revenue,0.76,"[""qproto_002_metric_lookup""]"
ev_00512,frag_00989,doc_0195,value,$ 266,$ 266,0.76,"[""qproto_002_metric_lookup""]"
ev_00513,frag_00990,doc_0195,effective_date,"December 22, 2017","December 22, 2017",0.807,"[""qproto_002_metric_lookup"", ""qproto_007_effective_date_lookup""]"
ev_00514,frag_00990,doc_0195,metric,Revenue,Revenue,0.76,"[""qproto_002_metric_lookup"", ""qproto_007_effective_date_lookup""]"
ev_00515,frag_00990,doc_0195,value,$48 million,$48 million,0.76,"[""qproto_002_metric_lookup"", ""qproto_007_effective_date_lookup""]"
ev_00516,frag_00992,doc_0195,effective_date,"January 1, 2018","January 1, 2018",0.807,"[""qproto_007_effective_date_lookup""]"
ev_00517,frag_00996,doc_0195,region,global,global,0.741,"[""qproto_008_threshold_lookup""]"
ev_00518,frag_00996,doc_0195,amount_threshold,$5 million,$5 million,0.741,"[""qproto_008_threshold_lookup""]"
ev_00519,frag_00999,doc_0195,region,global,global,0.741,"[""qproto_002_metric_lookup"", ""qproto_003_rule_lookup"", ""qproto_008_threshold_lookup""]"
ev_00520,frag_00999,doc_0195,amount_threshold,$18 million,$18 million,0.741,"[""qproto_002_metric_lookup"", ""qproto_003_rule_lookup"", ""qproto_008_threshold_lookup""]"
ev_00521,frag_00999,doc_0195,rule,"During fiscal 2017, we adopted a new accounting standard that simplifies stock-…","During fiscal 2017, we adopted a new accounting standard that simplifies stock-based compensation income tax accounting…",0.589,"[""qproto_002_metric_lookup"", ""qproto_003_rule_lookup"", ""qproto_008_threshold_lookup""]"
ev_00522,frag_00999,doc_0195,metric,revenue,revenue,0.76,"[""qproto_002_metric_lookup"", ""qproto_003_rule_lookup"", ""qproto_008_threshold_lookup""]"
ev_00523,frag_00999,doc_0195,value,$18 million,$18 million,0.76,"[""qproto_002_metric_lookup"", ""qproto_003_rule_lookup"", ""qproto_008_threshold_lookup""]"
ev_00524,frag_01002,doc_0195,exception,the stated condition,Certain acquired net operating loss and credit carryforwards are subject to an annual limitation under Internal Revenue…,0.684,"[""qproto_004_exception_lookup""]"
ev_00525,frag_01002,doc_0195,condition,the stated condition,Certain acquired net operating loss and credit carryforwards are subject to an annual limitation under Internal Revenue…,0.684,"[""qproto_004_exception_lookup""]"
ev_00526,frag_01003,doc_0195,amount_threshold,$2,$2,0.741,"[""qproto_001_threshold_lookup"", ""qproto_002_metric_lookup"", ""qproto_004_exception_lookup""]"
ev_00527,frag_01003,doc_0195,exception,the stated condition,The California research credit and Dutch foreign tax credit carryforwards do not expire. pages.[1].blocks.[20].words.wo…,0.684,"[""qproto_001_threshold_lookup"", ""qproto_002_metric_lookup"", ""qproto_004_exception_lookup""]"
ev_00528,frag_01003,doc_0195,condition,the stated condition,The California research credit and Dutch foreign tax credit carryforwards do not expire. pages.[1].blocks.[20].words.wo…,0.684,"[""qproto_001_threshold_lookup"", ""qproto_002_metric_lookup"", ""qproto_004_exception_lookup""]"
ev_00529,frag_01003,doc_0195,metric,Revenue,Revenue,0.76,"[""qproto_001_threshold_lookup"", ""qproto_002_metric_lookup"", ""qproto_004_exception_lookup""]"
ev_00530,frag_01003,doc_0195,value,$2,$2,0.76,"[""qproto_001_threshold_lookup"", ""qproto_002_metric_lookup"", ""qproto_004_exception_lookup""]"
ev_00531,frag_01013,doc_0199,metric,Revenue,Revenue,0.76,"[""qproto_002_metric_lookup""]"
ev_00532,frag_01013,doc_0199,value,"$ 130,000","$ 130,000",0.76,"[""qproto_002_metric_lookup""]"
ev_00533,frag_01019,doc_0199,sla,45 days,45 days,0.741,"[""qproto_012_sla_lookup""]"
ev_00534,frag_01032,doc_0201,amount_threshold,$250 million,$250 million,0.741,"[""qproto_001_threshold_lookup""]"
ev_00535,frag_01033,doc_0201,amount_threshold,$150 million,$150 million,0.741,"[""qproto_001_threshold_lookup""]"
ev_00536,frag_01040,doc_0203,scope,the stated audience,"EXHIBITS, FINANCIAL STATEMENT SCHEDULES. pages.[0].blocks.[16].words.word_list.[0] = Item pages.[0].blocks.[16].words.w…",0.665,"[""qproto_003_rule_lookup"", ""qproto_006_applicability_check""]"
ev_00537,frag_01040,doc_0203,audience,the stated audience,"EXHIBITS, FINANCIAL STATEMENT SCHEDULES. pages.[0].blocks.[16].words.word_list.[0] = Item pages.[0].blocks.[16].words.w…",0.665,"[""qproto_003_rule_lookup"", ""qproto_006_applicability_check""]"
ev_00538,frag_01040,doc_0203,rule,"EXHIBITS, FINANCIAL STATEMENT SCHEDULES. pages.[0].blocks.[16].words.word_list.…","EXHIBITS, FINANCIAL STATEMENT SCHEDULES. pages.[0].blocks.[16].words.word_list.[0] = Item pages.[0].blocks.[16].words.w…",0.589,"[""qproto_003_rule_lookup"", ""qproto_006_applicability_check""]"
ev_00539,frag_01042,doc_0205,amount_threshold,$158.5 million,$158.5 million,0.741,"[""qproto_001_threshold_lookup""]"
ev_00540,frag_01043,doc_0205,region,United States,United States,0.741,"[""qproto_002_metric_lookup"", ""qproto_008_threshold_lookup""]"
ev_00541,frag_01043,doc_0205,amount_threshold,$468.8,$468.8,0.741,"[""qproto_002_metric_lookup"", ""qproto_008_threshold_lookup""]"
ev_00542,frag_01043,doc_0205,metric,revenue,revenue,0.76,"[""qproto_002_metric_lookup"", ""qproto_008_threshold_lookup""]"
ev_00543,frag_01043,doc_0205,value,$468.8,$468.8,0.76,"[""qproto_002_metric_lookup"", ""qproto_008_threshold_lookup""]"
ev_00544,frag_01049,doc_0205,amount_threshold,"$ 1,452.4","$ 1,452.4",0.741,"[""qproto_001_threshold_lookup""]"
ev_00545,frag_01051,doc_0207,rule,"A determination of the amount of an accrual required, if any, for these conting…","A determination of the amount of an accrual required, if any, for these contingencies is made after the analysis of eac…",0.589,"[""qproto_003_rule_lookup""]"
ev_00546,frag_01052,doc_0207,rule,"As additional information becomes available, we reassess the potential liabilit…","As additional information becomes available, we reassess the potential liability related to our pending claims and liti…",0.589,"[""qproto_003_rule_lookup""]"
ev_00547,frag_01054,doc_0207,rule,"In addition, companies are required to capitalize certain contract acquisition …","In addition, companies are required to capitalize certain contract acquisition costs, including commissions paid, when …",0.589,"[""qproto_003_rule_lookup""]"
ev_00548,frag_01055,doc_0207,rule,The asset recognized from capitalized incremental and recoverable acquisition c…,The asset recognized from capitalized incremental and recoverable acquisition costs is amortized on a straight-line bas…,0.589,"[""qproto_002_metric_lookup"", ""qproto_003_rule_lookup""]"
ev_00549,frag_01055,doc_0207,metric,Revenue,Revenue,0.76,"[""qproto_002_metric_lookup"", ""qproto_003_rule_lookup""]"
ev_00550,frag_01055,doc_0207,value,$47 million,$47 million,0.76,"[""qproto_002_metric_lookup"", ""qproto_003_rule_lookup""]"
ev_00551,frag_01056,doc_0207,metric,revenue,revenue,0.76,"[""qproto_002_metric_lookup""]"
ev_00552,frag_01056,doc_0207,value,$47,$47,0.76,"[""qproto_002_metric_lookup""]"
ev_00553,frag_01064,doc_0209,region,USA,USA,0.741,"[""qproto_002_metric_lookup"", ""qproto_008_threshold_lookup""]"
ev_00554,frag_01064,doc_0209,amount_threshold,"$ 1,659","$ 1,659",0.741,"[""qproto_002_metric_lookup"", ""qproto_008_threshold_lookup""]"
ev_00555,frag_01064,doc_0209,metric,revenue,revenue,0.76,"[""qproto_002_metric_lookup"", ""qproto_008_threshold_lookup""]"
ev_00556,frag_01064,doc_0209,value,"$ 1,659","$ 1,659",0.76,"[""qproto_002_metric_lookup"", ""qproto_008_threshold_lookup""]"
ev_00557,frag_01069,doc_0211,amount_threshold,$2.6 million,$2.6 million,0.741,"[""qproto_001_threshold_lookup""]"
ev_00558,frag_01075,doc_0211,exception,pages,pages,0.684,"[""qproto_004_exception_lookup""]"
ev_00559,frag_01075,doc_0211,condition,pages,pages,0.684,"[""qproto_004_exception_lookup""]"
ev_00560,frag_01076,doc_0213,amount_threshold,$2.0 million,$2.0 million,0.741,"[""qproto_001_threshold_lookup""]"
ev_00561,frag_01077,doc_0213,region,United States,United States,0.741,"[""qproto_008_threshold_lookup""]"
ev_00562,frag_01077,doc_0213,amount_threshold,$21.6 million,$21.6 million,0.741,"[""qproto_008_threshold_lookup""]"
ev_00563,frag_01081,doc_0213,rule,These critical accounting policies require us to make difficult and subjective …,"These critical accounting policies require us to make difficult and subjective judgments, often as a result of the need…",0.589,"[""qproto_003_rule_lookup""]"
ev_00564,frag_01081,doc_0213,rule,Those critical accounting policies and estimates that require the most signific…,Those critical accounting policies and estimates that require the most significant judgment are discussed further below.,0.589,"[""qproto_003_rule_lookup""]"
ev_00565,frag_01082,doc_0213,rule,We consider our most critical accounting policies and estimates to be revenue r…,"We consider our most critical accounting policies and estimates to be revenue recognition, gain on settlements, valuati…",0.589,"[""qproto_003_rule_lookup""]"
ev_00566,frag_01089,doc_0215,amount_threshold,$5.3,$5.3,0.741,"[""qproto_001_threshold_lookup""]"
ev_00567,frag_01094,doc_0215,scope,the stated audience,The Company will continue to assess the realizability of its deferred tax assets in each of the applicable jurisdiction…,0.665,"[""qproto_006_applicability_check""]"
ev_00568,frag_01094,doc_0215,audience,the stated audience,The Company will continue to assess the realizability of its deferred tax assets in each of the applicable jurisdiction…,0.665,"[""qproto_006_applicability_check""]"
ev_00569,frag_01098,doc_0217,metric,revenue,revenue,0.76,"[""qproto_002_metric_lookup""]"
ev_00570,frag_01098,doc_0217,value,26.1%,26.1%,0.76,"[""qproto_002_metric_lookup""]"
ev_00571,frag_01102,doc_0219,variance_driver,the growing adoption of cloud computing and increased consumer intern…,"Driven by the growing adoption of cloud computing and increased consumer internet traffic, market demand for server and…",0.665,"[""qproto_005_variance_explanation""]"
ev_00572,frag_01106,doc_0219,variance_driver,networking investments by telecom service providers and enterprises u…,"In networking, demand is driven by networking investments by telecom service providers and enterprises upgrading of the…",0.665,"[""qproto_005_variance_explanation""]"
ev_00573,frag_01107,doc_0219,region,us,us,0.741,"[""qproto_002_metric_lookup"", ""qproto_008_threshold_lookup""]"
ev_00574,frag_01107,doc_0219,amount_threshold,"$ 788,948","$ 788,948",0.741,"[""qproto_002_metric_lookup"", ""qproto_008_threshold_lookup""]"
ev_00575,frag_01107,doc_0219,metric,revenue,revenue,0.76,"[""qproto_002_metric_lookup"", ""qproto_008_threshold_lookup""]"
ev_00576,frag_01107,doc_0219,value,"$ 788,948","$ 788,948",0.76,"[""qproto_002_metric_lookup"", ""qproto_008_threshold_lookup""]"
ev_00577,frag_01116,doc_0221,metric,Gross margin,Gross margin,0.76,"[""qproto_002_metric_lookup"", ""qproto_005_variance_explanation""]"
ev_00578,frag_01116,doc_0221,value,22.9%,22.9%,0.76,"[""qproto_002_metric_lookup"", ""qproto_005_variance_explanation""]"
ev_00579,frag_01116,doc_0221,variance_driver,a $21 million impairment charge related to goodwill and other intangi…,"Normalised CODB as a percentage of sales grew 64 bps, driven by a $21 million impairment charge related to goodwill and…",0.665,"[""qproto_002_metric_lookup"", ""qproto_005_variance_explanation""]"
ev_00580,frag_01118,doc_0221,amount_threshold,$21,$21,0.741,"[""qproto_001_threshold_lookup"", ""qproto_005_variance_explanation""]"
ev_00581,frag_01118,doc_0221,variance,15%,15%,0.665,"[""qproto_001_threshold_lookup"", ""qproto_005_variance_explanation""]"
ev_00582,frag_01118,doc_0221,variance_driver,the decline in EBIT,the decline in EBIT,0.665,"[""qproto_001_threshold_lookup"", ""qproto_005_variance_explanation""]"
ev_00583,frag_01119,doc_0221,metric,Gross margin,Gross margin,0.76,"[""qproto_002_metric_lookup""]"
ev_00584,frag_01119,doc_0221,value,5.0%,5.0%,0.76,"[""qproto_002_metric_lookup""]"
ev_00585,frag_01134,doc_0223,amount_threshold,$46.4,$46.4,0.741,"[""qproto_001_threshold_lookup""]"
ev_00586,frag_01138,doc_0225,amount_threshold,"$ 11,604","$ 11,604",0.741,"[""qproto_001_threshold_lookup""]"
ev_00587,frag_01139,doc_0225,amount_threshold,$2.5 million,$2.5 million,0.741,"[""qproto_001_threshold_lookup""]"
ev_00588,frag_01140,doc_0225,amount_threshold,$ 679,$ 679,0.741,"[""qproto_001_threshold_lookup""]"
ev_00589,frag_01145,doc_0227,rule,"We entered into non-cancelable agreements with each of the former executives, w…","We entered into non-cancelable agreements with each of the former executives, whereby we must maintain the life insuran…",0.589,"[""qproto_003_rule_lookup""]"
ev_00590,frag_01146,doc_0227,rule,"In the Consolidated Balance Sheets at the balance sheet date, the cash surrende…","In the Consolidated Balance Sheets at the balance sheet date, the cash surrender value of $0.9 million for the remainin…",0.589,"[""qproto_003_rule_lookup""]"
ev_00591,frag_01147,doc_0227,amount_threshold,$1.1 million,$1.1 million,0.741,"[""qproto_001_threshold_lookup""]"
ev_00592,frag_01153,doc_0229,amount_threshold,$4.5 million,$4.5 million,0.741,"[""qproto_001_threshold_lookup""]"
ev_00593,frag_01160,doc_0233,exception,pages,pages,0.684,"[""qproto_004_exception_lookup""]"
ev_00594,frag_01160,doc_0233,condition,pages,pages,0.684,"[""qproto_004_exception_lookup""]"
ev_00595,frag_01163,doc_0233,metric,revenue,revenue,0.76,"[""qproto_002_metric_lookup""]"
ev_00596,frag_01163,doc_0233,value,$6.0,$6.0,0.76,"[""qproto_002_metric_lookup""]"
ev_00597,frag_01174,doc_0237,amount_threshold,"$ 39,506","$ 39,506",0.741,"[""qproto_001_threshold_lookup"", ""qproto_004_exception_lookup""]"
ev_00598,frag_01174,doc_0237,exception,pages,pages,0.684,"[""qproto_001_threshold_lookup"", ""qproto_004_exception_lookup""]"
ev_00599,frag_01174,doc_0237,condition,pages,pages,0.684,"[""qproto_001_threshold_lookup"", ""qproto_004_exception_lookup""]"
ev_00600,frag_01175,doc_0237,scope,the stated audience,The more significant provisions of the Tax Act as applicable to us are described below under “Impacts of the U.S.,0.665,"[""qproto_006_applicability_check""]"
ev_00601,frag_01175,doc_0237,audience,the stated audience,The more significant provisions of the Tax Act as applicable to us are described below under “Impacts of the U.S.,0.665,"[""qproto_006_applicability_check""]"
ev_00602,frag_01176,doc_0237,region,us,us,0.741,"[""qproto_006_applicability_check"", ""qproto_008_threshold_lookup""]"
ev_00603,frag_01176,doc_0237,amount_threshold,$36.1,$36.1,0.741,"[""qproto_006_applicability_check"", ""qproto_008_threshold_lookup""]"
ev_00604,frag_01176,doc_0237,scope,the stated audience,Tax Cuts and Jobs Act of 2017”. pages.[0].blocks.[17].words.word_list.[0] = (1) pages.[0].blocks.[17].words.word_list.[…,0.665,"[""qproto_006_applicability_check"", ""qproto_008_threshold_lookup""]"
ev_00605,frag_01176,doc_0237,audience,the stated audience,Tax Cuts and Jobs Act of 2017”. pages.[0].blocks.[17].words.word_list.[0] = (1) pages.[0].blocks.[17].words.word_list.[…,0.665,"[""qproto_006_applicability_check"", ""qproto_008_threshold_lookup""]"
ev_00606,frag_01178,doc_0237,amount_threshold,$36.1,$36.1,0.741,"[""qproto_001_threshold_lookup""]"
ev_00607,frag_01180,doc_0237,amount_threshold,$10.0,$10.0,0.741,"[""qproto_001_threshold_lookup""]"
ev_00608,frag_01185,doc_0239,scope,the stated audience,"Cost savings will be reflected primarily in cost of sales and selling, general, and administrative expenses. pages.[0].…",0.665,"[""qproto_006_applicability_check""]"
ev_00609,frag_01185,doc_0239,audience,the stated audience,"Cost savings will be reflected primarily in cost of sales and selling, general, and administrative expenses. pages.[0].…",0.665,"[""qproto_006_applicability_check""]"
ev_00610,frag_01187,doc_0239,amount_threshold,$200 million,$200 million,0.741,"[""qproto_001_threshold_lookup"", ""qproto_006_applicability_check""]"
ev_00611,frag_01187,doc_0239,scope,the stated audience,"For fiscal 2020, we currently expect total restructuring charges to be approximately $200 million to $250 million and t…",0.665,"[""qproto_001_threshold_lookup"", ""qproto_006_applicability_check""]"
ev_00612,frag_01187,doc_0239,audience,the stated audience,"For fiscal 2020, we currently expect total restructuring charges to be approximately $200 million to $250 million and t…",0.665,"[""qproto_001_threshold_lookup"", ""qproto_006_applicability_check""]"
ev_00613,frag_01189,doc_0241,region,Global,Global,0.741,"[""qproto_008_threshold_lookup""]"
ev_00614,frag_01189,doc_0241,amount_threshold,$ 11.44,$ 11.44,0.741,"[""qproto_008_threshold_lookup""]"
ev_00615,frag_01190,doc_0241,amount_threshold,$ 10.20,$ 10.20,0.741,"[""qproto_001_threshold_lookup""]"
ev_00616,frag_01196,doc_0243,exception,pages,pages,0.684,"[""qproto_004_exception_lookup""]"
ev_00617,frag_01196,doc_0243,condition,pages,pages,0.684,"[""qproto_004_exception_lookup""]"
ev_00618,frag_01198,doc_0245,scope,the stated audience,Share-based payments continued pages.[0].blocks.[2].words.word_list.[0] = 29. pages.[0].blocks.[2].words.word_list.[1] …,0.665,"[""qproto_006_applicability_check""]"
ev_00619,frag_01198,doc_0245,audience,the stated audience,Share-based payments continued pages.[0].blocks.[2].words.word_list.[0] = 29. pages.[0].blocks.[2].words.word_list.[1] …,0.665,"[""qproto_006_applicability_check""]"
ev_00620,frag_01199,doc_0245,scope,the stated audience,There are no performance conditions applicable to the vesting of SIP shares.,0.665,"[""qproto_006_applicability_check""]"
ev_00621,frag_01199,doc_0245,audience,the stated audience,There are no performance conditions applicable to the vesting of SIP shares.,0.665,"[""qproto_006_applicability_check""]"
ev_00622,frag_01200,doc_0245,scope,the stated audience,The resulting share-based payments charge is being spread evenly over the Vesting Period. pages.[0].blocks.[12].words.w…,0.665,"[""qproto_006_applicability_check""]"
ev_00623,frag_01200,doc_0245,audience,the stated audience,The resulting share-based payments charge is being spread evenly over the Vesting Period. pages.[0].blocks.[12].words.w…,0.665,"[""qproto_006_applicability_check""]"
ev_00624,frag_01206,doc_0245,exception,under exceptional circumstances,under exceptional circumstances,0.684,"[""qproto_004_exception_lookup""]"
ev_00625,frag_01206,doc_0245,condition,under exceptional circumstances,under exceptional circumstances,0.684,"[""qproto_004_exception_lookup""]"
ev_00626,frag_01207,doc_0245,metric,Revenue,Revenue,0.76,"[""qproto_002_metric_lookup""]"
ev_00627,frag_01207,doc_0245,value,75%,75%,0.76,"[""qproto_002_metric_lookup""]"
ev_00628,frag_01208,doc_0245,metric,Revenue,Revenue,0.76,"[""qproto_002_metric_lookup""]"
ev_00629,frag_01208,doc_0245,value,75%,75%,0.76,"[""qproto_002_metric_lookup""]"
ev_00630,frag_01220,doc_0249,scope,the stated audience,N/A N/A 2025 2025 pages.[0].blocks.[10].words.word_list.[0] = Year pages.[0].blocks.[10].words.word_list.[1] = ultimate…,0.665,"[""qproto_006_applicability_check""]"
ev_00631,frag_01220,doc_0249,audience,the stated audience,N/A N/A 2025 2025 pages.[0].blocks.[10].words.word_list.[0] = Year pages.[0].blocks.[10].words.word_list.[1] = ultimate…,0.665,"[""qproto_006_applicability_check""]"
ev_00632,frag_01221,doc_0249,amount_threshold,$4,$4,0.741,"[""qproto_001_threshold_lookup""]"
ev_00633,frag_01224,doc_0251,amount_threshold,$ 35.66,$ 35.66,0.741,"[""qproto_001_threshold_lookup""]"
ev_00634,frag_01255,doc_0255,rule,The boards of the pension schemes are required by legislation to act in the bes…,"The boards of the pension schemes are required by legislation to act in the best interest of the participants, set the …",0.589,"[""qproto_003_rule_lookup""]"
ev_00635,frag_01257,doc_0255,rule,Separate valuations are required for the Vodafone Section and CWW Section. page…,Separate valuations are required for the Vodafone Section and CWW Section. pages.[0].blocks.[15].words.word_list.[0] = …,0.589,"[""qproto_003_rule_lookup""]"
ev_00636,frag_01258,doc_0255,rule,"On 19 October 2017, the 31 March 2016 triennial actuarial valuation for the Vod…","On 19 October 2017, the 31 March 2016 triennial actuarial valuation for the Vodafone Section and CWW Section of the Vod…",0.589,"[""qproto_003_rule_lookup""]"
ev_00637,frag_01267,doc_0257,amount_threshold,$1.01,$1.01,0.741,"[""qproto_001_threshold_lookup""]"
ev_00638,frag_01280,doc_0259,exception,pages,pages,0.684,"[""qproto_004_exception_lookup""]"
ev_00639,frag_01280,doc_0259,condition,pages,pages,0.684,"[""qproto_004_exception_lookup""]"
ev_00640,frag_01289,doc_0261,variance_driver,(1) lower net bookings from Hearthstone and (2) overall lower net boo…,In-game net bookings primarily includes the net amount of downloadable content and microtransactions sold during the pe…,0.665,"[""qproto_005_variance_explanation""]"
ev_00641,frag_01290,doc_0261,variance_driver,(1) lower net bookings from the Destiny franchise (reflecting our sal…,"Battle for Azeroth , which was released in August 2018, with no comparable release in 2019 (although net bookings from …",0.665,"[""qproto_005_variance_explanation""]"
ev_00642,frag_01293,doc_0263,amount_threshold,$ 120.7,$ 120.7,0.741,"[""qproto_001_threshold_lookup""]"
ev_00643,frag_01295,doc_0263,amount_threshold,$65.1 million,$65.1 million,0.741,"[""qproto_001_threshold_lookup""]"
ev_00644,frag_01296,doc_0263,amount_threshold,$65.1,$65.1,0.741,"[""qproto_001_threshold_lookup""]"
ev_00645,frag_01299,doc_0263,variance_driver,inventory management efforts,inventory management efforts,0.665,"[""qproto_005_variance_explanation""]"
ev_00646,frag_01300,doc_0265,exception,the stated condition,pages.[0].bbox.[0] = 0 pages.[0].bbox.[1] = 0 pages.[0].bbox.[2] = 1240 pages.[0].bbox.[3] = 1605 pages.[0].blocks.[0].…,0.684,"[""qproto_004_exception_lookup""]"
ev_00647,frag_01300,doc_0265,condition,the stated condition,pages.[0].bbox.[0] = 0 pages.[0].bbox.[1] = 0 pages.[0].bbox.[2] = 1240 pages.[0].bbox.[3] = 1605 pages.[0].blocks.[0].…,0.684,"[""qproto_004_exception_lookup""]"
ev_00648,frag_01302,doc_0265,exception,the stated condition,"April 26, 2019 April 27, 2018 pages.[0].blocks.[1].words.word_list.[0] = With pages.[0].blocks.[1].words.word_list.[1] …",0.684,"[""qproto_004_exception_lookup""]"
ev_00649,frag_01302,doc_0265,condition,the stated condition,"April 26, 2019 April 27, 2018 pages.[0].blocks.[1].words.word_list.[0] = With pages.[0].blocks.[1].words.word_list.[1] …",0.684,"[""qproto_004_exception_lookup""]"
ev_00650,frag_01308,doc_0265,amount_threshold,"$6,000","$6,000",0.741,"[""qproto_001_threshold_lookup""]"
ev_00651,frag_01309,doc_0265,amount_threshold,"$6,000","$6,000",0.741,"[""qproto_001_threshold_lookup"", ""qproto_002_metric_lookup""]"
ev_00652,frag_01309,doc_0265,metric,Revenue,Revenue,0.76,"[""qproto_001_threshold_lookup"", ""qproto_002_metric_lookup""]"
ev_00653,frag_01309,doc_0265,value,100%,100%,0.76,"[""qproto_001_threshold_lookup"", ""qproto_002_metric_lookup""]"
ev_00654,frag_01311,doc_0265,amount_threshold,$ 35,$ 35,0.741,"[""qproto_001_threshold_lookup""]"
ev_00655,frag_01327,doc_0271,exception,pages,pages,0.684,"[""qproto_004_exception_lookup""]"
ev_00656,frag_01327,doc_0271,condition,pages,pages,0.684,"[""qproto_004_exception_lookup""]"
ev_00657,frag_01331,doc_0271,amount_threshold,"$ 52,000","$ 52,000",0.741,"[""qproto_001_threshold_lookup""]"
ev_00658,frag_01332,doc_0271,rule,The Company reviews its definite-lived intangible assets for impairment wheneve…,The Company reviews its definite-lived intangible assets for impairment whenever events or changes in circumstances ind…,0.589,"[""qproto_003_rule_lookup""]"
ev_00659,frag_01341,doc_0273,rule,"However, it does reflect the cash available for such discretionary activities, …","However, it does reflect the cash available for such discretionary activities, to strengthen the consolidated statement…",0.589,"[""qproto_003_rule_lookup""]"
ev_00660,frag_01342,doc_0275,amount_threshold,$18 million,$18 million,0.741,"[""qproto_001_threshold_lookup""]"
ev_00661,frag_01343,doc_0275,amount_threshold,$10 million,$10 million,0.741,"[""qproto_001_threshold_lookup""]"
ev_00662,frag_01344,doc_0275,amount_threshold,$181,$181,0.741,"[""qproto_001_threshold_lookup"", ""qproto_002_metric_lookup""]"
ev_00663,frag_01344,doc_0275,metric,revenue,revenue,0.76,"[""qproto_001_threshold_lookup"", ""qproto_002_metric_lookup""]"
ev_00664,frag_01344,doc_0275,value,$181,$181,0.76,"[""qproto_001_threshold_lookup"", ""qproto_002_metric_lookup""]"
ev_00665,frag_01363,doc_0279,amount_threshold,$72.0 million,$72.0 million,0.741,"[""qproto_001_threshold_lookup""]"
ev_00666,frag_01364,doc_0279,amount_threshold,$4.0 million,$4.0 million,0.741,"[""qproto_001_threshold_lookup"", ""qproto_006_applicability_check""]"
ev_00667,frag_01364,doc_0279,scope,the stated audience,"During each of the years ended December 31, 2019 and 2018, we repaid $4.0 million of the outstanding balance of the 201…",0.665,"[""qproto_001_threshold_lookup"", ""qproto_006_applicability_check""]"
ev_00668,frag_01364,doc_0279,audience,the stated audience,"During each of the years ended December 31, 2019 and 2018, we repaid $4.0 million of the outstanding balance of the 201…",0.665,"[""qproto_001_threshold_lookup"", ""qproto_006_applicability_check""]"
ev_00669,frag_01366,doc_0279,effective_date,"December 31, 2019","December 31, 2019",0.807,"[""qproto_006_applicability_check"", ""qproto_007_effective_date_lookup""]"
ev_00670,frag_01366,doc_0279,scope,the stated audience,"For the years ended December 31, 2019, 2018 and 2017, the effective interest rate on the credit facilities was 4.45%, 4…",0.665,"[""qproto_006_applicability_check"", ""qproto_007_effective_date_lookup""]"
ev_00671,frag_01366,doc_0279,audience,the stated audience,"For the years ended December 31, 2019, 2018 and 2017, the effective interest rate on the credit facilities was 4.45%, 4…",0.665,"[""qproto_006_applicability_check"", ""qproto_007_effective_date_lookup""]"
ev_00672,frag_01367,doc_0279,rule,The 2017 Facility contains various financial and other covenants that require u…,The 2017 Facility contains various financial and other covenants that require us to maintain a maximum consolidated lev…,0.589,"[""qproto_003_rule_lookup""]"
ev_00673,frag_01369,doc_0279,rule,The 2017 Facility also contains customary conditions to borrowings and events o…,The 2017 Facility also contains customary conditions to borrowings and events of default and contains various negative …,0.589,"[""qproto_003_rule_lookup""]"
ev_00674,frag_01381,doc_0279,amount_threshold,$0.6 million,$0.6 million,0.741,"[""qproto_001_threshold_lookup"", ""qproto_002_metric_lookup""]"
ev_00675,frag_01381,doc_0279,metric,revenue,revenue,0.76,"[""qproto_001_threshold_lookup"", ""qproto_002_metric_lookup""]"
ev_00676,frag_01381,doc_0279,value,$0.6 million,$0.6 million,0.76,"[""qproto_001_threshold_lookup"", ""qproto_002_metric_lookup""]"
ev_00677,frag_01382,doc_0279,rule,If a significant portion of our revenue and operating expenses becomes denomina…,If a significant portion of our revenue and operating expenses becomes denominated in currencies other than U.S. dollar…,0.589,"[""qproto_003_rule_lookup""]"
ev_00678,frag_01383,doc_0279,rule,"If our costs become subject to significant inflationary pressures, we may not b…","If our costs become subject to significant inflationary pressures, we may not be able to fully offset such higher costs…",0.589,"[""qproto_003_rule_lookup""]"
ev_00679,frag_01387,doc_0281,effective_date,"December 31, 2019","December 31, 2019",0.807,"[""qproto_007_effective_date_lookup""]"
ev_00680,frag_01388,doc_0281,effective_date,"December 31, 2018","December 31, 2018",0.807,"[""qproto_007_effective_date_lookup""]"
ev_00681,frag_01389,doc_0281,amount_threshold,$1.1,$1.1,0.741,"[""qproto_001_threshold_lookup"", ""qproto_007_effective_date_lookup""]"
ev_00682,frag_01389,doc_0281,effective_date,"December 31, 2017","December 31, 2017",0.807,"[""qproto_001_threshold_lookup"", ""qproto_007_effective_date_lookup""]"
ev_00683,frag_01397,doc_0283,exception,the underlying financing requires a more frequent valuation cycle,the underlying financing requires a more frequent valuation cycle,0.684,"[""qproto_004_exception_lookup""]"
ev_00684,frag_01397,doc_0283,condition,the underlying financing requires a more frequent valuation…,Investment properties are independently valued on a rotational basis every three years unless the underlying financing …,0.684,"[""qproto_004_exception_lookup""]"
ev_00685,frag_01398,doc_0283,exception,there is an indication of a significant change to the property’s valuation inpu…,The Group’s policy is to maintain the valuation of the investment property valued in the preceding year at external val…,0.684,"[""qproto_004_exception_lookup""]"
ev_00686,frag_01398,doc_0283,condition,there is an indication of a significant change to the prope…,The Group’s policy is to maintain the valuation of the investment property valued in the preceding year at external val…,0.684,"[""qproto_004_exception_lookup""]"
ev_00687,frag_01399,doc_0283,exception,pages,pages,0.684,"[""qproto_004_exception_lookup""]"
ev_00688,frag_01399,doc_0283,condition,pages,pages,0.684,"[""qproto_004_exception_lookup""]"
ev_00689,frag_01402,doc_0283,rule,Provisions pages.[0].blocks.[11].words.word_list.[0] = 10.7. pages.[0].blocks.[…,Provisions pages.[0].blocks.[11].words.word_list.[0] = 10.7. pages.[0].blocks.[11].words.word_list.[1] = Provisions pag…,0.589,"[""qproto_003_rule_lookup""]"
ev_00690,frag_01403,doc_0283,rule,A provision has been recognised for the present value of the estimated expendit…,A provision has been recognised for the present value of the estimated expenditure required to remove any leasehold imp…,0.589,"[""qproto_003_rule_lookup""]"
ev_00691,frag_01404,doc_0283,rule,Non-financial assets fair value measurement pages.[0].blocks.[12].words.word_li…,Non-financial assets fair value measurement pages.[0].blocks.[12].words.word_list.[0] = The pages.[0].blocks.[12].words…,0.589,"[""qproto_003_rule_lookup""]"
ev_00692,frag_01428,doc_0289,scope,the stated audience,These costs are included in the accompanying consolidated statements of operations as research and development expense.…,0.665,"[""qproto_006_applicability_check""]"
ev_00693,frag_01428,doc_0289,audience,the stated audience,These costs are included in the accompanying consolidated statements of operations as research and development expense.…,0.665,"[""qproto_006_applicability_check""]"
ev_00694,frag_01430,doc_0289,scope,the stated audience,See Note 6 for further details. pages.[0].blocks.[3].words.word_list.[0] = training pages.[0].blocks.[3].words.word_lis…,0.665,"[""qproto_006_applicability_check""]"
ev_00695,frag_01430,doc_0289,audience,the stated audience,See Note 6 for further details. pages.[0].blocks.[3].words.word_list.[0] = training pages.[0].blocks.[3].words.word_lis…,0.665,"[""qproto_006_applicability_check""]"
ev_00696,frag_01435,doc_0289,amount_threshold,$1.7,$1.7,0.741,"[""qproto_001_threshold_lookup""]"
ev_00697,frag_01453,doc_0291,amount_threshold,$73 million,$73 million,0.741,"[""qproto_001_threshold_lookup""]"
ev_00698,frag_01454,doc_0293,metric,Revenue,Revenue,0.76,"[""qproto_002_metric_lookup""]"
ev_00699,frag_01454,doc_0293,value,$256,$256,0.76,"[""qproto_002_metric_lookup""]"
ev_00700,frag_01459,doc_0295,metric,operating expenses,operating expenses,0.76,"[""qproto_002_metric_lookup""]"
ev_00701,frag_01459,doc_0295,value,$5.0,$5.0,0.76,"[""qproto_002_metric_lookup""]"
ev_00702,frag_01464,doc_0297,amount_threshold,$6.6 million,$6.6 million,0.741,"[""qproto_001_threshold_lookup"", ""qproto_002_metric_lookup""]"
ev_00703,frag_01464,doc_0297,metric,revenue,revenue,0.76,"[""qproto_001_threshold_lookup"", ""qproto_002_metric_lookup""]"
ev_00704,frag_01464,doc_0297,value,$6.6 million,$6.6 million,0.76,"[""qproto_001_threshold_lookup"", ""qproto_002_metric_lookup""]"
ev_00705,frag_01468,doc_0297,amount_threshold,$300,$300,0.741,"[""qproto_001_threshold_lookup""]"
ev_00706,frag_01470,doc_0297,amount_threshold,$170 million,$170 million,0.741,"[""qproto_001_threshold_lookup""]"
ev_00707,frag_01471,doc_0297,metric,revenue,revenue,0.76,"[""qproto_002_metric_lookup""]"
ev_00708,frag_01471,doc_0297,value,31%,31%,0.76,"[""qproto_002_metric_lookup""]"
ev_00709,frag_01472,doc_0297,metric,revenue,revenue,0.76,"[""qproto_002_metric_lookup""]"
ev_00710,frag_01472,doc_0297,value,7.7%,7.7%,0.76,"[""qproto_002_metric_lookup""]"
ev_00711,frag_01488,doc_0299,rule,The adjustment resulted from translating our share of Telesat’s equity from Can…,The adjustment resulted from translating our share of Telesat’s equity from Canadian dollars to U.S. dollars at histori…,0.589,"[""qproto_003_rule_lookup""]"
ev_00712,frag_01490,doc_0299,rule,The Company has not revised its financial statements for prior periods for this…,The Company has not revised its financial statements for prior periods for this adjustment based on its belief that the…,0.589,"[""qproto_003_rule_lookup""]"
ev_00713,frag_01491,doc_0301,approver,Chief Financial Officer,Chief Financial Officer,0.855,"[""qproto_014_approval_lookup""]"
ev_00714,frag_01492,doc_0303,exception,pages,pages,0.684,"[""qproto_004_exception_lookup""]"
ev_00715,frag_01492,doc_0303,condition,pages,pages,0.684,"[""qproto_004_exception_lookup""]"
ev_00716,frag_01493,doc_0303,scope,the stated audience,Tax rates applicable to the income of the Israeli subsidiary:,0.665,"[""qproto_006_applicability_check"", ""qproto_007_effective_date_lookup""]"
ev_00717,frag_01493,doc_0303,audience,the stated audience,Tax rates applicable to the income of the Israeli subsidiary:,0.665,"[""qproto_006_applicability_check"", ""qproto_007_effective_date_lookup""]"
ev_00718,frag_01493,doc_0303,effective_date,"December 22, 2017","December 22, 2017",0.807,"[""qproto_006_applicability_check"", ""qproto_007_effective_date_lookup""]"
ev_00719,frag_01494,doc_0303,scope,the stated audience,The Act did not have an effect on the financial results and position of the Company. pages.[0].blocks.[5].words.word_li…,0.665,"[""qproto_006_applicability_check""]"
ev_00720,frag_01494,doc_0303,audience,the stated audience,The Act did not have an effect on the financial results and position of the Company. pages.[0].blocks.[5].words.word_li…,0.665,"[""qproto_006_applicability_check""]"
ev_00721,frag_01499,doc_0303,metric,Revenue,Revenue,0.76,"[""qproto_002_metric_lookup""]"
ev_00722,frag_01499,doc_0303,value,50 percent,50 percent,0.76,"[""qproto_002_metric_lookup""]"
ev_00723,frag_01500,doc_0303,amount_threshold,"$73,260","$73,260",0.741,"[""qproto_001_threshold_lookup"", ""qproto_002_metric_lookup""]"
ev_00724,frag_01500,doc_0303,metric,Revenue,Revenue,0.76,"[""qproto_001_threshold_lookup"", ""qproto_002_metric_lookup""]"
ev_00725,frag_01500,doc_0303,value,"$73,260","$73,260",0.76,"[""qproto_001_threshold_lookup"", ""qproto_002_metric_lookup""]"
ev_00726,frag_01504,doc_0305,rule,The discount rate was based on highly rated long-term bond indexes and yield cu…,The discount rate was based on highly rated long-term bond indexes and yield curves that match the duration of the plan…,0.589,"[""qproto_003_rule_lookup""]"
ev_00727,frag_01506,doc_0305,rule,"Autodesk’s contributions to these plans were $29.6 million in fiscal 2019, $27.…","Autodesk’s contributions to these plans were $29.6 million in fiscal 2019, $27.2 million in fiscal 2018, and $26.6 mill…",0.589,"[""qproto_003_rule_lookup""]"
ev_00728,frag_01537,doc_0311,exception,pages,pages,0.684,"[""qproto_004_exception_lookup""]"
ev_00729,frag_01537,doc_0311,condition,pages,pages,0.684,"[""qproto_004_exception_lookup""]"
ev_00730,frag_01541,doc_0311,effective_date,"January 1, 2019","January 1, 2019",0.807,"[""qproto_007_effective_date_lookup""]"
ev_00731,frag_01542,doc_0311,amount_threshold,$8.5 million,$8.5 million,0.741,"[""qproto_001_threshold_lookup"", ""qproto_007_effective_date_lookup""]"
ev_00732,frag_01542,doc_0311,effective_date,"January 1, 2019","January 1, 2019",0.807,"[""qproto_001_threshold_lookup"", ""qproto_007_effective_date_lookup""]"
ev_00733,frag_01543,doc_0311,amount_threshold,$8.5,$8.5,0.741,"[""qproto_001_threshold_lookup""]"
ev_00734,frag_01544,doc_0313,rule,pages.[0].bbox.[0] = 0 pages.[0].bbox.[1] = 0 pages.[0].bbox.[2] = 1240 pages.[…,pages.[0].bbox.[0] = 0 pages.[0].bbox.[1] = 0 pages.[0].bbox.[2] = 1240 pages.[0].bbox.[3] = 1754 pages.[0].blocks.[0].…,0.589,"[""qproto_003_rule_lookup""]"
ev_00735,frag_01545,doc_0313,rule,They are assessed using a detailed questionnaire. pages.[0].blocks.[1].words.wo…,They are assessed using a detailed questionnaire. pages.[0].blocks.[1].words.word_list.[0] = Procurement pages.[0].bloc…,0.589,"[""qproto_003_rule_lookup""]"
ev_00736,frag_01548,doc_0313,rule,We require slavery and human trafficking to be eradicated from our direct suppl…,We require slavery and human trafficking to be eradicated from our direct supply chain for the products we sell and mon…,0.589,"[""qproto_003_rule_lookup""]"
ev_00737,frag_01551,doc_0313,amount_threshold,"$31,000","$31,000",0.741,"[""qproto_001_threshold_lookup""]"
ev_00738,frag_01552,doc_0313,variance_driver,our efficiency initiatives delivering strong energy reductions in Nor…,This has been primarily driven by our efficiency initiatives delivering strong energy reductions in North America and A…,0.665,"[""qproto_005_variance_explanation""]"
ev_00739,frag_01554,doc_0313,scope,the stated audience,"Our total Scope 1 and 2 emissions dropped by 6.14 per cent from 2018, and our emissions per $ million of revenue were d…",0.665,"[""qproto_006_applicability_check""]"
ev_00740,frag_01554,doc_0313,audience,the stated audience,"Our total Scope 1 and 2 emissions dropped by 6.14 per cent from 2018, and our emissions per $ million of revenue were d…",0.665,"[""qproto_006_applicability_check""]"
ev_00741,frag_01555,doc_0313,scope,the stated audience,We have reduced our total emissions by 29 per cent since our 2014 baseline. pages.[0].blocks.[9].words.word_list.[0] = …,0.665,"[""qproto_006_applicability_check""]"
ev_00742,frag_01555,doc_0313,audience,the stated audience,We have reduced our total emissions by 29 per cent since our 2014 baseline. pages.[0].blocks.[9].words.word_list.[0] = …,0.665,"[""qproto_006_applicability_check""]"
ev_00743,frag_01557,doc_0313,scope,the stated audience,The average for our sector is C in both categories. pages.[0].blocks.[10].words.word_list.[0] = The pages.[0].blocks.[1…,0.665,"[""qproto_003_rule_lookup"", ""qproto_006_applicability_check""]"
ev_00744,frag_01557,doc_0313,audience,the stated audience,The average for our sector is C in both categories. pages.[0].blocks.[10].words.word_list.[0] = The pages.[0].blocks.[1…,0.665,"[""qproto_003_rule_lookup"", ""qproto_006_applicability_check""]"
ev_00745,frag_01557,doc_0313,rule,The average for our sector is C in both categories. pages.[0].blocks.[10].words…,The average for our sector is C in both categories. pages.[0].blocks.[10].words.word_list.[0] = The pages.[0].blocks.[1…,0.589,"[""qproto_003_rule_lookup"", ""qproto_006_applicability_check""]"
ev_00746,frag_01559,doc_0313,rule,We do not have any responsibility for any emission sources that are not include…,We do not have any responsibility for any emission sources that are not included in our consolidated financial statemen…,0.589,"[""qproto_003_rule_lookup""]"
ev_00747,frag_01560,doc_0313,scope,the stated audience,"UK Government’s GHG Conversion Factors for Company Reporting 2019 for the UK, US EPA 2018 eGrid emissions factors for t…",0.665,"[""qproto_006_applicability_check""]"
ev_00748,frag_01560,doc_0313,audience,the stated audience,"UK Government’s GHG Conversion Factors for Company Reporting 2019 for the UK, US EPA 2018 eGrid emissions factors for t…",0.665,"[""qproto_006_applicability_check""]"
ev_00749,frag_01561,doc_0313,rule,"We have achieved this target, having reduced carbon emissions per $million of r…","We have achieved this target, having reduced carbon emissions per $million of revenue by 10.9 per cent. pages.[0].block…",0.589,"[""qproto_003_rule_lookup""]"
ev_00750,frag_01565,doc_0315,amount_threshold,$8.92,$8.92,0.741,"[""qproto_001_threshold_lookup""]"
ev_00751,frag_01566,doc_0317,amount_threshold,$ 53.0,$ 53.0,0.741,"[""qproto_001_threshold_lookup""]"
ev_00752,frag_01567,doc_0317,metric,revenue,revenue,0.76,"[""qproto_002_metric_lookup""]"
ev_00753,frag_01567,doc_0317,value,$ 559.9,$ 559.9,0.76,"[""qproto_002_metric_lookup""]"
ev_00754,frag_01568,doc_0317,rule,"See Note 1, ""Business and Summary of Significant Accounting Policies, Accountin…","See Note 1, ""Business and Summary of Significant Accounting Policies, Accounting Standards Adopted"", of our consolidate…",0.589,"[""qproto_003_rule_lookup""]"
ev_00755,frag_01582,doc_0319,variance_driver,growth in the Canadian snacks and frozen businesses,growth in the Canadian snacks and frozen businesses,0.665,"[""qproto_005_variance_explanation""]"
ev_00756,frag_01586,doc_0319,amount_threshold,$34.2,$34.2,0.741,"[""qproto_001_threshold_lookup""]"
ev_00757,frag_01587,doc_0319,amount_threshold,$1.73,$1.73,0.741,"[""qproto_001_threshold_lookup""]"
ev_00758,frag_01595,doc_0323,metric,revenue,revenue,0.76,"[""qproto_002_metric_lookup""]"
ev_00759,frag_01595,doc_0323,value,$ 71.2,$ 71.2,0.76,"[""qproto_002_metric_lookup""]"
ev_00760,frag_01596,doc_0325,amount_threshold,"$ 117,611","$ 117,611",0.741,"[""qproto_001_threshold_lookup""]"
ev_00761,frag_01601,doc_0327,exception,pages,pages,0.684,"[""qproto_004_exception_lookup""]"
ev_00762,frag_01601,doc_0327,condition,pages,pages,0.684,"[""qproto_004_exception_lookup""]"
ev_00763,frag_01607,doc_0327,metric,operating expenses,operating expenses,0.76,"[""qproto_002_metric_lookup""]"
ev_00764,frag_01607,doc_0327,value,$ 94.2,$ 94.2,0.76,"[""qproto_002_metric_lookup""]"
ev_00765,frag_01610,doc_0329,metric,Revenue,Revenue,0.76,"[""qproto_002_metric_lookup"", ""qproto_010_variance_explanation""]"
ev_00766,frag_01610,doc_0329,value,9.8%,9.8%,0.76,"[""qproto_002_metric_lookup"", ""qproto_010_variance_explanation""]"
ev_00767,frag_01610,doc_0329,variance,9.8%,9.8%,0.665,"[""qproto_002_metric_lookup"", ""qproto_010_variance_explanation""]"
ev_00768,frag_01612,doc_0329,amount_threshold,"$ 21,655","$ 21,655",0.741,"[""qproto_001_threshold_lookup"", ""qproto_002_metric_lookup"", ""qproto_004_exception_lookup"", ""qproto_010_variance_explanation""]"
ev_00769,frag_01612,doc_0329,exception,pages,pages,0.684,"[""qproto_001_threshold_lookup"", ""qproto_002_metric_lookup"", ""qproto_004_exception_lookup"", ""qproto_010_variance_explanation""]"
ev_00770,frag_01612,doc_0329,condition,pages,pages,0.684,"[""qproto_001_threshold_lookup"", ""qproto_002_metric_lookup"", ""qproto_004_exception_lookup"", ""qproto_010_variance_explanation""]"
ev_00771,frag_01612,doc_0329,metric,revenue,revenue,0.76,"[""qproto_001_threshold_lookup"", ""qproto_002_metric_lookup"", ""qproto_004_exception_lookup"", ""qproto_010_variance_explanation""]"
ev_00772,frag_01612,doc_0329,value,9.8%,9.8%,0.76,"[""qproto_001_threshold_lookup"", ""qproto_002_metric_lookup"", ""qproto_004_exception_lookup"", ""qproto_010_variance_explanation""]"
ev_00773,frag_01612,doc_0329,variance,9.8%,9.8%,0.665,"[""qproto_001_threshold_lookup"", ""qproto_002_metric_lookup"", ""qproto_004_exception_lookup"", ""qproto_010_variance_explanation""]"
ev_00774,frag_01616,doc_0329,amount_threshold,$141.8,$141.8,0.741,"[""qproto_001_threshold_lookup"", ""qproto_002_metric_lookup""]"
ev_00775,frag_01616,doc_0329,metric,operating expenses,operating expenses,0.76,"[""qproto_001_threshold_lookup"", ""qproto_002_metric_lookup""]"
ev_00776,frag_01616,doc_0329,value,$141.8,$141.8,0.76,"[""qproto_001_threshold_lookup"", ""qproto_002_metric_lookup""]"
ev_00777,frag_01617,doc_0329,amount_threshold,$14.4,$14.4,0.741,"[""qproto_001_threshold_lookup""]"
ev_00778,frag_01618,doc_0329,amount_threshold,$2.2 million,$2.2 million,0.741,"[""qproto_001_threshold_lookup""]"
ev_00779,frag_01620,doc_0329,amount_threshold,$3.8,$3.8,0.741,"[""qproto_001_threshold_lookup""]"
ev_00780,frag_01622,doc_0329,metric,Revenue,Revenue,0.76,"[""qproto_002_metric_lookup"", ""qproto_010_variance_explanation""]"
ev_00781,frag_01622,doc_0329,value,2.7%,2.7%,0.76,"[""qproto_002_metric_lookup"", ""qproto_010_variance_explanation""]"
ev_00782,frag_01622,doc_0329,variance,2.7%,2.7%,0.665,"[""qproto_002_metric_lookup"", ""qproto_010_variance_explanation""]"
ev_00783,frag_01625,doc_0331,amount_threshold,$ 8.2,$ 8.2,0.741,"[""qproto_001_threshold_lookup""]"
ev_00784,frag_01636,doc_0333,amount_threshold,$14.0 million,$14.0 million,0.741,"[""qproto_001_threshold_lookup""]"
ev_00785,frag_01638,doc_0335,amount_threshold,$135.6 million,$135.6 million,0.741,"[""qproto_001_threshold_lookup"", ""qproto_005_variance_explanation""]"
ev_00786,frag_01638,doc_0335,variance_driver,our $135,our $135,0.665,"[""qproto_001_threshold_lookup"", ""qproto_005_variance_explanation""]"
ev_00787,frag_01648,doc_0335,exception,"for our purchase orders with our inventory suppliers, the terms generally allow…",Although open purchase orders are considered enforceable and legally pages.[0].blocks.[27].words.word_list.[0] = Purcha…,0.684,"[""qproto_004_exception_lookup""]"
ev_00788,frag_01648,doc_0335,condition,"for our purchase orders with our inventory suppliers, the t…",Although open purchase orders are considered enforceable and legally pages.[0].blocks.[27].words.word_list.[0] = Purcha…,0.684,"[""qproto_004_exception_lookup""]"
ev_00789,frag_01650,doc_0335,exception,pages,pages,0.684,"[""qproto_004_exception_lookup""]"
ev_00790,frag_01650,doc_0335,condition,pages,pages,0.684,"[""qproto_004_exception_lookup""]"
ev_00791,frag_01671,doc_0341,exception,percentages),percentages),0.684,"[""qproto_004_exception_lookup""]"
ev_00792,frag_01671,doc_0341,condition,percentages),percentages),0.684,"[""qproto_004_exception_lookup""]"
ev_00793,frag_01683,doc_0345,variance_driver,successes in Phase 2 SBIR awards,successes in Phase 2 SBIR awards,0.665,"[""qproto_005_variance_explanation""]"
ev_00794,frag_01684,doc_0345,amount_threshold,"$ 16,684,172","$ 16,684,172",0.741,"[""qproto_001_threshold_lookup"", ""qproto_002_metric_lookup"", ""qproto_005_variance_explanation""]"
ev_00795,frag_01684,doc_0345,metric,revenue,revenue,0.76,"[""qproto_001_threshold_lookup"", ""qproto_002_metric_lookup"", ""qproto_005_variance_explanation""]"
ev_00796,frag_01684,doc_0345,value,"$ 16,684,172","$ 16,684,172",0.76,"[""qproto_001_threshold_lookup"", ""qproto_002_metric_lookup"", ""qproto_005_variance_explanation""]"
ev_00797,frag_01684,doc_0345,variance,106.5%,106.5%,0.665,"[""qproto_001_threshold_lookup"", ""qproto_002_metric_lookup"", ""qproto_005_variance_explanation""]"
ev_00798,frag_01684,doc_0345,variance_driver,increases in direct labor and subcontractor costs consistent with the…,"As Phase 2 SBIR contracts generally have a performance period of a year or more, we currently expect Technology Develop…",0.665,"[""qproto_001_threshold_lookup"", ""qproto_002_metric_lookup"", ""qproto_005_variance_explanation""]"
ev_00799,frag_01687,doc_0347,effective_date,"October 31, 2019","October 31, 2019",0.807,"[""qproto_006_applicability_check"", ""qproto_007_effective_date_lookup""]"
ev_00800,frag_01687,doc_0347,scope,the stated audience,"Accordingly, those amounts were released from the valuation allowance and benefited deferred tax expense in the respect…",0.665,"[""qproto_006_applicability_check"", ""qproto_007_effective_date_lookup""]"
ev_00801,frag_01687,doc_0347,audience,the stated audience,"Accordingly, those amounts were released from the valuation allowance and benefited deferred tax expense in the respect…",0.665,"[""qproto_006_applicability_check"", ""qproto_007_effective_date_lookup""]"
ev_00802,frag_01690,doc_0347,amount_threshold,"$ 53,294","$ 53,294",0.741,"[""qproto_001_threshold_lookup""]"
ev_00803,frag_01703,doc_0351,amount_threshold,$650.3 million,$650.3 million,0.741,"[""qproto_001_threshold_lookup"", ""qproto_003_rule_lookup""]"
ev_00804,frag_01703,doc_0351,rule,pages.[0].bbox.[0] = 0 pages.[0].bbox.[1] = 0 pages.[0].bbox.[2] = 1240 pages.[…,pages.[0].bbox.[0] = 0 pages.[0].bbox.[1] = 0 pages.[0].bbox.[2] = 1240 pages.[0].bbox.[3] = 1616 pages.[0].blocks.[0].…,0.589,"[""qproto_001_threshold_lookup"", ""qproto_003_rule_lookup""]"
ev_00805,frag_01705,doc_0351,amount_threshold,$800.0,$800.0,0.741,"[""qproto_001_threshold_lookup"", ""qproto_003_rule_lookup""]"
ev_00806,frag_01705,doc_0351,rule,"As of August 31, 2019 and 2018, the Company was in compliance with all covenant…","As of August 31, 2019 and 2018, the Company was in compliance with all covenants under the asset-backed securitization …",0.589,"[""qproto_001_threshold_lookup"", ""qproto_003_rule_lookup""]"
ev_00807,frag_01706,doc_0351,exception,either party provides 10 days notice of termination,either party provides 10 days notice of termination,0.684,"[""qproto_004_exception_lookup""]"
ev_00808,frag_01706,doc_0351,condition,either party provides 10 days notice of termination,either party provides 10 days notice of termination,0.684,"[""qproto_004_exception_lookup""]"
ev_00809,frag_01711,doc_0351,amount_threshold,"$ 450,704","$ 450,704",0.741,"[""qproto_001_threshold_lookup""]"
ev_00810,frag_01719,doc_0353,variance,3.6%,3.6%,0.665,"[""qproto_005_variance_explanation""]"
ev_00811,frag_01719,doc_0353,variance_driver,"growth in Bell Wireless and Bell Media, while Bell Wireline remained …",2019 Annual Report 86 pages.[0].blocks.[0].words.word_list.[0] = BCE pages.[0].blocks.[0].words.word_list.[1] = Inc. pa…,0.665,"[""qproto_005_variance_explanation""]"
ev_00812,frag_01722,doc_0353,variance,12.6%,12.6%,0.665,"[""qproto_005_variance_explanation""]"
ev_00813,frag_01722,doc_0353,variance_driver,growth across all three of our segments,growth across all three of our segments,0.665,"[""qproto_005_variance_explanation""]"
ev_00814,frag_01723,doc_0353,variance,39.7%,39.7%,0.665,"[""qproto_005_variance_explanation""]"
ev_00815,frag_01723,doc_0353,variance_driver,higher service and product revenues,higher service and product revenues,0.665,"[""qproto_005_variance_explanation""]"
ev_00816,frag_01724,doc_0353,variance_driver,increased customer adoption of unlimited data plans,increased customer adoption of unlimited data plans,0.665,"[""qproto_005_variance_explanation""]"
ev_00817,frag_01725,doc_0353,metric,operating expenses,operating expenses,0.76,"[""qproto_005_variance_explanation"", ""qproto_009_metric_lookup""]"
ev_00818,frag_01725,doc_0353,value,7.4%,7.4%,0.76,"[""qproto_005_variance_explanation"", ""qproto_009_metric_lookup""]"
ev_00819,frag_01725,doc_0353,period,Q4 2019,Q4 2019,0.76,"[""qproto_005_variance_explanation"", ""qproto_009_metric_lookup""]"
ev_00820,frag_01725,doc_0353,variance,7.4%,7.4%,0.665,"[""qproto_005_variance_explanation"", ""qproto_009_metric_lookup""]"
ev_00821,frag_01725,doc_0353,variance_driver,increased sales of premium handsets and the impact of higher-value mo…,"Product revenues grew by 7.4% year over year, driven by increased sales of premium handsets and the impact of higher-va…",0.665,"[""qproto_005_variance_explanation"", ""qproto_009_metric_lookup""]"
ev_00822,frag_01726,doc_0353,variance_driver,the growth in revenues,the growth in revenues,0.665,"[""qproto_005_variance_explanation""]"
ev_00823,frag_01727,doc_0353,metric,revenue,revenue,0.76,"[""qproto_009_metric_lookup""]"
ev_00824,frag_01727,doc_0353,value,37.9%,37.9%,0.76,"[""qproto_009_metric_lookup""]"
ev_00825,frag_01727,doc_0353,period,Q4 2018,Q4 2018,0.76,"[""qproto_009_metric_lookup""]"
ev_00826,frag_01728,doc_0353,amount_threshold,$1 million,$1 million,0.741,"[""qproto_001_threshold_lookup"", ""qproto_005_variance_explanation"", ""qproto_009_metric_lookup""]"
ev_00827,frag_01728,doc_0353,metric,revenue,revenue,0.76,"[""qproto_001_threshold_lookup"", ""qproto_005_variance_explanation"", ""qproto_009_metric_lookup""]"
ev_00828,frag_01728,doc_0353,value,0.6%,0.6%,0.76,"[""qproto_001_threshold_lookup"", ""qproto_005_variance_explanation"", ""qproto_009_metric_lookup""]"
ev_00829,frag_01728,doc_0353,period,Q4 2019,Q4 2019,0.76,"[""qproto_001_threshold_lookup"", ""qproto_005_variance_explanation"", ""qproto_009_metric_lookup""]"
ev_00830,frag_01728,doc_0353,variance,0.6%,0.6%,0.665,"[""qproto_001_threshold_lookup"", ""qproto_005_variance_explanation"", ""qproto_009_metric_lookup""]"
ev_00831,frag_01728,doc_0353,variance_driver,the favourable impact from the adoption of IFRS 16 in 2019 and contin…,"Product revenues were relatively stable year over year, declining 0.6% or $1 million. pages.[0].blocks.[18].words.word_…",0.665,"[""qproto_001_threshold_lookup"", ""qproto_005_variance_explanation"", ""qproto_009_metric_lookup""]"
ev_00832,frag_01729,doc_0353,variance,43.3%,43.3%,0.665,"[""qproto_005_variance_explanation""]"
ev_00833,frag_01729,doc_0353,variance_driver,increased subscriber revenues from the continued growth in Crave due …,"Adjusted EBITDA margin increased 0.6 pts to 43.3% in Q4 2019, compared to Q4 2018, mainly due to the favourable impact …",0.665,"[""qproto_005_variance_explanation""]"
ev_00834,frag_01730,doc_0353,amount_threshold,"$1,153 million","$1,153 million",0.741,"[""qproto_001_threshold_lookup"", ""qproto_005_variance_explanation"", ""qproto_009_metric_lookup""]"
ev_00835,frag_01730,doc_0353,metric,operating expenses,operating expenses,0.76,"[""qproto_001_threshold_lookup"", ""qproto_005_variance_explanation"", ""qproto_009_metric_lookup""]"
ev_00836,frag_01730,doc_0353,value,3.4%,3.4%,0.76,"[""qproto_001_threshold_lookup"", ""qproto_005_variance_explanation"", ""qproto_009_metric_lookup""]"
ev_00837,frag_01730,doc_0353,period,Q4 2019,Q4 2019,0.76,"[""qproto_001_threshold_lookup"", ""qproto_005_variance_explanation"", ""qproto_009_metric_lookup""]"
ev_00838,frag_01730,doc_0353,variance,3.4%,3.4%,0.665,"[""qproto_001_threshold_lookup"", ""qproto_005_variance_explanation"", ""qproto_009_metric_lookup""]"
ev_00839,frag_01730,doc_0353,variance_driver,higher operating revenues coupled with stable operating expenses as t…,"Advertising revenues declined modestly in Q4 2019, compared to Q4 2018, from lower conventional TV advertising revenues…",0.665,"[""qproto_001_threshold_lookup"", ""qproto_005_variance_explanation"", ""qproto_009_metric_lookup""]"
ev_00840,frag_01731,doc_0353,variance_driver,increases across all three of our segments,increases across all three of our segments,0.665,"[""qproto_001_threshold_lookup"", ""qproto_005_variance_explanation""]"
ev_00841,frag_01731,doc_0353,amount_threshold,$96 million,$96 million,0.741,"[""qproto_001_threshold_lookup"", ""qproto_005_variance_explanation""]"
ev_00842,frag_01732,doc_0353,amount_threshold,"$1,153","$1,153",0.741,"[""qproto_001_threshold_lookup""]"
ev_00843,frag_01734,doc_0355,rule,Retained earnings and dividend policies: pages.[0].blocks.[0].words.word_list.[…,Retained earnings and dividend policies: pages.[0].blocks.[0].words.word_list.[0] = c. pages.[0].blocks.[0].words.word_…,0.589,"[""qproto_003_rule_lookup""]"
ev_00844,frag_01737,doc_0355,exception,for when accumulated legal reserve has reached UMC’s paid-in capital,for when accumulated legal reserve has reached UMC’s paid-in capital,0.684,"[""qproto_004_exception_lookup""]"
ev_00845,frag_01737,doc_0355,condition,for when accumulated legal reserve has reached UMC’s paid-i…,"Setting aside 10% for legal reserve, except for when accumulated legal reserve has reached UMC’s paid-in capital. pages…",0.684,"[""qproto_004_exception_lookup""]"
ev_00846,frag_01739,doc_0355,rule,"The remaining, plus the previous year’s unappropriated earnings, shall be distr…","The remaining, plus the previous year’s unappropriated earnings, shall be distributed according to the distribution pla…",0.589,"[""qproto_003_rule_lookup""]"
ev_00847,frag_01740,doc_0355,rule,The Board of Directors shall propose the distribution plan and submit it to the…,The Board of Directors shall propose the distribution plan and submit it to the stockholders’ meeting every year.,0.589,"[""qproto_003_rule_lookup""]"
ev_00848,frag_01741,doc_0355,rule,The distribution of stockholders’ dividend shall be allocated as cash dividend …,"The distribution of stockholders’ dividend shall be allocated as cash dividend in the range of 20% to 100%, and stock d…",0.589,"[""qproto_002_metric_lookup"", ""qproto_003_rule_lookup""]"
ev_00849,frag_01741,doc_0355,metric,forecast,forecast,0.76,"[""qproto_002_metric_lookup"", ""qproto_003_rule_lookup""]"
ev_00850,frag_01741,doc_0355,value,20%,20%,0.76,"[""qproto_002_metric_lookup"", ""qproto_003_rule_lookup""]"
ev_00851,frag_01742,doc_0355,exception,the stated condition,Such special reserve is prohibited from distribution.,0.684,"[""qproto_003_rule_lookup"", ""qproto_004_exception_lookup""]"
ev_00852,frag_01742,doc_0355,condition,the stated condition,Such special reserve is prohibited from distribution.,0.684,"[""qproto_003_rule_lookup"", ""qproto_004_exception_lookup""]"
ev_00853,frag_01742,doc_0355,rule,Such special reserve is prohibited from distribution.,Such special reserve is prohibited from distribution.,0.589,"[""qproto_003_rule_lookup"", ""qproto_004_exception_lookup""]"
ev_00854,frag_01743,doc_0355,exception,the stated condition,"However, if any of the debit elements is reversed, the special reserve in the amount equal to the reversal may be relea…",0.684,"[""qproto_003_rule_lookup"", ""qproto_004_exception_lookup""]"
ev_00855,frag_01743,doc_0355,condition,the stated condition,"However, if any of the debit elements is reversed, the special reserve in the amount equal to the reversal may be relea…",0.684,"[""qproto_003_rule_lookup"", ""qproto_004_exception_lookup""]"
ev_00856,frag_01743,doc_0355,rule,"However, if any of the debit elements is reversed, the special reserve in the a…","However, if any of the debit elements is reversed, the special reserve in the amount equal to the reversal may be relea…",0.589,"[""qproto_003_rule_lookup"", ""qproto_004_exception_lookup""]"
ev_00857,frag_01744,doc_0355,amount_threshold,"$ 707,299","$ 707,299",0.855,"[""qproto_015_approval_lookup""]"
ev_00858,frag_01744,doc_0355,approver,Legal,Legal,0.855,"[""qproto_015_approval_lookup""]"
ev_00859,frag_01752,doc_0359,metric,revenue,revenue,0.76,"[""qproto_002_metric_lookup""]"
ev_00860,frag_01752,doc_0359,value,3 percent,3 percent,0.76,"[""qproto_002_metric_lookup""]"
ev_00861,frag_01756,doc_0359,metric,revenue,revenue,0.76,"[""qproto_002_metric_lookup""]"
ev_00862,frag_01756,doc_0359,value,$2.2,$2.2,0.76,"[""qproto_002_metric_lookup""]"
ev_00863,frag_01757,doc_0359,metric,revenue,revenue,0.76,"[""qproto_002_metric_lookup""]"
ev_00864,frag_01757,doc_0359,value,$2.2,$2.2,0.76,"[""qproto_002_metric_lookup""]"
ev_00865,frag_01759,doc_0359,metric,revenue,revenue,0.76,"[""qproto_002_metric_lookup""]"
ev_00866,frag_01759,doc_0359,value,$10.57,$10.57,0.76,"[""qproto_002_metric_lookup""]"
ev_00867,frag_01769,doc_0359,variance_driver,lower income from expected return on assets,lower income from expected return on assets,0.665,"[""qproto_005_variance_explanation""]"
ev_00868,frag_01770,doc_0359,amount_threshold,$2.3,$2.3,0.741,"[""qproto_001_threshold_lookup""]"
ev_00869,frag_01771,doc_0359,region,global,global,0.741,"[""qproto_008_threshold_lookup""]"
ev_00870,frag_01771,doc_0359,amount_threshold,$14.8,$14.8,0.741,"[""qproto_008_threshold_lookup""]"
ev_00871,frag_01774,doc_0359,exception,certain conditions are met,certain conditions are met,0.684,"[""qproto_004_exception_lookup""]"
ev_00872,frag_01774,doc_0359,condition,certain conditions are met,certain conditions are met,0.684,"[""qproto_004_exception_lookup""]"
ev_00873,frag_01775,doc_0359,exception,pages,pages,0.684,"[""qproto_004_exception_lookup""]"
ev_00874,frag_01775,doc_0359,condition,pages,pages,0.684,"[""qproto_004_exception_lookup""]"
ev_00875,frag_01778,doc_0359,scope,the stated audience,"At December 31, 2019, the fair value of those instruments that were in a liability position was $673 million, before an…",0.665,"[""qproto_006_applicability_check""]"
ev_00876,frag_01778,doc_0359,audience,the stated audience,"At December 31, 2019, the fair value of those instruments that were in a liability position was $673 million, before an…",0.665,"[""qproto_006_applicability_check""]"
ev_00877,frag_01779,doc_0359,amount_threshold,$673,$673,0.741,"[""qproto_001_threshold_lookup"", ""qproto_006_applicability_check""]"
ev_00878,frag_01779,doc_0359,scope,the stated audience,"We have no other contractual arrangements that, in the event of a change in credit rating, would result in a material a…",0.665,"[""qproto_001_threshold_lookup"", ""qproto_006_applicability_check""]"
ev_00879,frag_01779,doc_0359,audience,the stated audience,"We have no other contractual arrangements that, in the event of a change in credit rating, would result in a material a…",0.665,"[""qproto_001_threshold_lookup"", ""qproto_006_applicability_check""]"
ev_00880,frag_01782,doc_0359,scope,the stated audience,"We are evaluating the potential impact of the replacement of the LIBOR benchmark interest rate, including risk manageme…",0.665,"[""qproto_006_applicability_check""]"
ev_00881,frag_01782,doc_0359,audience,the stated audience,"We are evaluating the potential impact of the replacement of the LIBOR benchmark interest rate, including risk manageme…",0.665,"[""qproto_006_applicability_check""]"
ev_00882,frag_01783,doc_0359,scope,the stated audience,"For the purpose of running its business, IBM manages, monitors and analyzes cash flows in a different format. pages.[1]…",0.665,"[""qproto_006_applicability_check""]"
ev_00883,frag_01783,doc_0359,audience,the stated audience,"For the purpose of running its business, IBM manages, monitors and analyzes cash flows in a different format. pages.[1]…",0.665,"[""qproto_006_applicability_check""]"
ev_00884,frag_01792,doc_0361,rule,Exchange transaction impacts on operating profit are assessed on the basis of t…,Exchange transaction impacts on operating profit are assessed on the basis of transactions being at constant currency b…,0.589,"[""qproto_002_metric_lookup"", ""qproto_003_rule_lookup""]"
ev_00885,frag_01792,doc_0361,metric,revenue,revenue,0.76,"[""qproto_002_metric_lookup"", ""qproto_003_rule_lookup""]"
ev_00886,frag_01792,doc_0361,value,6%,6%,0.76,"[""qproto_002_metric_lookup"", ""qproto_003_rule_lookup""]"
ev_00887,frag_01796,doc_0363,amount_threshold,"$ 10,045","$ 10,045",0.741,"[""qproto_001_threshold_lookup""]"
ev_00888,frag_01802,doc_0363,amount_threshold,$70.8,$70.8,0.741,"[""qproto_001_threshold_lookup""]"
ev_00889,frag_01807,doc_0365,region,us,us,0.741,"[""qproto_003_rule_lookup"", ""qproto_008_threshold_lookup""]"
ev_00890,frag_01807,doc_0365,amount_threshold,$240 million,$240 million,0.741,"[""qproto_003_rule_lookup"", ""qproto_008_threshold_lookup""]"
ev_00891,frag_01807,doc_0365,rule,Changes in these factors could cause actual future contributions to differ from…,Changes in these factors could cause actual future contributions to differ from our current estimates and could require…,0.589,"[""qproto_003_rule_lookup"", ""qproto_008_threshold_lookup""]"
ev_00892,frag_01808,doc_0365,amount_threshold,$120 million,$120 million,0.741,"[""qproto_001_threshold_lookup""]"
ev_00893,frag_01823,doc_0369,scope,the stated audience,Income taxes are accrued and paid by each foreign entity in accordance with applicable local regulations. pages.[0].blo…,0.665,"[""qproto_006_applicability_check""]"
ev_00894,frag_01823,doc_0369,audience,the stated audience,Income taxes are accrued and paid by each foreign entity in accordance with applicable local regulations. pages.[0].blo…,0.665,"[""qproto_006_applicability_check""]"
ev_00895,frag_01825,doc_0371,exception,pages,pages,0.684,"[""qproto_004_exception_lookup""]"
ev_00896,frag_01825,doc_0371,condition,pages,pages,0.684,"[""qproto_004_exception_lookup""]"
ev_00897,frag_01831,doc_0371,amount_threshold,$200,$200,0.741,"[""qproto_001_threshold_lookup"", ""qproto_002_metric_lookup""]"
ev_00898,frag_01831,doc_0371,metric,operating expenses,operating expenses,0.76,"[""qproto_001_threshold_lookup"", ""qproto_002_metric_lookup""]"
ev_00899,frag_01831,doc_0371,value,$200,$200,0.76,"[""qproto_001_threshold_lookup"", ""qproto_002_metric_lookup""]"
ev_00900,frag_01832,doc_0373,metric,Revenue,Revenue,0.76,"[""qproto_002_metric_lookup""]"
ev_00901,frag_01832,doc_0373,value,"$ 268,453","$ 268,453",0.76,"[""qproto_002_metric_lookup""]"
ev_00902,frag_01834,doc_0373,exception,percentages and per share data),percentages and per share data),0.684,"[""qproto_002_metric_lookup"", ""qproto_004_exception_lookup""]"
ev_00903,frag_01834,doc_0373,condition,percentages and per share data),percentages and per share data),0.684,"[""qproto_002_metric_lookup"", ""qproto_004_exception_lookup""]"
ev_00904,frag_01834,doc_0373,metric,revenue,revenue,0.76,"[""qproto_002_metric_lookup"", ""qproto_004_exception_lookup""]"
ev_00905,frag_01834,doc_0373,value,10%,10%,0.76,"[""qproto_002_metric_lookup"", ""qproto_004_exception_lookup""]"
ev_00906,frag_01836,doc_0373,exception,pages,pages,0.684,"[""qproto_002_metric_lookup"", ""qproto_004_exception_lookup""]"
ev_00907,frag_01836,doc_0373,condition,pages,pages,0.684,"[""qproto_002_metric_lookup"", ""qproto_004_exception_lookup""]"
ev_00908,frag_01836,doc_0373,metric,Gross margin,Gross margin,0.76,"[""qproto_002_metric_lookup"", ""qproto_004_exception_lookup""]"
ev_00909,frag_01836,doc_0373,value,"$ 94,888","$ 94,888",0.76,"[""qproto_002_metric_lookup"", ""qproto_004_exception_lookup""]"
ev_00910,frag_01839,doc_0375,amount_threshold,$ 100,$ 100,0.741,"[""qproto_001_threshold_lookup""]"
ev_00911,frag_01842,doc_0375,amount_threshold,$147,$147,0.741,"[""qproto_001_threshold_lookup""]"
ev_00912,frag_01848,doc_0377,amount_threshold,$584 million,$584 million,0.741,"[""qproto_001_threshold_lookup""]"
ev_00913,frag_01857,doc_0379,amount_threshold,$ 3.7,$ 3.7,0.741,"[""qproto_001_threshold_lookup""]"
ev_00914,frag_01869,doc_0379,exception,the stated condition,The Company has determined that the most pages.[0].blocks.[27].words.word_list.[0] = The pages.[0].blocks.[27].words.wo…,0.684,"[""qproto_004_exception_lookup""]"
ev_00915,frag_01869,doc_0379,condition,the stated condition,The Company has determined that the most pages.[0].blocks.[27].words.word_list.[0] = The pages.[0].blocks.[27].words.wo…,0.684,"[""qproto_004_exception_lookup""]"
ev_00916,frag_01871,doc_0379,exception,the stated condition,Revenue for consignment arrangements is recognized upon the customer’s usage. pages.[0].blocks.[28].words.word_list.[0]…,0.684,"[""qproto_004_exception_lookup""]"
ev_00917,frag_01871,doc_0379,condition,the stated condition,Revenue for consignment arrangements is recognized upon the customer’s usage. pages.[0].blocks.[28].words.word_list.[0]…,0.684,"[""qproto_004_exception_lookup""]"
ev_00918,frag_01880,doc_0385,amount_threshold,$ 29.66,$ 29.66,0.741,"[""qproto_001_threshold_lookup"", ""qproto_004_exception_lookup""]"
ev_00919,frag_01880,doc_0385,exception,pages,pages,0.684,"[""qproto_001_threshold_lookup"", ""qproto_004_exception_lookup""]"
ev_00920,frag_01880,doc_0385,condition,pages,pages,0.684,"[""qproto_001_threshold_lookup"", ""qproto_004_exception_lookup""]"
ev_00921,frag_01881,doc_0385,amount_threshold,$254,$254,0.741,"[""qproto_001_threshold_lookup""]"
ev_00922,frag_01882,doc_0385,rule,"GAAP metrics or internal metrics that are defined, fixed and consistently deter…","GAAP metrics or internal metrics that are defined, fixed and consistently determined, and that require the employee to …",0.589,"[""qproto_003_rule_lookup""]"
ev_00923,frag_01883,doc_0385,rule,"Therefore, these awards met the performance-based award classification criteria…","Therefore, these awards met the performance-based award classification criteria as defined within ASC 718. pages.[0].bl…",0.589,"[""qproto_003_rule_lookup""]"
ev_00924,frag_01884,doc_0385,rule,"Option valuati on models, including the Black-Scholes-Merton option-pricing mod…","Option valuati on models, including the Black-Scholes-Merton option-pricing model, require the input of assumptions, in…",0.589,"[""qproto_003_rule_lookup""]"
ev_00925,frag_01885,doc_0385,rule,The weighted-average input assumptions used and resulting fair values of our se…,The weighted-average input assumptions used and resulting fair values of our service-ba sed stock options were as follo…,0.589,"[""qproto_003_rule_lookup""]"
ev_00926,frag_01891,doc_0389,effective_date,"December 31, 2019","December 31, 2019",0.807,"[""qproto_007_effective_date_lookup""]"
ev_00927,frag_01893,doc_0389,effective_date,"December 22, 2017","December 22, 2017",0.807,"[""qproto_007_effective_date_lookup""]"
ev_00928,frag_01894,doc_0389,amount_threshold,$2.1,$2.1,0.741,"[""qproto_001_threshold_lookup"", ""qproto_007_effective_date_lookup""]"
ev_00929,frag_01894,doc_0389,effective_date,"January 1, 2018","January 1, 2018",0.807,"[""qproto_001_threshold_lookup"", ""qproto_007_effective_date_lookup""]"
ev_00930,frag_01897,doc_0391,amount_threshold,"$ 15,103","$ 15,103",0.741,"[""qproto_001_threshold_lookup""]"
ev_00931,frag_01901,doc_0391,amount_threshold,"$ 14,120","$ 14,120",0.741,"[""qproto_001_threshold_lookup""]"
ev_00932,frag_01907,doc_0391,effective_date,"December 22, 2017","December 22, 2017",0.807,"[""qproto_002_metric_lookup"", ""qproto_007_effective_date_lookup""]"
ev_00933,frag_01907,doc_0391,metric,Revenue,Revenue,0.76,"[""qproto_002_metric_lookup"", ""qproto_007_effective_date_lookup""]"
ev_00934,frag_01907,doc_0391,value,"$5,785,","$5,785,",0.76,"[""qproto_002_metric_lookup"", ""qproto_007_effective_date_lookup""]"
ev_00935,frag_01908,doc_0391,effective_date,"December 31, 2017","December 31, 2017",0.807,"[""qproto_007_effective_date_lookup""]"
ev_00936,frag_01909,doc_0391,effective_date,"December 22, 2017","December 22, 2017",0.807,"[""qproto_002_metric_lookup"", ""qproto_007_effective_date_lookup""]"
ev_00937,frag_01909,doc_0391,metric,Revenue,Revenue,0.76,"[""qproto_002_metric_lookup"", ""qproto_007_effective_date_lookup""]"
ev_00938,frag_01909,doc_0391,value,"$11,734","$11,734",0.76,"[""qproto_002_metric_lookup"", ""qproto_007_effective_date_lookup""]"
ev_00939,frag_01912,doc_0393,amount_threshold,$373 million,$373 million,0.741,"[""qproto_001_threshold_lookup""]"
ev_00940,frag_01914,doc_0393,amount_threshold,$10 million,$10 million,0.741,"[""qproto_001_threshold_lookup""]"
ev_00941,frag_01917,doc_0393,amount_threshold,$26.5,$26.5,0.741,"[""qproto_001_threshold_lookup""]"
ev_00942,frag_01918,doc_0393,amount_threshold,$250 million,$250 million,0.741,"[""qproto_001_threshold_lookup""]"
ev_00943,frag_01919,doc_0393,region,us,us,0.741,"[""qproto_008_threshold_lookup""]"
ev_00944,frag_01919,doc_0393,amount_threshold,$250,$250,0.741,"[""qproto_008_threshold_lookup""]"
ev_00945,frag_01922,doc_0393,amount_threshold,$991 million,$991 million,0.741,"[""qproto_001_threshold_lookup""]"
ev_00946,frag_01924,doc_0393,amount_threshold,$991,$991,0.741,"[""qproto_001_threshold_lookup""]"
ev_00947,frag_01926,doc_0393,amount_threshold,$700,$700,0.741,"[""qproto_001_threshold_lookup""]"
ev_00948,frag_01932,doc_0393,rule,"In addition, upon the occurrence of certain events, as described in the indentu…","In addition, upon the occurrence of certain events, as described in the indenture, we will be required to make an offer…",0.589,"[""qproto_003_rule_lookup""]"
ev_00949,frag_01933,doc_0393,amount_threshold,$1.25,$1.25,0.741,"[""qproto_001_threshold_lookup""]"
ev_00950,frag_01934,doc_0393,amount_threshold,$1.25,$1.25,0.741,"[""qproto_001_threshold_lookup"", ""qproto_006_applicability_check""]"
ev_00951,frag_01934,doc_0393,scope,the stated audience,"The facility matures on October 13, 2022. pages.[1].blocks.[10].words.word_list.[0] = On pages.[1].blocks.[10].words.wo…",0.665,"[""qproto_001_threshold_lookup"", ""qproto_006_applicability_check""]"
ev_00952,frag_01934,doc_0393,audience,the stated audience,"The facility matures on October 13, 2022. pages.[1].blocks.[10].words.word_list.[0] = On pages.[1].blocks.[10].words.wo…",0.665,"[""qproto_001_threshold_lookup"", ""qproto_006_applicability_check""]"
ev_00953,frag_01935,doc_0393,scope,the stated audience,Principal and pages.[1].blocks.[11].words.word_list.[0] = Interest pages.[1].blocks.[11].words.word_list.[1] = on pages…,0.665,"[""qproto_006_applicability_check""]"
ev_00954,frag_01935,doc_0393,audience,the stated audience,Principal and pages.[1].blocks.[11].words.word_list.[0] = Interest pages.[1].blocks.[11].words.word_list.[1] = on pages…,0.665,"[""qproto_006_applicability_check""]"
ev_00955,frag_01936,doc_0395,metric,revenue,revenue,0.76,"[""qproto_002_metric_lookup""]"
ev_00956,frag_01936,doc_0395,value,94%,94%,0.76,"[""qproto_002_metric_lookup""]"
ev_00957,frag_01937,doc_0395,metric,Revenue,Revenue,0.76,"[""qproto_002_metric_lookup""]"
ev_00958,frag_01937,doc_0395,value,"$ 59,545","$ 59,545",0.76,"[""qproto_002_metric_lookup""]"
ev_00959,frag_01940,doc_0395,metric,Services revenue,Services revenue,0.76,"[""qproto_002_metric_lookup""]"
ev_00960,frag_01940,doc_0395,value,$4.9 million,$4.9 million,0.76,"[""qproto_002_metric_lookup""]"
ev_00961,frag_01940,doc_0395,metric,services revenue,services revenue,0.76,"[""qproto_002_metric_lookup""]"
ev_00962,frag_01940,doc_0395,value,$56.6 million,$56.6 million,0.76,"[""qproto_002_metric_lookup""]"
ev_00963,frag_01942,doc_0395,metric,revenue,revenue,0.76,"[""qproto_002_metric_lookup""]"
ev_00964,frag_01942,doc_0395,value,$4.9,$4.9,0.76,"[""qproto_002_metric_lookup""]"
ev_00965,frag_01951,doc_0399,rule,USD 1.0m) is required to be presented as follows:,USD 1.0m) is required to be presented as follows:,0.589,"[""qproto_003_rule_lookup""]"
ev_00966,frag_01952,doc_0399,exception,the stated condition,"Our Audit Committee pre-approves all audit, audit-related and non-audit services not prohibited by law to be performed …",0.684,"[""qproto_003_rule_lookup"", ""qproto_004_exception_lookup""]"
ev_00967,frag_01952,doc_0399,condition,the stated condition,"Our Audit Committee pre-approves all audit, audit-related and non-audit services not prohibited by law to be performed …",0.684,"[""qproto_003_rule_lookup"", ""qproto_004_exception_lookup""]"
ev_00968,frag_01952,doc_0399,rule,"Our Audit Committee pre-approves all audit, audit-related and non-audit service…","Our Audit Committee pre-approves all audit, audit-related and non-audit services not prohibited by law to be performed …",0.589,"[""qproto_003_rule_lookup"", ""qproto_004_exception_lookup""]"
ev_00969,frag_01953,doc_0401,amount_threshold,"$ 6,490","$ 6,490",0.741,"[""qproto_001_threshold_lookup""]"
ev_00970,frag_01954,doc_0401,amount_threshold,"$203,000","$203,000",0.741,"[""qproto_001_threshold_lookup""]"
ev_00971,frag_01956,doc_0401,region,Europe,Europe,0.741,"[""qproto_008_threshold_lookup""]"
ev_00972,frag_01956,doc_0401,amount_threshold,"$127,000","$127,000",0.741,"[""qproto_008_threshold_lookup""]"
ev_00973,frag_01957,doc_0401,region,Europe,Europe,0.741,"[""qproto_008_threshold_lookup""]"
ev_00974,frag_01957,doc_0401,amount_threshold,$1.3 million,$1.3 million,0.741,"[""qproto_008_threshold_lookup""]"
ev_00975,frag_01958,doc_0401,amount_threshold,$2.2 million,$2.2 million,0.741,"[""qproto_001_threshold_lookup""]"
ev_00976,frag_01959,doc_0403,metric,Revenue,Revenue,0.76,"[""qproto_002_metric_lookup""]"
ev_00977,frag_01959,doc_0403,value,"$ 2,515","$ 2,515",0.76,"[""qproto_002_metric_lookup""]"
ev_00978,frag_01960,doc_0403,metric,revenue,revenue,0.76,"[""qproto_002_metric_lookup""]"
ev_00979,frag_01960,doc_0403,value,$75.3,$75.3,0.76,"[""qproto_002_metric_lookup""]"
ev_00980,frag_01961,doc_0403,metric,Revenue,Revenue,0.76,"[""qproto_002_metric_lookup""]"
ev_00981,frag_01961,doc_0403,value,$4.7 million,$4.7 million,0.76,"[""qproto_002_metric_lookup""]"
ev_00982,frag_01963,doc_0405,metric,revenue,revenue,0.76,"[""qproto_002_metric_lookup""]"
ev_00983,frag_01963,doc_0405,value,"$ 275,792","$ 275,792",0.76,"[""qproto_002_metric_lookup""]"
ev_00984,frag_01964,doc_0405,variance_driver,an increase in costs as we accelerated our investments in cloud infra…,"Revenue from cloud arrangements is generally recognized over the service period, while revenue from term and perpetual …",0.665,"[""qproto_005_variance_explanation""]"
ev_00985,frag_01965,doc_0405,metric,Operating expenses,Operating expenses,0.76,"[""qproto_002_metric_lookup"", ""qproto_005_variance_explanation""]"
ev_00986,frag_01965,doc_0405,value,"$ 474,459","$ 474,459",0.76,"[""qproto_002_metric_lookup"", ""qproto_005_variance_explanation""]"
ev_00987,frag_01965,doc_0405,variance,27%,27%,0.665,"[""qproto_002_metric_lookup"", ""qproto_005_variance_explanation""]"
ev_00988,frag_01965,doc_0405,variance_driver,a decrease in billable hours as consulting resources were transitioni…,The decrease in consulting gross profit percent in 2019 was driven by a decrease in billable hours as consulting resour…,0.665,"[""qproto_002_metric_lookup"", ""qproto_005_variance_explanation""]"
ev_00989,frag_01966,doc_0405,amount_threshold,$81.2 million,$81.2 million,0.741,"[""qproto_001_threshold_lookup"", ""qproto_002_metric_lookup""]"
ev_00990,frag_01966,doc_0405,metric,Revenue,Revenue,0.76,"[""qproto_001_threshold_lookup"", ""qproto_002_metric_lookup""]"
ev_00991,frag_01966,doc_0405,value,$81.2 million,$81.2 million,0.76,"[""qproto_001_threshold_lookup"", ""qproto_002_metric_lookup""]"
ev_00992,frag_01967,doc_0405,metric,revenue,revenue,0.76,"[""qproto_002_metric_lookup""]"
ev_00993,frag_01967,doc_0405,value,$81.2,$81.2,0.76,"[""qproto_002_metric_lookup""]"
ev_00994,frag_01973,doc_0407,region,Europe,Europe,0.741,"[""qproto_002_metric_lookup"", ""qproto_008_threshold_lookup""]"
ev_00995,frag_01973,doc_0407,amount_threshold,$994.0 million,$994.0 million,0.741,"[""qproto_002_metric_lookup"", ""qproto_008_threshold_lookup""]"
ev_00996,frag_01973,doc_0407,metric,Revenue,Revenue,0.76,"[""qproto_002_metric_lookup"", ""qproto_008_threshold_lookup""]"
ev_00997,frag_01973,doc_0407,value,$994.0 million,$994.0 million,0.76,"[""qproto_002_metric_lookup"", ""qproto_008_threshold_lookup""]"
ev_00998,frag_01975,doc_0407,region,United States,United States,0.741,"[""qproto_008_threshold_lookup""]"
ev_00999,frag_01975,doc_0407,amount_threshold,$38.4 million,$38.4 million,0.741,"[""qproto_008_threshold_lookup""]"
ev_01000,frag_01977,doc_0407,region,United States,United States,0.741,"[""qproto_002_metric_lookup"", ""qproto_008_threshold_lookup""]"
ev_01001,frag_01977,doc_0407,amount_threshold,$744.6 million,$744.6 million,0.741,"[""qproto_002_metric_lookup"", ""qproto_008_threshold_lookup""]"
ev_01002,frag_01977,doc_0407,metric,Revenue,Revenue,0.76,"[""qproto_002_metric_lookup"", ""qproto_008_threshold_lookup""]"
ev_01003,frag_01977,doc_0407,value,$744.6 million,$744.6 million,0.76,"[""qproto_002_metric_lookup"", ""qproto_008_threshold_lookup""]"
ev_01004,frag_01987,doc_0409,exception,the stated condition,The majority of non-audit related services are prohibited and others require approval by the Audit Committee.,0.684,"[""qproto_003_rule_lookup"", ""qproto_004_exception_lookup""]"
ev_01005,frag_01987,doc_0409,condition,the stated condition,The majority of non-audit related services are prohibited and others require approval by the Audit Committee.,0.684,"[""qproto_003_rule_lookup"", ""qproto_004_exception_lookup""]"
ev_01006,frag_01987,doc_0409,rule,The majority of non-audit related services are prohibited and others require ap…,The majority of non-audit related services are prohibited and others require approval by the Audit Committee.,0.589,"[""qproto_003_rule_lookup"", ""qproto_004_exception_lookup""]"
ev_01007,frag_01988,doc_0409,exception,the stated condition,There is a statutory overall fee limit of 70 per cent of the average of audit fees charged in the past three years. pag…,0.684,"[""qproto_003_rule_lookup"", ""qproto_004_exception_lookup""]"
ev_01008,frag_01988,doc_0409,condition,the stated condition,There is a statutory overall fee limit of 70 per cent of the average of audit fees charged in the past three years. pag…,0.684,"[""qproto_003_rule_lookup"", ""qproto_004_exception_lookup""]"
ev_01009,frag_01988,doc_0409,rule,There is a statutory overall fee limit of 70 per cent of the average of audit f…,There is a statutory overall fee limit of 70 per cent of the average of audit fees charged in the past three years. pag…,0.589,"[""qproto_003_rule_lookup"", ""qproto_004_exception_lookup""]"
ev_01010,frag_01990,doc_0409,rule,The external auditor must also satisfy the Company that it is acting independen…,The external auditor must also satisfy the Company that it is acting independently. pages.[0].blocks.[15].words.word_li…,0.589,"[""qproto_003_rule_lookup""]"
ev_01011,frag_01992,doc_0411,exception,pages,pages,0.684,"[""qproto_004_exception_lookup""]"
ev_01012,frag_01992,doc_0411,condition,pages,pages,0.684,"[""qproto_004_exception_lookup""]"
ev_01013,frag_01996,doc_0411,region,United States,United States,0.741,"[""qproto_008_threshold_lookup""]"
ev_01014,frag_01996,doc_0411,amount_threshold,"$ 3,425","$ 3,425",0.741,"[""qproto_008_threshold_lookup""]"
ev_01015,frag_02013,doc_0415,rule,"The lease agreements also contain contingent put options (the ""lease put option…","The lease agreements also contain contingent put options (the ""lease put options"") that allow or allowed the lessors to…",0.589,"[""qproto_003_rule_lookup""]"
ev_01016,frag_02015,doc_0415,region,us,us,0.741,"[""qproto_003_rule_lookup"", ""qproto_006_applicability_check"", ""qproto_008_threshold_lookup""]"
ev_01017,frag_02015,doc_0415,amount_threshold,$6.7 million,$6.7 million,0.741,"[""qproto_003_rule_lookup"", ""qproto_006_applicability_check"", ""qproto_008_threshold_lookup""]"
ev_01018,frag_02015,doc_0415,scope,the stated audience,"During fiscal 2017, one of these lease agreements expired, and we reversed the applicable accrual and recognized a bene…",0.665,"[""qproto_003_rule_lookup"", ""qproto_006_applicability_check"", ""qproto_008_threshold_lookup""]"
ev_01019,frag_02015,doc_0415,audience,the stated audience,"During fiscal 2017, one of these lease agreements expired, and we reversed the applicable accrual and recognized a bene…",0.665,"[""qproto_003_rule_lookup"", ""qproto_006_applicability_check"", ""qproto_008_threshold_lookup""]"
ev_01020,frag_02015,doc_0415,rule,"During fiscal 2017, one of these lease agreements expired, and we reversed the …","During fiscal 2017, one of these lease agreements expired, and we reversed the applicable accrual and recognized a bene…",0.589,"[""qproto_003_rule_lookup"", ""qproto_006_applicability_check"", ""qproto_008_threshold_lookup""]"
ev_01021,frag_02017,doc_0415,region,us,us,0.741,"[""qproto_008_threshold_lookup""]"
ev_01022,frag_02017,doc_0415,amount_threshold,$8.2,$8.2,0.741,"[""qproto_008_threshold_lookup""]"
ev_01023,frag_02026,doc_0415,rule,These amounts are not included in the table above as the unfunded obligations a…,"These amounts are not included in the table above as the unfunded obligations are remeasured each fiscal year, thereby …",0.589,"[""qproto_001_threshold_lookup"", ""qproto_003_rule_lookup""]"
ev_01024,frag_02026,doc_0415,amount_threshold,$14.2 million,$14.2 million,0.741,"[""qproto_001_threshold_lookup"", ""qproto_003_rule_lookup""]"
ev_01025,frag_02027,doc_0415,region,us,us,0.741,"[""qproto_003_rule_lookup"", ""qproto_008_threshold_lookup""]"
ev_01026,frag_02027,doc_0415,amount_threshold,$87.8,$87.8,0.741,"[""qproto_003_rule_lookup"", ""qproto_008_threshold_lookup""]"
ev_01027,frag_02027,doc_0415,rule,"See Note 19 "" Pension and Postretirement Benefits "" to the consolidated financi…","See Note 19 "" Pension and Postretirement Benefits "" to the consolidated financial statements and "" Critical Accounting …",0.589,"[""qproto_003_rule_lookup"", ""qproto_008_threshold_lookup""]"
ev_01028,frag_02032,doc_0415,amount_threshold,$1.2 million,$1.2 million,0.741,"[""qproto_001_threshold_lookup""]"
ev_01029,frag_02033,doc_0415,amount_threshold,$19.1 million,$19.1 million,0.741,"[""qproto_001_threshold_lookup""]"
ev_01030,frag_02035,doc_0415,rule,"Accordingly, in the event that we are required to make any payments as a result…","Accordingly, in the event that we are required to make any payments as a result of this guarantee arrangement, Lamb Wes…",0.589,"[""qproto_003_rule_lookup""]"
ev_01031,frag_02041,doc_0417,amount_threshold,$281.6 million,$281.6 million,0.741,"[""qproto_001_threshold_lookup"", ""qproto_003_rule_lookup""]"
ev_01032,frag_02041,doc_0417,rule,Investments in the trust must meet certain investment quality criteria comparab…,Investments in the trust must meet certain investment quality criteria comparable to highly rated government or agency …,0.589,"[""qproto_001_threshold_lookup"", ""qproto_003_rule_lookup""]"
ev_01033,frag_02048,doc_0419,metric,revenue,revenue,0.76,"[""qproto_002_metric_lookup""]"
ev_01034,frag_02048,doc_0419,value,$887 million,$887 million,0.76,"[""qproto_002_metric_lookup""]"
ev_01035,frag_02049,doc_0419,exception,pages,pages,0.684,"[""qproto_002_metric_lookup"", ""qproto_004_exception_lookup"", ""qproto_010_variance_explanation""]"
ev_01036,frag_02049,doc_0419,condition,pages,pages,0.684,"[""qproto_002_metric_lookup"", ""qproto_004_exception_lookup"", ""qproto_010_variance_explanation""]"
ev_01037,frag_02049,doc_0419,metric,revenue,revenue,0.76,"[""qproto_002_metric_lookup"", ""qproto_004_exception_lookup"", ""qproto_010_variance_explanation""]"
ev_01038,frag_02049,doc_0419,value,$319 million,$319 million,0.76,"[""qproto_002_metric_lookup"", ""qproto_004_exception_lookup"", ""qproto_010_variance_explanation""]"
ev_01039,frag_02049,doc_0419,variance,8%,8%,0.665,"[""qproto_002_metric_lookup"", ""qproto_004_exception_lookup"", ""qproto_010_variance_explanation""]"
ev_01040,frag_02051,doc_0419,amount_threshold,$286 million,$286 million,0.741,"[""qproto_001_threshold_lookup"", ""qproto_002_metric_lookup"", ""qproto_004_exception_lookup"", ""qproto_010_variance_explanation""]"
ev_01041,frag_02051,doc_0419,exception,pages,pages,0.684,"[""qproto_001_threshold_lookup"", ""qproto_002_metric_lookup"", ""qproto_004_exception_lookup"", ""qproto_010_variance_explanation""]"
ev_01042,frag_02051,doc_0419,condition,pages,pages,0.684,"[""qproto_001_threshold_lookup"", ""qproto_002_metric_lookup"", ""qproto_004_exception_lookup"", ""qproto_010_variance_explanation""]"
ev_01043,frag_02051,doc_0419,metric,revenue,revenue,0.76,"[""qproto_001_threshold_lookup"", ""qproto_002_metric_lookup"", ""qproto_004_exception_lookup"", ""qproto_010_variance_explanation""]"
ev_01044,frag_02051,doc_0419,value,$286 million,$286 million,0.76,"[""qproto_001_threshold_lookup"", ""qproto_002_metric_lookup"", ""qproto_004_exception_lookup"", ""qproto_010_variance_explanation""]"
ev_01045,frag_02051,doc_0419,variance,37%,37%,0.665,"[""qproto_001_threshold_lookup"", ""qproto_002_metric_lookup"", ""qproto_004_exception_lookup"", ""qproto_010_variance_explanation""]"
ev_01046,frag_02053,doc_0419,metric,operating expenses,operating expenses,0.76,"[""qproto_002_metric_lookup""]"
ev_01047,frag_02053,doc_0419,value,$272 million,$272 million,0.76,"[""qproto_002_metric_lookup""]"
ev_01048,frag_02056,doc_0421,metric,gross margin,gross margin,0.76,"[""qproto_002_metric_lookup"", ""qproto_005_variance_explanation""]"
ev_01049,frag_02056,doc_0421,value,$4.1 million,$4.1 million,0.76,"[""qproto_002_metric_lookup"", ""qproto_005_variance_explanation""]"
ev_01050,frag_02056,doc_0421,variance,58.5%,58.5%,0.665,"[""qproto_002_metric_lookup"", ""qproto_005_variance_explanation""]"
ev_01051,frag_02056,doc_0421,variance_driver,a change in the sales mix to lower margin products,a change in the sales mix to lower margin products,0.665,"[""qproto_002_metric_lookup"", ""qproto_005_variance_explanation""]"
ev_01052,frag_02058,doc_0421,variance_driver,the addition of net sales of $133,the addition of net sales of $133,0.665,"[""qproto_005_variance_explanation""]"
ev_01053,frag_02060,doc_0421,variance,"In addition, Solid Capacitors net sales was favorably impacted by $6.1 million …","In addition, Solid Capacitors net sales was favorably impacted by $6.1 million from foreign currency exchange due to th…",0.665,"[""qproto_010_variance_explanation""]"
ev_01054,frag_02062,doc_0421,metric,Gross Margin,Gross Margin,0.76,"[""qproto_002_metric_lookup""]"
ev_01055,frag_02062,doc_0421,value,$7.6 million,$7.6 million,0.76,"[""qproto_002_metric_lookup""]"
ev_01056,frag_02063,doc_0421,metric,Gross margin,Gross margin,0.76,"[""qproto_002_metric_lookup""]"
ev_01057,frag_02063,doc_0421,value,83.1%,83.1%,0.76,"[""qproto_002_metric_lookup""]"
ev_01058,frag_02065,doc_0423,region,US,US,0.741,"[""qproto_008_threshold_lookup""]"
ev_01059,frag_02065,doc_0423,amount_threshold,"$283,752","$283,752",0.741,"[""qproto_008_threshold_lookup""]"
ev_01060,frag_02073,doc_0425,effective_date,"January 1, 2012","January 1, 2012",0.807,"[""qproto_007_effective_date_lookup""]"
ev_01061,frag_02075,doc_0425,effective_date,"August 31, 2018","August 31, 2018",0.807,"[""qproto_007_effective_date_lookup""]"
ev_01062,frag_02076,doc_0425,exception,the stated condition,"As is the customary practice with European and Asian companies, the plans are unfunded, with the exception of the Spani…",0.684,"[""qproto_004_exception_lookup""]"
ev_01063,frag_02076,doc_0425,condition,the stated condition,"As is the customary practice with European and Asian companies, the plans are unfunded, with the exception of the Spani…",0.684,"[""qproto_004_exception_lookup""]"
ev_01064,frag_02077,doc_0425,exception,the stated condition,The measurement date of these defined benefit plans is September 30. pages.[0].blocks.[7].words.word_list.[0] = In page…,0.684,"[""qproto_004_exception_lookup""]"
ev_01065,frag_02077,doc_0425,condition,the stated condition,The measurement date of these defined benefit plans is September 30. pages.[0].blocks.[7].words.word_list.[0] = In page…,0.684,"[""qproto_004_exception_lookup""]"
ev_01066,frag_02084,doc_0427,amount_threshold,"$ 12,000","$ 12,000",0.741,"[""qproto_001_threshold_lookup"", ""qproto_002_metric_lookup""]"
ev_01067,frag_02084,doc_0427,metric,revenue,revenue,0.76,"[""qproto_001_threshold_lookup"", ""qproto_002_metric_lookup""]"
ev_01068,frag_02084,doc_0427,value,"$ 12,000","$ 12,000",0.76,"[""qproto_001_threshold_lookup"", ""qproto_002_metric_lookup""]"
ev_01069,frag_02085,doc_0427,metric,revenue,revenue,0.76,"[""qproto_002_metric_lookup""]"
ev_01070,frag_02085,doc_0427,value,$6.2 million,$6.2 million,0.76,"[""qproto_002_metric_lookup""]"
ev_01071,frag_02095,doc_0431,rule,Although shareholder ratification of KPMG’s appointment is not legally required…,"Although shareholder ratification of KPMG’s appointment is not legally required, we are submitting this matter to the s…",0.589,"[""qproto_003_rule_lookup""]"
ev_01072,frag_02096,doc_0431,rule,"In determining whether to reappoint KPMG as our independent auditor, the Audit …","In determining whether to reappoint KPMG as our independent auditor, the Audit Committee considered a number of factors…",0.589,"[""qproto_003_rule_lookup""]"
ev_01073,frag_02098,doc_0431,region,us,us,0.741,"[""qproto_008_threshold_lookup""]"
ev_01074,frag_02098,doc_0431,amount_threshold,"$16,014,014","$16,014,014",0.741,"[""qproto_008_threshold_lookup""]"
ev_01075,frag_02099,doc_0431,scope,the stated audience,"In addition, the amount listed for 2018 includes a final billing of $785,000 that was received after we finalized our 2…",0.665,"[""qproto_003_rule_lookup"", ""qproto_006_applicability_check""]"
ev_01076,frag_02099,doc_0431,audience,the stated audience,"In addition, the amount listed for 2018 includes a final billing of $785,000 that was received after we finalized our 2…",0.665,"[""qproto_003_rule_lookup"", ""qproto_006_applicability_check""]"
ev_01077,frag_02099,doc_0431,rule,"In addition, the amount listed for 2018 includes a final billing of $785,000 th…","In addition, the amount listed for 2018 includes a final billing of $785,000 that was received after we finalized our 2…",0.589,"[""qproto_003_rule_lookup"", ""qproto_006_applicability_check""]"
ev_01078,frag_02100,doc_0431,scope,the stated audience,This review includes an evaluation of whether the provision of non-audit services by our independent auditor is compati…,0.665,"[""qproto_003_rule_lookup"", ""qproto_006_applicability_check""]"
ev_01079,frag_02100,doc_0431,audience,the stated audience,This review includes an evaluation of whether the provision of non-audit services by our independent auditor is compati…,0.665,"[""qproto_003_rule_lookup"", ""qproto_006_applicability_check""]"
ev_01080,frag_02100,doc_0431,rule,This review includes an evaluation of whether the provision of non-audit servic…,This review includes an evaluation of whether the provision of non-audit services by our independent auditor is compati…,0.589,"[""qproto_003_rule_lookup"", ""qproto_006_applicability_check""]"
ev_01081,frag_02105,doc_0433,scope,the stated audience,"Revisions or adjustments to estimates of the transaction price, estimated costs at completion and estimated profit or l…",0.665,"[""qproto_003_rule_lookup"", ""qproto_006_applicability_check""]"
ev_01082,frag_02105,doc_0433,audience,the stated audience,"Revisions or adjustments to estimates of the transaction price, estimated costs at completion and estimated profit or l…",0.665,"[""qproto_003_rule_lookup"", ""qproto_006_applicability_check""]"
ev_01083,frag_02105,doc_0433,rule,"Revisions or adjustments to estimates of the transaction price, estimated costs…","Revisions or adjustments to estimates of the transaction price, estimated costs at completion and estimated profit or l…",0.589,"[""qproto_003_rule_lookup"", ""qproto_006_applicability_check""]"
ev_01084,frag_02106,doc_0433,rule,Revisions or adjustments to our estimated transaction price and estimated costs…,Revisions or adjustments to our estimated transaction price and estimated costs at completion may also be required if c…,0.589,"[""qproto_003_rule_lookup""]"
ev_01085,frag_02109,doc_0433,amount_threshold,$6.5 million,$6.5 million,0.741,"[""qproto_001_threshold_lookup""]"
ev_01086,frag_02110,doc_0433,rule,When adjustments in estimated contract revenues or estimated costs at completio…,"When adjustments in estimated contract revenues or estimated costs at completion are required, any changes from prior e…",0.589,"[""qproto_003_rule_lookup""]"
ev_01087,frag_02111,doc_0433,region,us,us,0.741,"[""qproto_002_metric_lookup"", ""qproto_003_rule_lookup"", ""qproto_006_applicability_check"", ""qproto_008_threshold_lookup""]"
ev_01088,frag_02111,doc_0433,amount_threshold,$6.5,$6.5,0.741,"[""qproto_002_metric_lookup"", ""qproto_003_rule_lookup"", ""qproto_006_applicability_check"", ""qproto_008_threshold_lookup""]"
ev_01089,frag_02111,doc_0433,scope,the stated audience,The aggregate impact of net changes in contract estimates are presented in the table below (amounts in thousands). page…,0.665,"[""qproto_002_metric_lookup"", ""qproto_003_rule_lookup"", ""qproto_006_applicability_check"", ""qproto_008_threshold_lookup""]"
ev_01090,frag_02111,doc_0433,audience,the stated audience,The aggregate impact of net changes in contract estimates are presented in the table below (amounts in thousands). page…,0.665,"[""qproto_002_metric_lookup"", ""qproto_003_rule_lookup"", ""qproto_006_applicability_check"", ""qproto_008_threshold_lookup""]"
ev_01091,frag_02111,doc_0433,rule,The aggregate impact of net changes in contract estimates are presented in the …,The aggregate impact of net changes in contract estimates are presented in the table below (amounts in thousands). page…,0.589,"[""qproto_002_metric_lookup"", ""qproto_003_rule_lookup"", ""qproto_006_applicability_check"", ""qproto_008_threshold_lookup""]"
ev_01092,frag_02111,doc_0433,metric,revenue,revenue,0.76,"[""qproto_002_metric_lookup"", ""qproto_003_rule_lookup"", ""qproto_006_applicability_check"", ""qproto_008_threshold_lookup""]"
ev_01093,frag_02111,doc_0433,value,97%,97%,0.76,"[""qproto_002_metric_lookup"", ""qproto_003_rule_lookup"", ""qproto_006_applicability_check"", ""qproto_008_threshold_lookup""]"
ev_01094,frag_02114,doc_0435,effective_date,"June 1, 2019","June 1, 2019",0.807,"[""qproto_007_effective_date_lookup""]"
ev_01095,frag_02121,doc_0435,amount_threshold,$4.2 million,$4.2 million,0.741,"[""qproto_001_threshold_lookup""]"
ev_01096,frag_02123,doc_0435,region,United States,United States,0.741,"[""qproto_008_threshold_lookup""]"
ev_01097,frag_02123,doc_0435,amount_threshold,$4.2,$4.2,0.741,"[""qproto_008_threshold_lookup""]"
ev_01098,frag_02131,doc_0435,exception,for the claims of certain plaintiffs who sought substantial damages allegedly a…,"Hy- Vee, Inc.; and Giant Eagle, Inc., with prejudice, pursuant to the Company’s previously announced $80.8 million sett…",0.684,"[""qproto_004_exception_lookup""]"
ev_01099,frag_02131,doc_0435,condition,for the claims of certain plaintiffs who sought substantial…,"Hy- Vee, Inc.; and Giant Eagle, Inc., with prejudice, pursuant to the Company’s previously announced $80.8 million sett…",0.684,"[""qproto_004_exception_lookup""]"
ev_01100,frag_02134,doc_0435,exception,pages,pages,0.684,"[""qproto_004_exception_lookup""]"
ev_01101,frag_02134,doc_0435,condition,pages,pages,0.684,"[""qproto_004_exception_lookup""]"
ev_01102,frag_02136,doc_0437,metric,revenue,revenue,0.76,"[""qproto_002_metric_lookup""]"
ev_01103,frag_02136,doc_0437,value,$ 245,$ 245,0.76,"[""qproto_002_metric_lookup""]"
ev_01104,frag_02142,doc_0439,rule,"Any potential redeployment may not be under long-term contracts, which may affe…","Any potential redeployment may not be under long-term contracts, which may affect the stability of our cash flow and ou…",0.589,"[""qproto_003_rule_lookup""]"
ev_01105,frag_02143,doc_0439,rule,Any idle time prior to the commencement of a new contract or our inability to r…,Any idle time prior to the commencement of a new contract or our inability to redeploy the vessels at acceptable rates …,0.589,"[""qproto_003_rule_lookup""]"
ev_01106,frag_02145,doc_0439,rule,"Consequently, the cash flow generated by our investments in equity-accounted jo…","Consequently, the cash flow generated by our investments in equity-accounted joint ventures may not be available for us…",0.589,"[""qproto_003_rule_lookup""]"
ev_01107,frag_02153,doc_0441,region,United States,United States,0.741,"[""qproto_002_metric_lookup"", ""qproto_008_threshold_lookup""]"
ev_01108,frag_02153,doc_0441,amount_threshold,"$111,131","$111,131",0.741,"[""qproto_002_metric_lookup"", ""qproto_008_threshold_lookup""]"
ev_01109,frag_02153,doc_0441,metric,revenue,revenue,0.76,"[""qproto_002_metric_lookup"", ""qproto_008_threshold_lookup""]"
ev_01110,frag_02153,doc_0441,value,"$111,131","$111,131",0.76,"[""qproto_002_metric_lookup"", ""qproto_008_threshold_lookup""]"
ev_01111,frag_02155,doc_0443,amount_threshold,$6.6 million,$6.6 million,0.741,"[""qproto_001_threshold_lookup""]"
ev_01112,frag_02157,doc_0443,amount_threshold,$11.1,$11.1,0.741,"[""qproto_001_threshold_lookup""]"
ev_01113,frag_02159,doc_0443,metric,revenue,revenue,0.76,"[""qproto_002_metric_lookup""]"
ev_01114,frag_02159,doc_0443,value,7%,7%,0.76,"[""qproto_002_metric_lookup""]"
ev_01115,frag_02165,doc_0445,amount_threshold,$28.94,$28.94,0.741,"[""qproto_001_threshold_lookup""]"
ev_01116,frag_02166,doc_0445,amount_threshold,$28.94,$28.94,0.741,"[""qproto_001_threshold_lookup""]"
ev_01117,frag_02169,doc_0447,metric,revenue,revenue,0.76,"[""qproto_002_metric_lookup""]"
ev_01118,frag_02169,doc_0447,value,"$ 18,410","$ 18,410",0.76,"[""qproto_002_metric_lookup""]"
ev_01119,frag_02175,doc_0449,effective_date,"June 30, 2019","June 30, 2019",0.807,"[""qproto_002_metric_lookup"", ""qproto_007_effective_date_lookup""]"
ev_01120,frag_02175,doc_0449,metric,revenue,revenue,0.76,"[""qproto_002_metric_lookup"", ""qproto_007_effective_date_lookup""]"
ev_01121,frag_02175,doc_0449,value,$ 0,$ 0,0.76,"[""qproto_002_metric_lookup"", ""qproto_007_effective_date_lookup""]"
ev_01122,frag_02180,doc_0451,metric,Gross margin,Gross margin,0.76,"[""qproto_002_metric_lookup""]"
ev_01123,frag_02180,doc_0451,value,"$1,382,818","$1,382,818",0.76,"[""qproto_002_metric_lookup""]"
ev_01124,frag_02182,doc_0453,exception,pages,pages,0.684,"[""qproto_004_exception_lookup""]"
ev_01125,frag_02182,doc_0453,condition,pages,pages,0.684,"[""qproto_004_exception_lookup""]"
ev_01126,frag_02194,doc_0455,amount_threshold,"$ 1,758","$ 1,758",0.741,"[""qproto_001_threshold_lookup""]"
ev_01127,frag_02195,doc_0455,amount_threshold,$1.4,$1.4,0.741,"[""qproto_001_threshold_lookup"", ""qproto_002_metric_lookup"", ""qproto_003_rule_lookup""]"
ev_01128,frag_02195,doc_0455,rule,Lease and sublease income are included in operating revenue in the consolidated…,Lease and sublease income are included in operating revenue in the consolidated statements of operations. pages.[0].blo…,0.589,"[""qproto_001_threshold_lookup"", ""qproto_002_metric_lookup"", ""qproto_003_rule_lookup""]"
ev_01129,frag_02195,doc_0455,metric,revenue,revenue,0.76,"[""qproto_001_threshold_lookup"", ""qproto_002_metric_lookup"", ""qproto_003_rule_lookup""]"
ev_01130,frag_02195,doc_0455,value,$1.4,$1.4,0.76,"[""qproto_001_threshold_lookup"", ""qproto_002_metric_lookup"", ""qproto_003_rule_lookup""]"
ev_01131,frag_02202,doc_0457,rule,Contributions in respect of share-based payments are recognised in line with th…,Contributions in respect of share-based payments are recognised in line with the policy set out in note 7 “Share-based …,0.589,"[""qproto_003_rule_lookup""]"
ev_01132,frag_02213,doc_0457,rule,"1 Amounts owed by subsidiaries are unsecured, have no fixed date of repayment a…","1 Amounts owed by subsidiaries are unsecured, have no fixed date of repayment and are repayable on demand with sufficie…",0.589,"[""qproto_003_rule_lookup""]"
ev_01133,frag_02214,doc_0457,rule,Therefore expected credit losses are considered to be immaterial. pages.[0].blo…,Therefore expected credit losses are considered to be immaterial. pages.[0].blocks.[16].words.word_list.[0] = Note: pag…,0.589,"[""qproto_003_rule_lookup""]"
ev_01134,frag_02217,doc_0459,effective_date,"January 1, 2019","January 1, 2019",0.807,"[""qproto_007_effective_date_lookup""]"
ev_01135,frag_02220,doc_0459,exception,pages,pages,0.684,"[""qproto_004_exception_lookup""]"
ev_01136,frag_02220,doc_0459,condition,pages,pages,0.684,"[""qproto_004_exception_lookup""]"
ev_01137,frag_02222,doc_0461,rule,pages.[0].bbox.[0] = 0 pages.[0].bbox.[1] = 0 pages.[0].bbox.[2] = 1240 pages.[…,pages.[0].bbox.[0] = 0 pages.[0].bbox.[1] = 0 pages.[0].bbox.[2] = 1240 pages.[0].bbox.[3] = 1605 pages.[0].blocks.[0].…,0.589,"[""qproto_003_rule_lookup""]"
ev_01138,frag_02224,doc_0461,region,us,us,0.741,"[""qproto_003_rule_lookup"", ""qproto_005_variance_explanation"", ""qproto_008_threshold_lookup""]"
ev_01139,frag_02224,doc_0461,amount_threshold,"$1,791.8 million","$1,791.8 million",0.741,"[""qproto_003_rule_lookup"", ""qproto_005_variance_explanation"", ""qproto_008_threshold_lookup""]"
ev_01140,frag_02224,doc_0461,rule,"Results of Operations Year Ended March 31, 2019 compared to Year Ended March 31…","Results of Operations Year Ended March 31, 2019 compared to Year Ended March 31, 2018 pages.[0].blocks.[3].words.word_l…",0.589,"[""qproto_003_rule_lookup"", ""qproto_005_variance_explanation"", ""qproto_008_threshold_lookup""]"
ev_01141,frag_02224,doc_0461,variance_driver,increased volume and a favorable pricing environment in our Ceramic a…,"Results of Operations Year Ended March 31, 2019 compared to Year Ended March 31, 2018 pages.[0].blocks.[3].words.word_l…",0.665,"[""qproto_003_rule_lookup"", ""qproto_005_variance_explanation"", ""qproto_008_threshold_lookup""]"
ev_01142,frag_02229,doc_0461,amount_threshold,$24.4 million,$24.4 million,0.741,"[""qproto_001_threshold_lookup""]"
ev_01143,frag_02249,doc_0463,amount_threshold,"$ 349,559","$ 349,559",0.741,"[""qproto_001_threshold_lookup"", ""qproto_002_metric_lookup""]"
ev_01144,frag_02249,doc_0463,metric,revenue,revenue,0.76,"[""qproto_001_threshold_lookup"", ""qproto_002_metric_lookup""]"
ev_01145,frag_02249,doc_0463,value,"$ 349,559","$ 349,559",0.76,"[""qproto_001_threshold_lookup"", ""qproto_002_metric_lookup""]"
ev_01146,frag_02250,doc_0463,metric,revenue,revenue,0.76,"[""qproto_002_metric_lookup""]"
ev_01147,frag_02250,doc_0463,value,$24.0 million,$24.0 million,0.76,"[""qproto_002_metric_lookup""]"
ev_01148,frag_02251,doc_0463,amount_threshold,$77.3,$77.3,0.741,"[""qproto_001_threshold_lookup"", ""qproto_002_metric_lookup""]"
ev_01149,frag_02251,doc_0463,metric,revenue,revenue,0.76,"[""qproto_001_threshold_lookup"", ""qproto_002_metric_lookup""]"
ev_01150,frag_02251,doc_0463,value,$77.3,$77.3,0.76,"[""qproto_001_threshold_lookup"", ""qproto_002_metric_lookup""]"
ev_01151,frag_02252,doc_0463,effective_date,"October 1, 2018","October 1, 2018",0.807,"[""qproto_007_effective_date_lookup""]"
ev_01152,frag_02254,doc_0463,amount_threshold,$31.1 million,$31.1 million,0.741,"[""qproto_001_threshold_lookup"", ""qproto_007_effective_date_lookup""]"
ev_01153,frag_02254,doc_0463,effective_date,"September 30, 2019","September 30, 2019",0.807,"[""qproto_001_threshold_lookup"", ""qproto_007_effective_date_lookup""]"
ev_01154,frag_02257,doc_0465,region,Europe,Europe,0.741,"[""qproto_007_effective_date_lookup"", ""qproto_008_threshold_lookup""]"
ev_01155,frag_02257,doc_0465,amount_threshold,"$ 30,303","$ 30,303",0.741,"[""qproto_007_effective_date_lookup"", ""qproto_008_threshold_lookup""]"
ev_01156,frag_02257,doc_0465,effective_date,"January 1, 2018","January 1, 2018",0.807,"[""qproto_007_effective_date_lookup"", ""qproto_008_threshold_lookup""]"
ev_01157,frag_02268,doc_0465,amount_threshold,"$ 188,568","$ 188,568",0.741,"[""qproto_001_threshold_lookup"", ""qproto_002_metric_lookup""]"
ev_01158,frag_02268,doc_0465,metric,revenue,revenue,0.76,"[""qproto_001_threshold_lookup"", ""qproto_002_metric_lookup""]"
ev_01159,frag_02268,doc_0465,value,"$ 188,568","$ 188,568",0.76,"[""qproto_001_threshold_lookup"", ""qproto_002_metric_lookup""]"
ev_01160,frag_02281,doc_0467,scope,the stated audience,pages.[0].bbox.[0] = 0 pages.[0].bbox.[1] = 0 pages.[0].bbox.[2] = 1240 pages.[0].bbox.[3] = 1605 pages.[0].blocks.[0].…,0.665,"[""qproto_006_applicability_check""]"
ev_01161,frag_02281,doc_0467,audience,the stated audience,pages.[0].bbox.[0] = 0 pages.[0].bbox.[1] = 0 pages.[0].bbox.[2] = 1240 pages.[0].bbox.[3] = 1605 pages.[0].blocks.[0].…,0.665,"[""qproto_006_applicability_check""]"
ev_01162,frag_02291,doc_0469,metric,Revenue,Revenue,0.76,"[""qproto_002_metric_lookup""]"
ev_01163,frag_02291,doc_0469,value,3.2%,3.2%,0.76,"[""qproto_002_metric_lookup""]"
ev_01164,frag_02292,doc_0469,metric,revenue,revenue,0.76,"[""qproto_002_metric_lookup""]"
ev_01165,frag_02292,doc_0469,value,0.1%,0.1%,0.76,"[""qproto_002_metric_lookup""]"
ev_01166,frag_02293,doc_0469,metric,revenue,revenue,0.76,"[""qproto_002_metric_lookup""]"
ev_01167,frag_02293,doc_0469,value,0.9%,0.9%,0.76,"[""qproto_002_metric_lookup""]"
ev_01168,frag_02297,doc_0469,variance,7.3%,7.3%,0.665,"[""qproto_005_variance_explanation""]"
ev_01169,frag_02297,doc_0469,variance_driver,the lower adjusted EBITDA partially offset by lower depreciation and …,The decline was driven by the lower adjusted EBITDA partially offset by lower depreciation and amortisation expenses. p…,0.665,"[""qproto_005_variance_explanation""]"
ev_01170,frag_02299,doc_0469,variance_driver,impairment charges of €3,impairment charges of €3,0.665,"[""qproto_005_variance_explanation""]"
ev_01171,frag_02302,doc_0469,variance_driver,mark-to-market losses (including hedges of the mandatory convertible …,1 Primarily comprises foreign exchange differences reflected in the income statement in relation to sterling and US dol…,0.665,"[""qproto_005_variance_explanation""]"
ev_01172,frag_02306,doc_0471,rule,Notes to Consolidated Financial Statements pages.[0].blocks.[0].words.word_list…,Notes to Consolidated Financial Statements pages.[0].blocks.[0].words.word_list.[0] = Table pages.[0].blocks.[0].words.…,0.589,"[""qproto_003_rule_lookup""]"
ev_01173,frag_02307,doc_0471,rule,Net sales were based on the Company’s location providing the product or service…,Net sales were based on the Company’s location providing the product or service (in thousands): pages.[0].blocks.[24].w…,0.589,"[""qproto_003_rule_lookup""]"
ev_01174,frag_02310,doc_0473,effective_date,"December 31, 2019","December 31, 2019",0.807,"[""qproto_007_effective_date_lookup""]"
ev_01175,frag_02329,doc_0477,metric,revenue,revenue,0.76,"[""qproto_002_metric_lookup"", ""qproto_005_variance_explanation""]"
ev_01176,frag_02329,doc_0477,value,$5.9 million,$5.9 million,0.76,"[""qproto_002_metric_lookup"", ""qproto_005_variance_explanation""]"
ev_01177,frag_02329,doc_0477,variance_driver,an increase in lease liabilities associated with the lease of the San…,The net change in our operating assets and liabilities primarily reflects an outflow from the changes in accrued liabil…,0.665,"[""qproto_002_metric_lookup"", ""qproto_005_variance_explanation""]"
ev_01178,frag_02331,doc_0477,variance_driver,increased bookings,increased bookings,0.665,"[""qproto_005_variance_explanation""]"
ev_01179,frag_02333,doc_0477,metric,revenue,revenue,0.76,"[""qproto_002_metric_lookup"", ""qproto_005_variance_explanation""]"
ev_01180,frag_02333,doc_0477,value,$7.3 million,$7.3 million,0.76,"[""qproto_002_metric_lookup"", ""qproto_005_variance_explanation""]"
ev_01181,frag_02333,doc_0477,variance_driver,the increase in the sale of subscription and support,the increase in the sale of subscription and support,0.665,"[""qproto_002_metric_lookup"", ""qproto_005_variance_explanation""]"
ev_01182,frag_02334,doc_0477,variance_driver,the increase in deferred sales commissions due to higher deferred rev…,The unfavorable change in prepaid and other assets was mainly driven by the increase in deferred sales commissions due …,0.665,"[""qproto_005_variance_explanation""]"
ev_01183,frag_02335,doc_0477,metric,revenue,revenue,0.76,"[""qproto_002_metric_lookup""]"
ev_01184,frag_02335,doc_0477,value,$14.3 million,$14.3 million,0.76,"[""qproto_002_metric_lookup""]"
ev_01185,frag_02337,doc_0477,metric,revenue,revenue,0.76,"[""qproto_002_metric_lookup""]"
ev_01186,frag_02337,doc_0477,value,$12.4 million,$12.4 million,0.76,"[""qproto_002_metric_lookup""]"
ev_01187,frag_02338,doc_0479,exception,pages,pages,0.684,"[""qproto_004_exception_lookup""]"
ev_01188,frag_02338,doc_0479,condition,pages,pages,0.684,"[""qproto_004_exception_lookup""]"
ev_01189,frag_02339,doc_0479,exception,pages,pages,0.684,"[""qproto_004_exception_lookup""]"
ev_01190,frag_02339,doc_0479,condition,pages,pages,0.684,"[""qproto_004_exception_lookup""]"
ev_01191,frag_02342,doc_0479,scope,the stated audience,"The Company has the option to purchase the leased sites in tranches, subject to the applicable lease, sublease or manag…",0.665,"[""qproto_006_applicability_check""]"
ev_01192,frag_02342,doc_0479,audience,the stated audience,"The Company has the option to purchase the leased sites in tranches, subject to the applicable lease, sublease or manag…",0.665,"[""qproto_006_applicability_check""]"
ev_01193,frag_02344,doc_0479,scope,the stated audience,Verizon will occupy the sites as a tenant for an initial term of ten years with eight optional successive five-year ter…,0.665,"[""qproto_003_rule_lookup"", ""qproto_006_applicability_check""]"
ev_01194,frag_02344,doc_0479,audience,the stated audience,Verizon will occupy the sites as a tenant for an initial term of ten years with eight optional successive five-year ter…,0.665,"[""qproto_003_rule_lookup"", ""qproto_006_applicability_check""]"
ev_01195,frag_02344,doc_0479,rule,Verizon will occupy the sites as a tenant for an initial term of ten years with…,Verizon will occupy the sites as a tenant for an initial term of ten years with eight optional successive five-year ter…,0.589,"[""qproto_003_rule_lookup"", ""qproto_006_applicability_check""]"
ev_01196,frag_02345,doc_0479,scope,the stated audience,The Company has the option to purchase the sites subject to the applicable lease or sublease upon its expiration.,0.665,"[""qproto_006_applicability_check""]"
ev_01197,frag_02345,doc_0479,audience,the stated audience,The Company has the option to purchase the sites subject to the applicable lease or sublease upon its expiration.,0.665,"[""qproto_006_applicability_check""]"
ev_01198,frag_02347,doc_0479,scope,the stated audience,"As of December 31, 2019, the Company has purchased an aggregate of 228 of the subleased towers upon expiration of the a…",0.665,"[""qproto_006_applicability_check""]"
ev_01199,frag_02347,doc_0479,audience,the stated audience,"As of December 31, 2019, the Company has purchased an aggregate of 228 of the subleased towers upon expiration of the a…",0.665,"[""qproto_006_applicability_check""]"
ev_01200,frag_02349,doc_0481,effective_date,"June 30, 2019","June 30, 2019",0.807,"[""qproto_007_effective_date_lookup""]"
ev_01201,frag_02354,doc_0483,amount_threshold,"$ 15,345","$ 15,345",0.741,"[""qproto_001_threshold_lookup""]"
ev_01202,frag_02356,doc_0483,effective_date,"August 31, 2019","August 31, 2019",0.807,"[""qproto_007_effective_date_lookup""]"
ev_01203,frag_02374,doc_0487,amount_threshold,$18.5,$18.5,0.741,"[""qproto_001_threshold_lookup""]"
ev_01204,frag_02378,doc_0489,variance,6.8%,6.8%,0.665,"[""qproto_005_variance_explanation""]"
ev_01205,frag_02378,doc_0489,variance_driver,"Power Discrete, remained substantially flat in Asia and decreased 8","Power Discrete, remained substantially flat in Asia and decreased 8",0.665,"[""qproto_005_variance_explanation""]"
ev_01206,frag_02379,doc_0489,metric,Gross margin,Gross margin,0.76,"[""qproto_009_metric_lookup""]"
ev_01207,frag_02379,doc_0489,value,6.8%,6.8%,0.76,"[""qproto_009_metric_lookup""]"
ev_01208,frag_02379,doc_0489,period,full year 2018,full year 2018,0.76,"[""qproto_009_metric_lookup""]"
ev_01209,frag_02380,doc_0489,metric,gross margin,gross margin,0.76,"[""qproto_009_metric_lookup""]"
ev_01210,frag_02380,doc_0489,value,$65 million,$65 million,0.76,"[""qproto_009_metric_lookup""]"
ev_01211,frag_02380,doc_0489,period,full year 2017,full year 2017,0.76,"[""qproto_009_metric_lookup""]"
ev_01212,frag_02381,doc_0489,metric,Operating expenses,Operating expenses,0.76,"[""qproto_002_metric_lookup""]"
ev_01213,frag_02381,doc_0489,value,40.0%,40.0%,0.76,"[""qproto_002_metric_lookup""]"
ev_01214,frag_02382,doc_0491,amount_threshold,"$ 2,936","$ 2,936",0.741,"[""qproto_001_threshold_lookup"", ""qproto_002_metric_lookup"", ""qproto_004_exception_lookup""]"
ev_01215,frag_02382,doc_0491,exception,pages,pages,0.684,"[""qproto_001_threshold_lookup"", ""qproto_002_metric_lookup"", ""qproto_004_exception_lookup""]"
ev_01216,frag_02382,doc_0491,condition,pages,pages,0.684,"[""qproto_001_threshold_lookup"", ""qproto_002_metric_lookup"", ""qproto_004_exception_lookup""]"
ev_01217,frag_02382,doc_0491,metric,revenue,revenue,0.76,"[""qproto_001_threshold_lookup"", ""qproto_002_metric_lookup"", ""qproto_004_exception_lookup""]"
ev_01218,frag_02382,doc_0491,value,"$ 2,936","$ 2,936",0.76,"[""qproto_001_threshold_lookup"", ""qproto_002_metric_lookup"", ""qproto_004_exception_lookup""]"
ev_01219,frag_02385,doc_0491,amount_threshold,$1.4,$1.4,0.741,"[""qproto_001_threshold_lookup""]"
ev_01220,frag_02386,doc_0491,rule,"If the required service period is not met for these options, then the share-bas…","If the required service period is not met for these options, then the share-based compensation expense would be reverse…",0.589,"[""qproto_003_rule_lookup""]"
ev_01221,frag_02387,doc_0491,amount_threshold,$7.47,$7.47,0.741,"[""qproto_001_threshold_lookup"", ""qproto_003_rule_lookup""]"
ev_01222,frag_02387,doc_0491,rule,In the event that our common stock achieves the target price per share based on…,In the event that our common stock achieves the target price per share based on a 30-day trailing average prior to the …,0.589,"[""qproto_001_threshold_lookup"", ""qproto_003_rule_lookup""]"
ev_01223,frag_02389,doc_0491,amount_threshold,$8.2 million,$8.2 million,0.741,"[""qproto_001_threshold_lookup""]"
ev_01224,frag_02390,doc_0491,amount_threshold,$2.8 million,$2.8 million,0.741,"[""qproto_001_threshold_lookup""]"
ev_01225,frag_02392,doc_0491,amount_threshold,$56.3,$56.3,0.741,"[""qproto_001_threshold_lookup""]"
ev_01226,frag_02396,doc_0491,amount_threshold,$3.5 million,$3.5 million,0.741,"[""qproto_001_threshold_lookup""]"
ev_01227,frag_02398,doc_0491,amount_threshold,$3.5,$3.5,0.741,"[""qproto_001_threshold_lookup""]"
ev_01228,frag_02399,doc_0493,exception,pages,pages,0.684,"[""qproto_004_exception_lookup""]"
ev_01229,frag_02399,doc_0493,condition,pages,pages,0.684,"[""qproto_004_exception_lookup""]"
ev_01230,frag_02402,doc_0493,amount_threshold,"$64,000,","$64,000,",0.741,"[""qproto_001_threshold_lookup""]"
ev_01231,frag_02403,doc_0493,amount_threshold,"$20,000","$20,000",0.741,"[""qproto_001_threshold_lookup""]"
ev_01232,frag_02406,doc_0493,amount_threshold,"$20,000","$20,000",0.741,"[""qproto_001_threshold_lookup"", ""qproto_007_effective_date_lookup""]"
ev_01233,frag_02406,doc_0493,effective_date,"June 29, 2018","June 29, 2018",0.807,"[""qproto_001_threshold_lookup"", ""qproto_007_effective_date_lookup""]"
ev_01234,frag_02408,doc_0495,exception,pages,pages,0.684,"[""qproto_002_metric_lookup"", ""qproto_004_exception_lookup""]"
ev_01235,frag_02408,doc_0495,condition,pages,pages,0.684,"[""qproto_002_metric_lookup"", ""qproto_004_exception_lookup""]"
ev_01236,frag_02408,doc_0495,metric,Revenue,Revenue,0.76,"[""qproto_002_metric_lookup"", ""qproto_004_exception_lookup""]"
ev_01237,frag_02408,doc_0495,value,"$ 125,843","$ 125,843",0.76,"[""qproto_002_metric_lookup"", ""qproto_004_exception_lookup""]"
ev_01238,frag_02409,doc_0495,amount_threshold,$15.5,$15.5,0.741,"[""qproto_001_threshold_lookup"", ""qproto_002_metric_lookup"", ""qproto_005_variance_explanation""]"
ev_01239,frag_02409,doc_0495,metric,Revenue,Revenue,0.76,"[""qproto_001_threshold_lookup"", ""qproto_002_metric_lookup"", ""qproto_005_variance_explanation""]"
ev_01240,frag_02409,doc_0495,value,$15.5,$15.5,0.76,"[""qproto_001_threshold_lookup"", ""qproto_002_metric_lookup"", ""qproto_005_variance_explanation""]"
ev_01241,frag_02409,doc_0495,variance,14%,14%,0.665,"[""qproto_001_threshold_lookup"", ""qproto_002_metric_lookup"", ""qproto_005_variance_explanation""]"
ev_01242,frag_02409,doc_0495,variance_driver,growth across each of our segments,growth across each of our segments,0.665,"[""qproto_001_threshold_lookup"", ""qproto_002_metric_lookup"", ""qproto_005_variance_explanation""]"
ev_01243,frag_02410,doc_0495,variance_driver,server products and cloud services,server products and cloud services,0.665,"[""qproto_005_variance_explanation""]"
ev_01244,frag_02411,doc_0495,metric,revenue,revenue,0.76,"[""qproto_002_metric_lookup"", ""qproto_005_variance_explanation""]"
ev_01245,frag_02411,doc_0495,value,$15.5,$15.5,0.76,"[""qproto_002_metric_lookup"", ""qproto_005_variance_explanation""]"
ev_01246,frag_02411,doc_0495,variance,14%,14%,0.665,"[""qproto_002_metric_lookup"", ""qproto_005_variance_explanation""]"
ev_01247,frag_02411,doc_0495,variance_driver,"Surface, Gaming, and Windows","Surface, Gaming, and Windows",0.665,"[""qproto_002_metric_lookup"", ""qproto_005_variance_explanation""]"
ev_01248,frag_02413,doc_0495,metric,Gross margin,Gross margin,0.76,"[""qproto_002_metric_lookup"", ""qproto_005_variance_explanation""]"
ev_01249,frag_02413,doc_0495,value,5 percent,5 percent,0.76,"[""qproto_002_metric_lookup"", ""qproto_005_variance_explanation""]"
ev_01250,frag_02413,doc_0495,variance,5 percent,5 percent,0.665,"[""qproto_002_metric_lookup"", ""qproto_005_variance_explanation""]"
ev_01251,frag_02413,doc_0495,variance_driver,growth across each of our segments,growth across each of our segments,0.665,"[""qproto_002_metric_lookup"", ""qproto_005_variance_explanation""]"
ev_01252,frag_02415,doc_0495,metric,Revenue,Revenue,0.76,"[""qproto_002_metric_lookup"", ""qproto_005_variance_explanation""]"
ev_01253,frag_02415,doc_0495,value,$13.7,$13.7,0.76,"[""qproto_002_metric_lookup"", ""qproto_005_variance_explanation""]"
ev_01254,frag_02415,doc_0495,variance,14%,14%,0.665,"[""qproto_002_metric_lookup"", ""qproto_005_variance_explanation""]"
ev_01255,frag_02415,doc_0495,variance_driver,growth across each of our segments,growth across each of our segments,0.665,"[""qproto_002_metric_lookup"", ""qproto_005_variance_explanation""]"
ev_01256,frag_02416,doc_0495,variance_driver,LinkedIn and higher revenue from Office,LinkedIn and higher revenue from Office,0.665,"[""qproto_005_variance_explanation""]"
ev_01257,frag_02417,doc_0495,metric,revenue,revenue,0.76,"[""qproto_002_metric_lookup"", ""qproto_005_variance_explanation""]"
ev_01258,frag_02417,doc_0495,value,$13.8,$13.8,0.76,"[""qproto_002_metric_lookup"", ""qproto_005_variance_explanation""]"
ev_01259,frag_02417,doc_0495,variance,14%,14%,0.665,"[""qproto_002_metric_lookup"", ""qproto_005_variance_explanation""]"
ev_01260,frag_02417,doc_0495,variance_driver,"higher revenue from Gaming, Windows, Search advertising, and Surface,…","More Personal Computing revenue increased, driven by higher revenue from Gaming, Windows, Search advertising, and Surfa…",0.665,"[""qproto_002_metric_lookup"", ""qproto_005_variance_explanation""]"
ev_01261,frag_02418,doc_0495,variance_driver,favorable segment sales mix and gross margin percentage improvement i…,"Gross margin percentage increased slightly, driven by favorable segment sales mix and gross margin percentage improveme…",0.665,"[""qproto_005_variance_explanation""]"
ev_01262,frag_02419,doc_0495,metric,Gross margin,Gross margin,0.76,"[""qproto_002_metric_lookup"", ""qproto_005_variance_explanation""]"
ev_01263,frag_02419,doc_0495,value,7 percent,7 percent,0.76,"[""qproto_002_metric_lookup"", ""qproto_005_variance_explanation""]"
ev_01264,frag_02419,doc_0495,variance,7 percent,7 percent,0.665,"[""qproto_002_metric_lookup"", ""qproto_005_variance_explanation""]"
ev_01265,frag_02419,doc_0495,variance_driver,growth across each of our segments,growth across each of our segments,0.665,"[""qproto_002_metric_lookup"", ""qproto_005_variance_explanation""]"
ev_01266,frag_02421,doc_0495,metric,revenue,revenue,0.76,"[""qproto_002_metric_lookup""]"
ev_01267,frag_02421,doc_0495,value,2%,2%,0.76,"[""qproto_002_metric_lookup""]"
ev_01268,frag_02422,doc_0495,exception,pages,pages,0.684,"[""qproto_002_metric_lookup"", ""qproto_004_exception_lookup""]"
ev_01269,frag_02422,doc_0495,condition,pages,pages,0.684,"[""qproto_002_metric_lookup"", ""qproto_004_exception_lookup""]"
ev_01270,frag_02422,doc_0495,metric,Revenue,Revenue,0.76,"[""qproto_002_metric_lookup"", ""qproto_004_exception_lookup""]"
ev_01271,frag_02422,doc_0495,value,$306 million,$306 million,0.76,"[""qproto_002_metric_lookup"", ""qproto_004_exception_lookup""]"
ev_01272,frag_02423,doc_0497,metric,revenue,revenue,0.76,"[""qproto_002_metric_lookup""]"
ev_01273,frag_02423,doc_0497,value,"$290,000","$290,000",0.76,"[""qproto_002_metric_lookup""]"
ev_01274,frag_02438,doc_0499,effective_date,"February 1, 2019","February 1, 2019",0.807,"[""qproto_007_effective_date_lookup""]"
ev_01275,frag_02440,doc_0499,rule,Segment Information pages.[0].blocks.[27].words.word_list.[0] = R. pages.[0].bl…,Segment Information pages.[0].blocks.[27].words.word_list.[0] = R. pages.[0].blocks.[27].words.word_list.[1] = Segment …,0.589,"[""qproto_003_rule_lookup""]"
ev_01276,frag_02442,doc_0499,metric,Revenue,Revenue,0.76,"[""qproto_002_metric_lookup""]"
ev_01277,frag_02442,doc_0499,value,"$ 3,181","$ 3,181",0.76,"[""qproto_002_metric_lookup""]"
ev_01278,frag_02443,doc_0499,metric,Revenue,Revenue,0.76,"[""qproto_002_metric_lookup""]"
ev_01279,frag_02443,doc_0499,value,10%,10%,0.76,"[""qproto_002_metric_lookup""]"
ev_01280,frag_02453,doc_0501,amount_threshold,$10.5 million,$10.5 million,0.741,"[""qproto_001_threshold_lookup"", ""qproto_002_metric_lookup""]"
ev_01281,frag_02453,doc_0501,metric,Revenue,Revenue,0.76,"[""qproto_001_threshold_lookup"", ""qproto_002_metric_lookup""]"
ev_01282,frag_02453,doc_0501,value,$10.5 million,$10.5 million,0.76,"[""qproto_001_threshold_lookup"", ""qproto_002_metric_lookup""]"
ev_01283,frag_02455,doc_0501,metric,Revenue,Revenue,0.76,"[""qproto_002_metric_lookup""]"
ev_01284,frag_02455,doc_0501,value,"$ 1,327.9","$ 1,327.9",0.76,"[""qproto_002_metric_lookup""]"
ev_01285,frag_02469,doc_0507,amount_threshold,"$ 1,073.3","$ 1,073.3",0.741,"[""qproto_001_threshold_lookup""]"
ev_01286,frag_02482,doc_0509,effective_date,"December 15, 2020","December 15, 2020",0.807,"[""qproto_003_rule_lookup"", ""qproto_007_effective_date_lookup""]"
ev_01287,frag_02482,doc_0509,rule,"Upon adoption, the Company must apply certain aspects of this standard retrospe…","Upon adoption, the Company must apply certain aspects of this standard retrospectively for all periods presented while …",0.589,"[""qproto_003_rule_lookup"", ""qproto_007_effective_date_lookup""]"
ev_01288,frag_02483,doc_0509,rule,The Company is currently evaluating the impact of this new standard on its cons…,The Company is currently evaluating the impact of this new standard on its consolidated financial statements. pages.[0]…,0.589,"[""qproto_003_rule_lookup""]"
ev_01289,frag_02486,doc_0509,effective_date,"December 15, 2019","December 15, 2019",0.807,"[""qproto_003_rule_lookup"", ""qproto_007_effective_date_lookup""]"
ev_01290,frag_02486,doc_0509,rule,The amendments in ASU 2016-13 are effective for fiscal years beginning after De…,"The amendments in ASU 2016-13 are effective for fiscal years beginning after December 15, 2019, and must be applied usi…",0.589,"[""qproto_003_rule_lookup"", ""qproto_007_effective_date_lookup""]"
ev_01291,frag_02487,doc_0509,rule,The Company does not expect the adoption of this amendment to have a material i…,The Company does not expect the adoption of this amendment to have a material impact on its consolidated financial stat…,0.589,"[""qproto_003_rule_lookup""]"
ev_01292,frag_02488,doc_0509,effective_date,"January 1, 2018","January 1, 2018",0.807,"[""qproto_007_effective_date_lookup""]"
ev_01293,frag_02493,doc_0509,metric,revenue,revenue,0.76,"[""qproto_002_metric_lookup""]"
ev_01294,frag_02493,doc_0509,value,"$ 90,831","$ 90,831",0.76,"[""qproto_002_metric_lookup""]"
ev_01295,frag_02496,doc_0511,rule,Participants are required to meet a service condition and other performance mea…,Participants are required to meet a service condition and other performance measures to gain access to the performance …,0.589,"[""qproto_003_rule_lookup""]"
ev_01296,frag_02498,doc_0511,amount_threshold,"$62,028,117","$62,028,117",0.741,"[""qproto_001_threshold_lookup""]"
ev_01297,frag_02502,doc_0511,exception,where forfeiture is due to failure to achieve market-based performance conditio…,"EPS, sales per trading SQM, ROFE) and service conditions and retention rights is calculated using a Black-Scholes optio…",0.684,"[""qproto_004_exception_lookup""]"
ev_01298,frag_02502,doc_0511,condition,where forfeiture is due to failure to achieve market-based …,"EPS, sales per trading SQM, ROFE) and service conditions and retention rights is calculated using a Black-Scholes optio…",0.684,"[""qproto_004_exception_lookup""]"
ev_01299,frag_02503,doc_0511,amount_threshold,$29.66,$29.66,0.741,"[""qproto_001_threshold_lookup""]"
ev_01300,frag_02504,doc_0511,amount_threshold,$29.66,$29.66,0.741,"[""qproto_001_threshold_lookup""]"
ev_01301,frag_02516,doc_0513,exception,pages,pages,0.684,"[""qproto_002_metric_lookup"", ""qproto_004_exception_lookup""]"
ev_01302,frag_02516,doc_0513,condition,pages,pages,0.684,"[""qproto_002_metric_lookup"", ""qproto_004_exception_lookup""]"
ev_01303,frag_02516,doc_0513,metric,revenue,revenue,0.76,"[""qproto_002_metric_lookup"", ""qproto_004_exception_lookup""]"
ev_01304,frag_02516,doc_0513,value,"$ 64,798","$ 64,798",0.76,"[""qproto_002_metric_lookup"", ""qproto_004_exception_lookup""]"
ev_01305,frag_02517,doc_0513,metric,services revenue,services revenue,0.76,"[""qproto_002_metric_lookup""]"
ev_01306,frag_02517,doc_0513,value,$9.5 million,$9.5 million,0.76,"[""qproto_002_metric_lookup""]"
ev_01307,frag_02518,doc_0513,rule,The treatment of these hosting related costs is consistent with the treatment o…,The treatment of these hosting related costs is consistent with the treatment of the related revenue in each fiscal yea…,0.589,"[""qproto_002_metric_lookup"", ""qproto_003_rule_lookup""]"
ev_01308,frag_02518,doc_0513,metric,revenue,revenue,0.76,"[""qproto_002_metric_lookup"", ""qproto_003_rule_lookup""]"
ev_01309,frag_02518,doc_0513,value,$3.3,$3.3,0.76,"[""qproto_002_metric_lookup"", ""qproto_003_rule_lookup""]"
ev_01310,frag_02519,doc_0513,metric,revenue,revenue,0.76,"[""qproto_002_metric_lookup""]"
ev_01311,frag_02519,doc_0513,value,$3.2 million,$3.2 million,0.76,"[""qproto_002_metric_lookup""]"
ev_01312,frag_02520,doc_0515,region,United States,United States,0.741,"[""qproto_002_metric_lookup"", ""qproto_008_threshold_lookup""]"
ev_01313,frag_02520,doc_0515,amount_threshold,"$300,853","$300,853",0.741,"[""qproto_002_metric_lookup"", ""qproto_008_threshold_lookup""]"
ev_01314,frag_02520,doc_0515,metric,revenue,revenue,0.76,"[""qproto_002_metric_lookup"", ""qproto_008_threshold_lookup""]"
ev_01315,frag_02520,doc_0515,value,"$300,853","$300,853",0.76,"[""qproto_002_metric_lookup"", ""qproto_008_threshold_lookup""]"
ev_01316,frag_02521,doc_0515,metric,revenue,revenue,0.76,"[""qproto_002_metric_lookup""]"
ev_01317,frag_02521,doc_0515,value,10%,10%,0.76,"[""qproto_002_metric_lookup""]"
ev_01318,frag_02522,doc_0515,amount_threshold,$73.7 million,$73.7 million,0.741,"[""qproto_001_threshold_lookup"", ""qproto_002_metric_lookup""]"
ev_01319,frag_02522,doc_0515,metric,revenue,revenue,0.76,"[""qproto_001_threshold_lookup"", ""qproto_002_metric_lookup""]"
ev_01320,frag_02522,doc_0515,value,15%,15%,0.76,"[""qproto_001_threshold_lookup"", ""qproto_002_metric_lookup""]"
ev_01321,frag_02541,doc_0519,rule,Our inability to raise capital could impede our growth or otherwise require us …,Our inability to raise capital could impede our growth or otherwise require us to forego growth opportunities and could…,0.589,"[""qproto_003_rule_lookup""]"
ev_01322,frag_02545,doc_0519,amount_threshold,$9.5 million,$9.5 million,0.741,"[""qproto_001_threshold_lookup""]"
ev_01323,frag_02546,doc_0519,amount_threshold,$7.5 million,$7.5 million,0.741,"[""qproto_001_threshold_lookup""]"
ev_01324,frag_02547,doc_0519,amount_threshold,$9.5,$9.5,0.741,"[""qproto_001_threshold_lookup""]"
ev_01325,frag_02548,doc_0519,amount_threshold,$54.5 million,$54.5 million,0.741,"[""qproto_001_threshold_lookup""]"
ev_01326,frag_02549,doc_0519,amount_threshold,$72.3,$72.3,0.741,"[""qproto_001_threshold_lookup""]"
ev_01327,frag_02557,doc_0521,exception,pages,pages,0.684,"[""qproto_004_exception_lookup""]"
ev_01328,frag_02557,doc_0521,condition,pages,pages,0.684,"[""qproto_004_exception_lookup""]"
ev_01329,frag_02560,doc_0521,amount_threshold,$2.04,$2.04,0.741,"[""qproto_001_threshold_lookup""]"
ev_01330,frag_02561,doc_0521,amount_threshold,$2.98,$2.98,0.741,"[""qproto_001_threshold_lookup""]"
ev_01331,frag_02568,doc_0523,amount_threshold,"$ 39,984","$ 39,984",0.741,"[""qproto_001_threshold_lookup""]"
ev_01332,frag_02581,doc_0525,amount_threshold,$2.0 million,$2.0 million,0.741,"[""qproto_001_threshold_lookup""]"
ev_01333,frag_02585,doc_0527,variance,20%,20%,0.665,"[""qproto_005_variance_explanation""]"
ev_01334,frag_02585,doc_0527,variance_driver,employee turnover and the decline in our stock price,employee turnover and the decline in our stock price,0.665,"[""qproto_005_variance_explanation""]"
ev_01335,frag_02586,doc_0527,variance_driver,the reduction in our provision for bad debts of $0,the reduction in our provision for bad debts of $0,0.665,"[""qproto_005_variance_explanation""]"
ev_01336,frag_02591,doc_0527,amount_threshold,$4.3,$4.3,0.741,"[""qproto_001_threshold_lookup""]"
ev_01337,frag_02605,doc_0531,metric,revenue,revenue,0.76,"[""qproto_002_metric_lookup""]"
ev_01338,frag_02605,doc_0531,value,$27.5 million,$27.5 million,0.76,"[""qproto_002_metric_lookup""]"
ev_01339,frag_02606,doc_0531,metric,revenue,revenue,0.76,"[""qproto_002_metric_lookup"", ""qproto_005_variance_explanation""]"
ev_01340,frag_02606,doc_0531,value,$5.2 million,$5.2 million,0.76,"[""qproto_002_metric_lookup"", ""qproto_005_variance_explanation""]"
ev_01341,frag_02606,doc_0531,variance_driver,lower demand from our service provider customers in the Americas,lower demand from our service provider customers in the Americas,0.665,"[""qproto_002_metric_lookup"", ""qproto_005_variance_explanation""]"
ev_01342,frag_02607,doc_0531,metric,Revenue,Revenue,0.76,"[""qproto_002_metric_lookup"", ""qproto_005_variance_explanation""]"
ev_01343,frag_02607,doc_0531,value,$3.2,$3.2,0.76,"[""qproto_002_metric_lookup"", ""qproto_005_variance_explanation""]"
ev_01344,frag_02607,doc_0531,variance,1%,1%,0.665,"[""qproto_002_metric_lookup"", ""qproto_005_variance_explanation""]"
ev_01345,frag_02607,doc_0531,variance_driver,"lower demand from our service provider customers in the Americas, as …",Revenue from enterprise customers remained relatively constant in 2018 compared to 2017. pages.[0].blocks.[2].words.wor…,0.665,"[""qproto_002_metric_lookup"", ""qproto_005_variance_explanation""]"
ev_01346,frag_02608,doc_0531,metric,revenue,revenue,0.76,"[""qproto_002_metric_lookup""]"
ev_01347,frag_02608,doc_0531,value,$5.2,$5.2,0.76,"[""qproto_002_metric_lookup""]"
ev_01348,frag_02609,doc_0531,metric,revenue,revenue,0.76,"[""qproto_002_metric_lookup""]"
ev_01349,frag_02609,doc_0531,value,$2.0,$2.0,0.76,"[""qproto_002_metric_lookup""]"
ev_01350,frag_02610,doc_0531,metric,revenue,revenue,0.76,"[""qproto_002_metric_lookup"", ""qproto_005_variance_explanation""]"
ev_01351,frag_02610,doc_0531,value,$112.5,$112.5,0.76,"[""qproto_002_metric_lookup"", ""qproto_005_variance_explanation""]"
ev_01352,frag_02610,doc_0531,variance,48%,48%,0.665,"[""qproto_002_metric_lookup"", ""qproto_005_variance_explanation""]"
ev_01353,frag_02610,doc_0531,variance_driver,lower demand from our service providers in the Americas,lower demand from our service providers in the Americas,0.665,"[""qproto_002_metric_lookup"", ""qproto_005_variance_explanation""]"
ev_01354,frag_02611,doc_0531,metric,revenue,revenue,0.76,"[""qproto_002_metric_lookup"", ""qproto_005_variance_explanation""]"
ev_01355,frag_02611,doc_0531,value,$55.2,$55.2,0.76,"[""qproto_002_metric_lookup"", ""qproto_005_variance_explanation""]"
ev_01356,frag_02611,doc_0531,variance,24%,24%,0.665,"[""qproto_002_metric_lookup"", ""qproto_005_variance_explanation""]"
ev_01357,frag_02611,doc_0531,variance_driver,higher demand from our service providers in Japan,higher demand from our service providers in Japan,0.665,"[""qproto_002_metric_lookup"", ""qproto_005_variance_explanation""]"
ev_01358,frag_02612,doc_0531,metric,revenue,revenue,0.76,"[""qproto_002_metric_lookup""]"
ev_01359,frag_02612,doc_0531,value,$36.9,$36.9,0.76,"[""qproto_002_metric_lookup""]"
ev_01360,frag_02616,doc_0531,metric,revenue,revenue,0.76,"[""qproto_002_metric_lookup""]"
ev_01361,frag_02616,doc_0531,value,7%,7%,0.76,"[""qproto_002_metric_lookup""]"
ev_01362,frag_02617,doc_0533,rule,pages.[0].bbox.[0] = 0 pages.[0].bbox.[1] = 0 pages.[0].bbox.[2] = 1240 pages.[…,pages.[0].bbox.[0] = 0 pages.[0].bbox.[1] = 0 pages.[0].bbox.[2] = 1240 pages.[0].bbox.[3] = 1605 pages.[0].blocks.[0].…,0.589,"[""qproto_002_metric_lookup"", ""qproto_003_rule_lookup""]"
ev_01363,frag_02617,doc_0533,metric,revenue,revenue,0.76,"[""qproto_002_metric_lookup"", ""qproto_003_rule_lookup""]"
ev_01364,frag_02617,doc_0533,value,21%,21%,0.76,"[""qproto_002_metric_lookup"", ""qproto_003_rule_lookup""]"
ev_01365,frag_02619,doc_0533,rule,The increase of $2.9 million in the valuation allowance in the current fiscal y…,The increase of $2.9 million in the valuation allowance in the current fiscal year relates primarily to net operating l…,0.589,"[""qproto_003_rule_lookup""]"
ev_01366,frag_02626,doc_0535,scope,the stated audience,"The Group recognises interest on late paid taxes as part of financing costs, and any penalties, if applicable, as part …",0.665,"[""qproto_006_applicability_check""]"
ev_01367,frag_02626,doc_0535,audience,the stated audience,"The Group recognises interest on late paid taxes as part of financing costs, and any penalties, if applicable, as part …",0.665,"[""qproto_006_applicability_check""]"
ev_01368,frag_02629,doc_0535,exception,where the Group is able to control the reversal of the temporary difference and…,Deferred tax liabilities are not recognised to the extent they arise from the initial recognition of non-tax deductible…,0.684,"[""qproto_004_exception_lookup""]"
ev_01369,frag_02629,doc_0535,condition,where the Group is able to control the reversal of the temp…,Deferred tax liabilities are not recognised to the extent they arise from the initial recognition of non-tax deductible…,0.684,"[""qproto_004_exception_lookup""]"
ev_01370,frag_02634,doc_0537,metric,revenue,revenue,0.76,"[""qproto_002_metric_lookup""]"
ev_01371,frag_02634,doc_0537,value,1%,1%,0.76,"[""qproto_002_metric_lookup""]"
ev_01372,frag_02636,doc_0537,metric,revenue,revenue,0.76,"[""qproto_002_metric_lookup""]"
ev_01373,frag_02636,doc_0537,value,1%,1%,0.76,"[""qproto_002_metric_lookup""]"
ev_01374,frag_02639,doc_0537,metric,Revenue,Revenue,0.76,"[""qproto_002_metric_lookup""]"
ev_01375,frag_02639,doc_0537,value,10%,10%,0.76,"[""qproto_002_metric_lookup""]"
ev_01376,frag_02641,doc_0537,exception,the stated condition,"While BIS has broad authority to issue licenses, the rulemaking imposes a presumption that licenses will be denied. pag…",0.684,"[""qproto_003_rule_lookup"", ""qproto_004_exception_lookup""]"
ev_01377,frag_02641,doc_0537,condition,the stated condition,"While BIS has broad authority to issue licenses, the rulemaking imposes a presumption that licenses will be denied. pag…",0.684,"[""qproto_003_rule_lookup"", ""qproto_004_exception_lookup""]"
ev_01378,frag_02641,doc_0537,rule,"While BIS has broad authority to issue licenses, the rulemaking imposes a presu…","While BIS has broad authority to issue licenses, the rulemaking imposes a presumption that licenses will be denied. pag…",0.589,"[""qproto_003_rule_lookup"", ""qproto_004_exception_lookup""]"
ev_01379,frag_02642,doc_0537,scope,the stated audience,"As of the date of this report, the Company is unable to predict the scope or duration of the new EAR restrictions on Hu…",0.665,"[""qproto_003_rule_lookup"", ""qproto_004_exception_lookup"", ""qproto_006_applicability_check""]"
ev_01380,frag_02642,doc_0537,audience,the stated audience,"As of the date of this report, the Company is unable to predict the scope or duration of the new EAR restrictions on Hu…",0.665,"[""qproto_003_rule_lookup"", ""qproto_004_exception_lookup"", ""qproto_006_applicability_check""]"
ev_01381,frag_02642,doc_0537,exception,the stated condition,"As of the date of this report, the Company is unable to predict the scope or duration of the new EAR restrictions on Hu…",0.684,"[""qproto_003_rule_lookup"", ""qproto_004_exception_lookup"", ""qproto_006_applicability_check""]"
ev_01382,frag_02642,doc_0537,condition,the stated condition,"As of the date of this report, the Company is unable to predict the scope or duration of the new EAR restrictions on Hu…",0.684,"[""qproto_003_rule_lookup"", ""qproto_004_exception_lookup"", ""qproto_006_applicability_check""]"
ev_01383,frag_02642,doc_0537,rule,"As of the date of this report, the Company is unable to predict the scope or du…","As of the date of this report, the Company is unable to predict the scope or duration of the new EAR restrictions on Hu…",0.589,"[""qproto_003_rule_lookup"", ""qproto_004_exception_lookup"", ""qproto_006_applicability_check""]"
ev_01384,frag_02648,doc_0539,variance,"Life, Accident and Health Reserves pages.[0].blocks.[2].words.word_list.[0] = 1…","Life, Accident and Health Reserves pages.[0].blocks.[2].words.word_list.[0] = 12. pages.[0].blocks.[2].words.word_list.…",0.665,"[""qproto_010_variance_explanation""]"
ev_01385,frag_02657,doc_0543,amount_threshold,$ 138,$ 138,0.741,"[""qproto_001_threshold_lookup""]"
ev_01386,frag_02658,doc_0543,amount_threshold,$ 855,$ 855,0.741,"[""qproto_001_threshold_lookup""]"
ev_01387,frag_02659,doc_0545,metric,revenue,revenue,0.76,"[""qproto_002_metric_lookup""]"
ev_01388,frag_02659,doc_0545,value,10%,10%,0.76,"[""qproto_002_metric_lookup""]"
ev_01389,frag_02660,doc_0545,variance,1.2%,1.2%,0.665,"[""qproto_005_variance_explanation""]"
ev_01390,frag_02660,doc_0545,variance_driver,"lower capital expenditure partly offset by lower operating cash ﬂow, …","The increase was driven by lower capital expenditure partly offset by lower operating cash ﬂow, higher cash taxes and l…",0.665,"[""qproto_005_variance_explanation""]"
ev_01391,frag_02671,doc_0549,owner,FP&A team,FP&A team,0.76,"[""qproto_007_effective_date_lookup"", ""qproto_011_owner_lookup""]"
ev_01392,frag_02671,doc_0549,effective_date,"February 1, 2026","February 1, 2026",0.807,"[""qproto_007_effective_date_lookup"", ""qproto_011_owner_lookup""]"
ev_01393,frag_02673,doc_0549,amount_threshold,"$20,000","$20,000",0.855,"[""qproto_003_rule_lookup"", ""qproto_015_approval_lookup""]"
ev_01394,frag_02673,doc_0549,approver,Department Head,Department Head,0.855,"[""qproto_003_rule_lookup"", ""qproto_015_approval_lookup""]"
ev_01395,frag_02673,doc_0549,rule,"Reallocations over $20,000 require FP&A Director approval.","Reallocations over $20,000 require FP&A Director approval.",0.589,"[""qproto_003_rule_lookup"", ""qproto_015_approval_lookup""]"
ev_01396,frag_02673,doc_0549,amount_threshold,"$100,000","$100,000",0.855,"[""qproto_003_rule_lookup"", ""qproto_015_approval_lookup""]"
ev_01397,frag_02673,doc_0549,approver,CFO,CFO,0.855,"[""qproto_003_rule_lookup"", ""qproto_015_approval_lookup""]"
ev_01398,frag_02675,doc_0549,rule,Any budget variance over 10 percent must be explained in the monthly variance r…,Any budget variance over 10 percent must be explained in the monthly variance report.,0.589,"[""qproto_003_rule_lookup"", ""qproto_010_variance_explanation""]"
ev_01399,frag_02675,doc_0549,variance,10 percent,10 percent,0.665,"[""qproto_003_rule_lookup"", ""qproto_010_variance_explanation""]"
ev_01400,frag_02675,doc_0549,rule,The variance driver and corrective action must be documented.,The variance driver and corrective action must be documented.,0.589,"[""qproto_003_rule_lookup"", ""qproto_010_variance_explanation""]"
ev_01401,frag_02677,doc_0549,owner,FP&A team,FP&A team,0.76,"[""qproto_011_owner_lookup""]"
ev_01402,frag_02679,doc_0550,region,India,India,0.855,"[""qproto_013_approval_lookup""]"
ev_01403,frag_02679,doc_0550,approver,Finance Director,Finance Director,0.855,"[""qproto_013_approval_lookup""]"
ev_01404,frag_02680,doc_0550,region,United States,United States,0.855,"[""qproto_013_approval_lookup""]"
ev_01405,frag_02680,doc_0550,approver,Regional VP,Regional VP,0.855,"[""qproto_013_approval_lookup""]"
ev_01406,frag_02681,doc_0550,region,Global,Global,0.855,"[""qproto_013_approval_lookup""]"
ev_01407,frag_02681,doc_0550,approver,CFO,CFO,0.855,"[""qproto_013_approval_lookup""]"
ev_01408,frag_02682,doc_0550,region,India,India,0.855,"[""qproto_013_approval_lookup""]"
ev_01409,frag_02682,doc_0550,approver,Finance Manager,Finance Manager,0.855,"[""qproto_013_approval_lookup""]"
ev_01410,frag_02683,doc_0550,region,United States,United States,0.855,"[""qproto_013_approval_lookup""]"
ev_01411,frag_02683,doc_0550,approver,Regional VP,Regional VP,0.855,"[""qproto_013_approval_lookup""]"
ev_01412,frag_02684,doc_0550,region,Global,Global,0.855,"[""qproto_013_approval_lookup""]"
ev_01413,frag_02684,doc_0550,approver,CFO,CFO,0.855,"[""qproto_013_approval_lookup""]"
ev_01414,frag_02685,doc_0550,region,Global,Global,0.855,"[""qproto_013_approval_lookup""]"
ev_01415,frag_02685,doc_0550,approver,Chief Data Officer,Chief Data Officer,0.855,"[""qproto_013_approval_lookup""]"
ev_01416,frag_02686,doc_0550,region,Global,Global,0.855,"[""qproto_013_approval_lookup""]"
ev_01417,frag_02686,doc_0550,approver,Chief Risk Officer,Chief Risk Officer,0.855,"[""qproto_013_approval_lookup""]"
ev_01418,frag_02687,doc_0551,owner,FP&A Team,FP&A Team,0.76,"[""qproto_009_metric_lookup"", ""qproto_011_owner_lookup""]"
ev_01419,frag_02687,doc_0551,metric,Revenue,Revenue,0.76,"[""qproto_009_metric_lookup"", ""qproto_011_owner_lookup""]"
ev_01420,frag_02687,doc_0551,value,$48.2M,$48.2M,0.76,"[""qproto_009_metric_lookup"", ""qproto_011_owner_lookup""]"
ev_01421,frag_02687,doc_0551,period,Q2 2026,Q2 2026,0.76,"[""qproto_009_metric_lookup"", ""qproto_011_owner_lookup""]"
ev_01422,frag_02690,doc_0552,metric,revenue,revenue,0.76,"[""qproto_002_metric_lookup"", ""qproto_009_metric_lookup""]"
ev_01423,frag_02690,doc_0552,value,$48.2 million,$48.2 million,0.76,"[""qproto_002_metric_lookup"", ""qproto_009_metric_lookup""]"
ev_01424,frag_02690,doc_0552,period,Q2 2026,Q2 2026,0.76,"[""qproto_002_metric_lookup"", ""qproto_009_metric_lookup""]"
ev_01425,frag_02690,doc_0552,metric,Subscription revenue,Subscription revenue,0.76,"[""qproto_002_metric_lookup"", ""qproto_009_metric_lookup""]"
ev_01426,frag_02690,doc_0552,value,$34.5 million,$34.5 million,0.76,"[""qproto_002_metric_lookup"", ""qproto_009_metric_lookup""]"
ev_01427,frag_02692,doc_0552,metric,Services revenue,Services revenue,0.76,"[""qproto_002_metric_lookup"", ""qproto_005_variance_explanation"", ""qproto_010_variance_explanation""]"
ev_01428,frag_02692,doc_0552,value,8 percent,8 percent,0.76,"[""qproto_002_metric_lookup"", ""qproto_005_variance_explanation"", ""qproto_010_variance_explanation""]"
ev_01429,frag_02692,doc_0552,variance,8 percent,8 percent,0.665,"[""qproto_002_metric_lookup"", ""qproto_005_variance_explanation"", ""qproto_010_variance_explanation""]"
ev_01430,frag_02692,doc_0552,variance_driver,delayed customer renewals in the India region,delayed customer renewals in the India region,0.665,"[""qproto_002_metric_lookup"", ""qproto_005_variance_explanation"", ""qproto_010_variance_explanation""]"
ev_01431,frag_02692,doc_0552,metric,Subscription revenue,Subscription revenue,0.76,"[""qproto_002_metric_lookup"", ""qproto_005_variance_explanation"", ""qproto_010_variance_explanation""]"
ev_01432,frag_02692,doc_0552,value,4 percent,4 percent,0.76,"[""qproto_002_metric_lookup"", ""qproto_005_variance_explanation"", ""qproto_010_variance_explanation""]"
ev_01433,frag_02694,doc_0552,metric,Gross margin,Gross margin,0.76,"[""qproto_002_metric_lookup"", ""qproto_009_metric_lookup""]"
ev_01434,frag_02694,doc_0552,value,71 percent,71 percent,0.76,"[""qproto_002_metric_lookup"", ""qproto_009_metric_lookup""]"
ev_01435,frag_02694,doc_0552,period,Q2 2026,Q2 2026,0.76,"[""qproto_002_metric_lookup"", ""qproto_009_metric_lookup""]"
ev_01436,frag_02694,doc_0552,metric,Operating expenses,Operating expenses,0.76,"[""qproto_002_metric_lookup"", ""qproto_009_metric_lookup""]"
ev_01437,frag_02694,doc_0552,value,$22.1 million,$22.1 million,0.76,"[""qproto_002_metric_lookup"", ""qproto_009_metric_lookup""]"
ev_01438,frag_02696,doc_0552,metric,revenue,revenue,0.76,"[""qproto_002_metric_lookup"", ""qproto_009_metric_lookup"", ""qproto_014_approval_lookup""]"
ev_01439,frag_02696,doc_0552,value,$205 million,$205 million,0.76,"[""qproto_002_metric_lookup"", ""qproto_009_metric_lookup"", ""qproto_014_approval_lookup""]"
ev_01440,frag_02696,doc_0552,period,full-year 2026,full-year 2026,0.76,"[""qproto_002_metric_lookup"", ""qproto_009_metric_lookup"", ""qproto_014_approval_lookup""]"
ev_01441,frag_02696,doc_0552,approver,CFO,CFO,0.855,"[""qproto_002_metric_lookup"", ""qproto_009_metric_lookup"", ""qproto_014_approval_lookup""]"
ev_01442,frag_02696,doc_0552,metric,forecast,forecast,0.76,"[""qproto_002_metric_lookup"", ""qproto_009_metric_lookup"", ""qproto_014_approval_lookup""]"
ev_01443,frag_02696,doc_0552,value,5 percent,5 percent,0.76,"[""qproto_002_metric_lookup"", ""qproto_009_metric_lookup"", ""qproto_014_approval_lookup""]"
ev_01444,frag_02699,doc_0553,scope,the stated audience,"This policy applies to all systems, employees, and third parties that access company data.",0.665,"[""qproto_006_applicability_check"", ""qproto_007_effective_date_lookup""]"
ev_01445,frag_02699,doc_0553,audience,the stated audience,"This policy applies to all systems, employees, and third parties that access company data.",0.665,"[""qproto_006_applicability_check"", ""qproto_007_effective_date_lookup""]"
ev_01446,frag_02699,doc_0553,effective_date,"January 1, 2026","January 1, 2026",0.807,"[""qproto_006_applicability_check"", ""qproto_007_effective_date_lookup""]"
ev_01447,frag_02701,doc_0553,rule,Data classified as Restricted must be encrypted at rest and in transit.,Data classified as Restricted must be encrypted at rest and in transit.,0.589,"[""qproto_003_rule_lookup"", ""qproto_014_approval_lookup""]"
ev_01448,frag_02701,doc_0553,approver,Data Owner,Data Owner,0.855,"[""qproto_003_rule_lookup"", ""qproto_014_approval_lookup""]"
ev_01449,frag_02701,doc_0553,rule,Confidential data may be shared internally but must not be sent to external par…,Confidential data may be shared internally but must not be sent to external parties without Legal approval.,0.589,"[""qproto_003_rule_lookup"", ""qproto_014_approval_lookup""]"
ev_01450,frag_02703,doc_0553,approver,Chief Data Officer,Chief Data Officer,0.855,"[""qproto_003_rule_lookup"", ""qproto_011_owner_lookup"", ""qproto_014_approval_lookup""]"
ev_01451,frag_02703,doc_0553,rule,"Requests to access Restricted datasets over 10,000 records require the Chief Da…","Requests to access Restricted datasets over 10,000 records require the Chief Data Officer approval.",0.589,"[""qproto_003_rule_lookup"", ""qproto_011_owner_lookup"", ""qproto_014_approval_lookup""]"
ev_01452,frag_02703,doc_0553,owner,Information Security team,Information Security team,0.76,"[""qproto_003_rule_lookup"", ""qproto_011_owner_lookup"", ""qproto_014_approval_lookup""]"
ev_01453,frag_02705,doc_0553,exception,the stated condition,"Personal data must be retained for no longer than 24 months, except where a legal hold applies.",0.684,"[""qproto_003_rule_lookup"", ""qproto_004_exception_lookup"", ""qproto_014_approval_lookup""]"
ev_01454,frag_02705,doc_0553,condition,the stated condition,"Personal data must be retained for no longer than 24 months, except where a legal hold applies.",0.684,"[""qproto_003_rule_lookup"", ""qproto_004_exception_lookup"", ""qproto_014_approval_lookup""]"
ev_01455,frag_02705,doc_0553,rule,"Personal data must be retained for no longer than 24 months, except where a leg…","Personal data must be retained for no longer than 24 months, except where a legal hold applies.",0.589,"[""qproto_003_rule_lookup"", ""qproto_004_exception_lookup"", ""qproto_014_approval_lookup""]"
ev_01456,frag_02705,doc_0553,approver,Legal,Legal,0.855,"[""qproto_003_rule_lookup"", ""qproto_004_exception_lookup"", ""qproto_014_approval_lookup""]"
ev_01457,frag_02705,doc_0553,rule,Exceptions to the retention rule require Legal and the Data Protection Officer …,Exceptions to the retention rule require Legal and the Data Protection Officer approval.,0.589,"[""qproto_003_rule_lookup"", ""qproto_004_exception_lookup"", ""qproto_014_approval_lookup""]"
ev_01458,frag_02708,doc_0554,scope,the stated audience,"This policy applies to all employees, contractors, and vendors engaged by the company across all regions.",0.665,"[""qproto_006_applicability_check"", ""qproto_007_effective_date_lookup""]"
ev_01459,frag_02708,doc_0554,audience,the stated audience,"This policy applies to all employees, contractors, and vendors engaged by the company across all regions.",0.665,"[""qproto_006_applicability_check"", ""qproto_007_effective_date_lookup""]"
ev_01460,frag_02708,doc_0554,effective_date,"July 1, 2025","July 1, 2025",0.807,"[""qproto_006_applicability_check"", ""qproto_007_effective_date_lookup""]"
ev_01461,frag_02710,doc_0554,amount_threshold,"$2,000","$2,000",0.855,"[""qproto_003_rule_lookup"", ""qproto_015_approval_lookup"", ""qproto_017_approval_lookup""]"
ev_01462,frag_02710,doc_0554,approver,Line Manager,Line Manager,0.855,"[""qproto_003_rule_lookup"", ""qproto_015_approval_lookup"", ""qproto_017_approval_lookup""]"
ev_01463,frag_02710,doc_0554,region,India,India,0.855,"[""qproto_003_rule_lookup"", ""qproto_015_approval_lookup"", ""qproto_017_approval_lookup""]"
ev_01464,frag_02710,doc_0554,amount_threshold,"$10,000","$10,000",0.855,"[""qproto_003_rule_lookup"", ""qproto_015_approval_lookup"", ""qproto_017_approval_lookup""]"
ev_01465,frag_02710,doc_0554,approver,Finance Director,Finance Director,0.855,"[""qproto_003_rule_lookup"", ""qproto_015_approval_lookup"", ""qproto_017_approval_lookup""]"
ev_01466,frag_02710,doc_0554,rule,"Purchases over $10,000 in India require Finance Director approval.","Purchases over $10,000 in India require Finance Director approval.",0.589,"[""qproto_003_rule_lookup"", ""qproto_015_approval_lookup"", ""qproto_017_approval_lookup""]"
ev_01467,frag_02710,doc_0554,region,United States,United States,0.855,"[""qproto_003_rule_lookup"", ""qproto_015_approval_lookup"", ""qproto_017_approval_lookup""]"
ev_01468,frag_02710,doc_0554,amount_threshold,"$25,000","$25,000",0.855,"[""qproto_003_rule_lookup"", ""qproto_015_approval_lookup"", ""qproto_017_approval_lookup""]"
ev_01469,frag_02710,doc_0554,approver,Regional VP,Regional VP,0.855,"[""qproto_003_rule_lookup"", ""qproto_015_approval_lookup"", ""qproto_017_approval_lookup""]"
ev_01470,frag_02710,doc_0554,region,any region,any region,0.855,"[""qproto_003_rule_lookup"", ""qproto_015_approval_lookup"", ""qproto_017_approval_lookup""]"
ev_01471,frag_02710,doc_0554,amount_threshold,"$50,000","$50,000",0.855,"[""qproto_003_rule_lookup"", ""qproto_015_approval_lookup"", ""qproto_017_approval_lookup""]"
ev_01472,frag_02710,doc_0554,approver,CFO,CFO,0.855,"[""qproto_003_rule_lookup"", ""qproto_015_approval_lookup"", ""qproto_017_approval_lookup""]"
ev_01473,frag_02710,doc_0554,rule,All software purchases regardless of amount require IT Security review.,All software purchases regardless of amount require IT Security review.,0.589,"[""qproto_003_rule_lookup"", ""qproto_015_approval_lookup"", ""qproto_017_approval_lookup""]"
ev_01474,frag_02712,doc_0554,exception,that they must be reported to Finance within 48 hours,that they must be reported to Finance within 48 hours,0.684,"[""qproto_003_rule_lookup"", ""qproto_004_exception_lookup"", ""qproto_012_sla_lookup""]"
ev_01475,frag_02712,doc_0554,condition,that they must be reported to Finance within 48 hours,that they must be reported to Finance within 48 hours,0.684,"[""qproto_003_rule_lookup"", ""qproto_004_exception_lookup"", ""qproto_012_sla_lookup""]"
ev_01476,frag_02712,doc_0554,rule,"Emergency purchases below $5,000 may be made without prior approval, except tha…","Emergency purchases below $5,000 may be made without prior approval, except that they must be reported to Finance withi…",0.589,"[""qproto_003_rule_lookup"", ""qproto_004_exception_lookup"", ""qproto_012_sla_lookup""]"
ev_01477,frag_02712,doc_0554,sla,48 hours,48 hours,0.741,"[""qproto_003_rule_lookup"", ""qproto_004_exception_lookup"", ""qproto_012_sla_lookup""]"
ev_01478,frag_02712,doc_0554,exception,the stated condition,Purchases from restricted vendors are prohibited unless an exception is granted by the Chief Procurement Officer.,0.684,"[""qproto_003_rule_lookup"", ""qproto_004_exception_lookup"", ""qproto_012_sla_lookup""]"
ev_01479,frag_02712,doc_0554,condition,the stated condition,Purchases from restricted vendors are prohibited unless an exception is granted by the Chief Procurement Officer.,0.684,"[""qproto_003_rule_lookup"", ""qproto_004_exception_lookup"", ""qproto_012_sla_lookup""]"
ev_01480,frag_02714,doc_0554,owner,Procurement Operations,Procurement Operations,0.76,"[""qproto_011_owner_lookup""]"
ev_01481,frag_02717,doc_0555,scope,all employees who travel for business purposes,all employees who travel for business purposes,0.665,"[""qproto_006_applicability_check"", ""qproto_007_effective_date_lookup""]"
ev_01482,frag_02717,doc_0555,audience,all employees who travel for business purposes,all employees who travel for business purposes,0.665,"[""qproto_006_applicability_check"", ""qproto_007_effective_date_lookup""]"
ev_01483,frag_02717,doc_0555,effective_date,"March 15, 2025","March 15, 2025",0.807,"[""qproto_006_applicability_check"", ""qproto_007_effective_date_lookup""]"
ev_01484,frag_02719,doc_0555,region,United States,United States,0.741,"[""qproto_003_rule_lookup"", ""qproto_008_threshold_lookup""]"
ev_01485,frag_02719,doc_0555,amount_threshold,$300,$300,0.741,"[""qproto_003_rule_lookup"", ""qproto_008_threshold_lookup""]"
ev_01486,frag_02719,doc_0555,rule,Hotel bookings must not exceed $300 per night in the United States and must not…,Hotel bookings must not exceed $300 per night in the United States and must not exceed $180 per night in India.,0.589,"[""qproto_003_rule_lookup"", ""qproto_008_threshold_lookup""]"
ev_01487,frag_02721,doc_0555,amount_threshold,$75,$75,0.741,"[""qproto_001_threshold_lookup"", ""qproto_003_rule_lookup"", ""qproto_015_approval_lookup""]"
ev_01488,frag_02721,doc_0555,rule,Expense claims under $75 do not require receipts.,Expense claims under $75 do not require receipts.,0.589,"[""qproto_001_threshold_lookup"", ""qproto_003_rule_lookup"", ""qproto_015_approval_lookup""]"
ev_01489,frag_02721,doc_0555,amount_threshold,"$2,500","$2,500",0.855,"[""qproto_001_threshold_lookup"", ""qproto_003_rule_lookup"", ""qproto_015_approval_lookup""]"
ev_01490,frag_02721,doc_0555,approver,Finance Manager,Finance Manager,0.855,"[""qproto_001_threshold_lookup"", ""qproto_003_rule_lookup"", ""qproto_015_approval_lookup""]"
ev_01491,frag_02723,doc_0555,amount_threshold,$500,$500,0.855,"[""qproto_003_rule_lookup"", ""qproto_004_exception_lookup"", ""qproto_011_owner_lookup"", ""qproto_015_approval_lookup""]"
ev_01492,frag_02723,doc_0555,approver,Regional VP,Regional VP,0.855,"[""qproto_003_rule_lookup"", ""qproto_004_exception_lookup"", ""qproto_011_owner_lookup"", ""qproto_015_approval_lookup""]"
ev_01493,frag_02723,doc_0555,exception,for pre-approved conference budgets,for pre-approved conference budgets,0.684,"[""qproto_003_rule_lookup"", ""qproto_004_exception_lookup"", ""qproto_011_owner_lookup"", ""qproto_015_approval_lookup""]"
ev_01494,frag_02723,doc_0555,condition,for pre-approved conference budgets,for pre-approved conference budgets,0.684,"[""qproto_003_rule_lookup"", ""qproto_004_exception_lookup"", ""qproto_011_owner_lookup"", ""qproto_015_approval_lookup""]"
ev_01495,frag_02723,doc_0555,rule,"Client entertainment expenses over $500 require Regional VP approval, except fo…","Client entertainment expenses over $500 require Regional VP approval, except for pre-approved conference budgets.",0.589,"[""qproto_003_rule_lookup"", ""qproto_004_exception_lookup"", ""qproto_011_owner_lookup"", ""qproto_015_approval_lookup""]"
ev_01496,frag_02723,doc_0555,owner,Finance Operations,Finance Operations,0.76,"[""qproto_003_rule_lookup"", ""qproto_004_exception_lookup"", ""qproto_011_owner_lookup"", ""qproto_015_approval_lookup""]"
ev_01497,frag_02729,doc_0557,owner,People Operations,People Operations,0.76,"[""qproto_006_applicability_check"", ""qproto_007_effective_date_lookup"", ""qproto_011_owner_lookup""]"
ev_01498,frag_02729,doc_0557,scope,the stated audience,It applies to all new full-time and contract hires.,0.665,"[""qproto_006_applicability_check"", ""qproto_007_effective_date_lookup"", ""qproto_011_owner_lookup""]"
ev_01499,frag_02729,doc_0557,audience,the stated audience,It applies to all new full-time and contract hires.,0.665,"[""qproto_006_applicability_check"", ""qproto_007_effective_date_lookup"", ""qproto_011_owner_lookup""]"
ev_01500,frag_02729,doc_0557,effective_date,"June 1, 2025","June 1, 2025",0.807,"[""qproto_006_applicability_check"", ""qproto_007_effective_date_lookup"", ""qproto_011_owner_lookup""]"
ev_01501,frag_02732,doc_0557,rule,responsible for this step and must complete it within 2 business days.,responsible for this step and must complete it within 2 business days.,0.589,"[""qproto_003_rule_lookup"", ""qproto_012_sla_lookup""]"
ev_01502,frag_02732,doc_0557,sla,2 business days,2 business days,0.741,"[""qproto_003_rule_lookup"", ""qproto_012_sla_lookup""]"
ev_01503,frag_02734,doc_0557,rule,and must complete provisioning before the start date.,and must complete provisioning before the start date.,0.589,"[""qproto_003_rule_lookup""]"
ev_01504,frag_02735,doc_0557,owner,Learning team,Learning team,0.76,"[""qproto_011_owner_lookup""]"
ev_01505,frag_02738,doc_0557,sla,3 business days,3 business days,0.741,"[""qproto_012_sla_lookup"", ""qproto_016_escalation_lookup""]"
ev_01506,frag_02738,doc_0557,escalation_target,IT Service Desk Manager,IT Service Desk Manager,0.722,"[""qproto_012_sla_lookup"", ""qproto_016_escalation_lookup""]"
ev_01507,frag_02743,doc_0558,owner,Security Operations,Security Operations,0.76,"[""qproto_007_effective_date_lookup"", ""qproto_011_owner_lookup""]"
ev_01508,frag_02743,doc_0558,effective_date,"April 1, 2026","April 1, 2026",0.807,"[""qproto_007_effective_date_lookup"", ""qproto_011_owner_lookup""]"
ev_01509,frag_02746,doc_0558,sla,15 minutes,15 minutes,0.741,"[""qproto_012_sla_lookup""]"
ev_01510,frag_02751,doc_0558,rule,Critical incidents must be escalated to the CISO,Critical incidents must be escalated to the CISO,0.589,"[""qproto_003_rule_lookup"", ""qproto_016_escalation_lookup""]"
ev_01511,frag_02751,doc_0558,escalation_target,CISO,CISO,0.722,"[""qproto_003_rule_lookup"", ""qproto_016_escalation_lookup""]"
ev_01512,frag_02752,doc_0558,sla,30 minutes,30 minutes,0.741,"[""qproto_012_sla_lookup""]"
ev_01513,frag_02754,doc_0558,rule,Priority 1 incidents must be acknowledged within 15 minutes and resolved within…,Priority 1 incidents must be acknowledged within 15 minutes and resolved within 4 hours.,0.589,"[""qproto_003_rule_lookup"", ""qproto_012_sla_lookup"", ""qproto_016_escalation_lookup""]"
ev_01514,frag_02754,doc_0558,sla,15 minutes,15 minutes,0.741,"[""qproto_003_rule_lookup"", ""qproto_012_sla_lookup"", ""qproto_016_escalation_lookup""]"
ev_01515,frag_02754,doc_0558,rule,"If an incident is not resolved within the SLA, it must be escalated to the Inci…","If an incident is not resolved within the SLA, it must be escalated to the Incident Commander and then to the CISO.",0.589,"[""qproto_003_rule_lookup"", ""qproto_012_sla_lookup"", ""qproto_016_escalation_lookup""]"
ev_01516,frag_02754,doc_0558,escalation_target,Incident Commander,Incident Commander,0.722,"[""qproto_003_rule_lookup"", ""qproto_012_sla_lookup"", ""qproto_016_escalation_lookup""]"
ev_01517,frag_02759,doc_0559,owner,Vendor Management Office,Vendor Management Office,0.76,"[""qproto_006_applicability_check"", ""qproto_007_effective_date_lookup"", ""qproto_011_owner_lookup""]"
ev_01518,frag_02759,doc_0559,effective_date,"September 1, 2025","September 1, 2025",0.807,"[""qproto_006_applicability_check"", ""qproto_007_effective_date_lookup"", ""qproto_011_owner_lookup""]"
ev_01519,frag_02759,doc_0559,scope,all new vendor engagements,all new vendor engagements,0.665,"[""qproto_006_applicability_check"", ""qproto_007_effective_date_lookup"", ""qproto_011_owner_lookup""]"
ev_01520,frag_02759,doc_0559,audience,all new vendor engagements,all new vendor engagements,0.665,"[""qproto_006_applicability_check"", ""qproto_007_effective_date_lookup"", ""qproto_011_owner_lookup""]"
ev_01521,frag_02765,doc_0559,approver,Chief Risk Officer,Chief Risk Officer,0.855,"[""qproto_003_rule_lookup"", ""qproto_014_approval_lookup""]"
ev_01522,frag_02765,doc_0559,rule,High risk vendors require Chief Risk Officer approval.,High risk vendors require Chief Risk Officer approval.,0.589,"[""qproto_003_rule_lookup"", ""qproto_014_approval_lookup""]"
ev_01523,frag_02768,doc_0559,rule,Vendor risk reviews must be completed within 5 business days.,Vendor risk reviews must be completed within 5 business days.,0.589,"[""qproto_003_rule_lookup"", ""qproto_012_sla_lookup"", ""qproto_016_escalation_lookup""]"
ev_01524,frag_02768,doc_0559,sla,5 business days,5 business days,0.741,"[""qproto_003_rule_lookup"", ""qproto_012_sla_lookup"", ""qproto_016_escalation_lookup""]"
ev_01525,frag_02768,doc_0559,escalation_target,Vendor Management Office lead,Vendor Management Office lead,0.722,"[""qproto_003_rule_lookup"", ""qproto_012_sla_lookup"", ""qproto_016_escalation_lookup""]"
