source,target,edge_type,weight
qproto_002_metric_lookup,frag_00004,prototype_fragment,0.8
qproto_003_rule_lookup,frag_00005,prototype_fragment,0.62
qproto_002_metric_lookup,frag_00006,prototype_fragment,0.8
qproto_004_exception_lookup,frag_00025,prototype_fragment,0.72
qproto_004_exception_lookup,frag_00027,prototype_fragment,0.72
qproto_004_exception_lookup,frag_00028,prototype_fragment,0.72
qproto_001_threshold_lookup,frag_00029,prototype_fragment,0.78
qproto_001_threshold_lookup,frag_00034,prototype_fragment,0.78
qproto_001_threshold_lookup,frag_00037,prototype_fragment,0.78
qproto_003_rule_lookup,frag_00041,prototype_fragment,0.62
qproto_001_threshold_lookup,frag_00043,prototype_fragment,0.78
qproto_004_exception_lookup,frag_00047,prototype_fragment,0.72
qproto_001_threshold_lookup,frag_00048,prototype_fragment,0.78
qproto_001_threshold_lookup,frag_00049,prototype_fragment,0.78
qproto_004_exception_lookup,frag_00066,prototype_fragment,0.72
qproto_003_rule_lookup,frag_00071,prototype_fragment,0.62
qproto_003_rule_lookup,frag_00072,prototype_fragment,0.62
qproto_002_metric_lookup,frag_00072,prototype_fragment,0.8
qproto_001_threshold_lookup,frag_00084,prototype_fragment,0.78
qproto_007_effective_date_lookup,frag_00084,prototype_fragment,0.85
qproto_001_threshold_lookup,frag_00085,prototype_fragment,0.78
qproto_008_threshold_lookup,frag_00092,prototype_fragment,0.78
qproto_002_metric_lookup,frag_00092,prototype_fragment,0.8
qproto_002_metric_lookup,frag_00099,prototype_fragment,0.8
qproto_002_metric_lookup,frag_00104,prototype_fragment,0.8
qproto_007_effective_date_lookup,frag_00110,prototype_fragment,0.85
qproto_002_metric_lookup,frag_00125,prototype_fragment,0.8
qproto_003_rule_lookup,frag_00129,prototype_fragment,0.62
qproto_003_rule_lookup,frag_00131,prototype_fragment,0.62
qproto_002_metric_lookup,frag_00131,prototype_fragment,0.8
qproto_003_rule_lookup,frag_00133,prototype_fragment,0.62
qproto_004_exception_lookup,frag_00137,prototype_fragment,0.72
qproto_002_metric_lookup,frag_00137,prototype_fragment,0.8
qproto_004_exception_lookup,frag_00139,prototype_fragment,0.72
qproto_001_threshold_lookup,frag_00140,prototype_fragment,0.78
qproto_005_variance_explanation,frag_00150,prototype_fragment,0.7
qproto_005_variance_explanation,frag_00157,prototype_fragment,0.7
qproto_002_metric_lookup,frag_00160,prototype_fragment,0.8
qproto_002_metric_lookup,frag_00164,prototype_fragment,0.8
qproto_005_variance_explanation,frag_00164,prototype_fragment,0.7
qproto_001_threshold_lookup,frag_00170,prototype_fragment,0.78
qproto_001_threshold_lookup,frag_00171,prototype_fragment,0.78
qproto_007_effective_date_lookup,frag_00174,prototype_fragment,0.85
qproto_004_exception_lookup,frag_00174,prototype_fragment,0.72
qproto_008_threshold_lookup,frag_00177,prototype_fragment,0.78
qproto_008_threshold_lookup,frag_00181,prototype_fragment,0.78
qproto_001_threshold_lookup,frag_00192,prototype_fragment,0.78
qproto_007_effective_date_lookup,frag_00196,prototype_fragment,0.85
qproto_007_effective_date_lookup,frag_00198,prototype_fragment,0.85
qproto_001_threshold_lookup,frag_00199,prototype_fragment,0.78
qproto_002_metric_lookup,frag_00199,prototype_fragment,0.8
qproto_004_exception_lookup,frag_00200,prototype_fragment,0.72
qproto_002_metric_lookup,frag_00200,prototype_fragment,0.8
qproto_003_rule_lookup,frag_00204,prototype_fragment,0.62
qproto_001_threshold_lookup,frag_00208,prototype_fragment,0.78
qproto_001_threshold_lookup,frag_00210,prototype_fragment,0.78
qproto_001_threshold_lookup,frag_00211,prototype_fragment,0.78
qproto_005_variance_explanation,frag_00215,prototype_fragment,0.7
qproto_009_metric_lookup,frag_00216,prototype_fragment,0.8
qproto_009_metric_lookup,frag_00217,prototype_fragment,0.8
qproto_002_metric_lookup,frag_00218,prototype_fragment,0.8
qproto_003_rule_lookup,frag_00227,prototype_fragment,0.62
qproto_003_rule_lookup,frag_00228,prototype_fragment,0.62
qproto_002_metric_lookup,frag_00240,prototype_fragment,0.8
qproto_012_sla_lookup,frag_00247,prototype_fragment,0.78
qproto_001_threshold_lookup,frag_00253,prototype_fragment,0.78
qproto_009_metric_lookup,frag_00262,prototype_fragment,0.8
qproto_009_metric_lookup,frag_00263,prototype_fragment,0.8
qproto_005_variance_explanation,frag_00264,prototype_fragment,0.7
qproto_009_metric_lookup,frag_00265,prototype_fragment,0.8
qproto_009_metric_lookup,frag_00267,prototype_fragment,0.8
qproto_002_metric_lookup,frag_00268,prototype_fragment,0.8
qproto_009_metric_lookup,frag_00269,prototype_fragment,0.8
qproto_002_metric_lookup,frag_00270,prototype_fragment,0.8
qproto_004_exception_lookup,frag_00274,prototype_fragment,0.72
qproto_001_threshold_lookup,frag_00279,prototype_fragment,0.78
qproto_001_threshold_lookup,frag_00281,prototype_fragment,0.78
qproto_002_metric_lookup,frag_00284,prototype_fragment,0.8
qproto_005_variance_explanation,frag_00285,prototype_fragment,0.7
qproto_005_variance_explanation,frag_00289,prototype_fragment,0.7
qproto_005_variance_explanation,frag_00290,prototype_fragment,0.7
qproto_006_applicability_check,frag_00297,prototype_fragment,0.7
qproto_001_threshold_lookup,frag_00300,prototype_fragment,0.78
qproto_001_threshold_lookup,frag_00300,prototype_fragment,0.78
qproto_001_threshold_lookup,frag_00302,prototype_fragment,0.78
qproto_004_exception_lookup,frag_00309,prototype_fragment,0.72
qproto_008_threshold_lookup,frag_00316,prototype_fragment,0.78
qproto_006_applicability_check,frag_00318,prototype_fragment,0.7
qproto_001_threshold_lookup,frag_00320,prototype_fragment,0.78
qproto_004_exception_lookup,frag_00326,prototype_fragment,0.72
qproto_005_variance_explanation,frag_00343,prototype_fragment,0.7
qproto_001_threshold_lookup,frag_00346,prototype_fragment,0.78
qproto_001_threshold_lookup,frag_00347,prototype_fragment,0.78
qproto_004_exception_lookup,frag_00349,prototype_fragment,0.72
qproto_003_rule_lookup,frag_00349,prototype_fragment,0.62
qproto_005_variance_explanation,frag_00359,prototype_fragment,0.7
qproto_001_threshold_lookup,frag_00360,prototype_fragment,0.78
qproto_002_metric_lookup,frag_00360,prototype_fragment,0.8
qproto_005_variance_explanation,frag_00360,prototype_fragment,0.7
qproto_001_threshold_lookup,frag_00369,prototype_fragment,0.78
qproto_001_threshold_lookup,frag_00374,prototype_fragment,0.78
qproto_001_threshold_lookup,frag_00375,prototype_fragment,0.78
qproto_001_threshold_lookup,frag_00380,prototype_fragment,0.78
qproto_001_threshold_lookup,frag_00381,prototype_fragment,0.78
qproto_001_threshold_lookup,frag_00382,prototype_fragment,0.78
qproto_004_exception_lookup,frag_00389,prototype_fragment,0.72
qproto_001_threshold_lookup,frag_00390,prototype_fragment,0.78
qproto_004_exception_lookup,frag_00390,prototype_fragment,0.72
qproto_002_metric_lookup,frag_00393,prototype_fragment,0.8
qproto_001_threshold_lookup,frag_00397,prototype_fragment,0.78
qproto_001_threshold_lookup,frag_00398,prototype_fragment,0.78
qproto_007_effective_date_lookup,frag_00398,prototype_fragment,0.85
qproto_006_applicability_check,frag_00398,prototype_fragment,0.7
qproto_002_metric_lookup,frag_00400,prototype_fragment,0.8
qproto_001_threshold_lookup,frag_00402,prototype_fragment,0.78
qproto_002_metric_lookup,frag_00402,prototype_fragment,0.8
qproto_004_exception_lookup,frag_00408,prototype_fragment,0.72
qproto_004_exception_lookup,frag_00409,prototype_fragment,0.72
qproto_002_metric_lookup,frag_00415,prototype_fragment,0.8
qproto_002_metric_lookup,frag_00416,prototype_fragment,0.8
qproto_002_metric_lookup,frag_00417,prototype_fragment,0.8
qproto_002_metric_lookup,frag_00418,prototype_fragment,0.8
qproto_003_rule_lookup,frag_00419,prototype_fragment,0.62
qproto_003_rule_lookup,frag_00422,prototype_fragment,0.62
qproto_002_metric_lookup,frag_00422,prototype_fragment,0.8
qproto_002_metric_lookup,frag_00424,prototype_fragment,0.8
qproto_006_applicability_check,frag_00425,prototype_fragment,0.7
qproto_006_applicability_check,frag_00426,prototype_fragment,0.7
qproto_005_variance_explanation,frag_00426,prototype_fragment,0.7
qproto_003_rule_lookup,frag_00437,prototype_fragment,0.62
qproto_002_metric_lookup,frag_00437,prototype_fragment,0.8
qproto_002_metric_lookup,frag_00438,prototype_fragment,0.8
qproto_001_threshold_lookup,frag_00452,prototype_fragment,0.78
qproto_002_metric_lookup,frag_00452,prototype_fragment,0.8
qproto_002_metric_lookup,frag_00454,prototype_fragment,0.8
qproto_002_metric_lookup,frag_00455,prototype_fragment,0.8
qproto_002_metric_lookup,frag_00456,prototype_fragment,0.8
qproto_002_metric_lookup,frag_00457,prototype_fragment,0.8
qproto_001_threshold_lookup,frag_00458,prototype_fragment,0.78
qproto_002_metric_lookup,frag_00458,prototype_fragment,0.8
qproto_001_threshold_lookup,frag_00460,prototype_fragment,0.78
qproto_002_metric_lookup,frag_00460,prototype_fragment,0.8
qproto_006_applicability_check,frag_00468,prototype_fragment,0.7
qproto_004_exception_lookup,frag_00468,prototype_fragment,0.72
qproto_001_threshold_lookup,frag_00470,prototype_fragment,0.78
qproto_006_applicability_check,frag_00470,prototype_fragment,0.7
qproto_002_metric_lookup,frag_00470,prototype_fragment,0.8
qproto_004_exception_lookup,frag_00475,prototype_fragment,0.72
qproto_001_threshold_lookup,frag_00476,prototype_fragment,0.78
qproto_003_rule_lookup,frag_00476,prototype_fragment,0.62
qproto_002_metric_lookup,frag_00476,prototype_fragment,0.8
qproto_001_threshold_lookup,frag_00479,prototype_fragment,0.78
qproto_003_rule_lookup,frag_00479,prototype_fragment,0.62
qproto_001_threshold_lookup,frag_00480,prototype_fragment,0.78
qproto_003_rule_lookup,frag_00480,prototype_fragment,0.62
qproto_001_threshold_lookup,frag_00486,prototype_fragment,0.78
qproto_002_metric_lookup,frag_00486,prototype_fragment,0.8
qproto_001_threshold_lookup,frag_00487,prototype_fragment,0.78
qproto_001_threshold_lookup,frag_00490,prototype_fragment,0.78
qproto_002_metric_lookup,frag_00497,prototype_fragment,0.8
qproto_008_threshold_lookup,frag_00499,prototype_fragment,0.78
qproto_002_metric_lookup,frag_00499,prototype_fragment,0.8
qproto_001_threshold_lookup,frag_00502,prototype_fragment,0.78
qproto_002_metric_lookup,frag_00502,prototype_fragment,0.8
qproto_002_metric_lookup,frag_00505,prototype_fragment,0.8
qproto_001_threshold_lookup,frag_00509,prototype_fragment,0.78
qproto_002_metric_lookup,frag_00509,prototype_fragment,0.8
qproto_006_applicability_check,frag_00533,prototype_fragment,0.7
qproto_004_exception_lookup,frag_00540,prototype_fragment,0.72
qproto_002_metric_lookup,frag_00545,prototype_fragment,0.8
qproto_001_threshold_lookup,frag_00546,prototype_fragment,0.78
qproto_006_applicability_check,frag_00553,prototype_fragment,0.7
qproto_003_rule_lookup,frag_00553,prototype_fragment,0.62
qproto_003_rule_lookup,frag_00554,prototype_fragment,0.62
qproto_001_threshold_lookup,frag_00576,prototype_fragment,0.78
qproto_001_threshold_lookup,frag_00577,prototype_fragment,0.78
qproto_007_effective_date_lookup,frag_00579,prototype_fragment,0.85
qproto_001_threshold_lookup,frag_00581,prototype_fragment,0.78
qproto_004_exception_lookup,frag_00581,prototype_fragment,0.72
qproto_002_metric_lookup,frag_00581,prototype_fragment,0.8
qproto_001_threshold_lookup,frag_00584,prototype_fragment,0.78
qproto_003_rule_lookup,frag_00585,prototype_fragment,0.62
qproto_001_threshold_lookup,frag_00586,prototype_fragment,0.78
qproto_003_rule_lookup,frag_00586,prototype_fragment,0.62
qproto_006_applicability_check,frag_00588,prototype_fragment,0.7
qproto_003_rule_lookup,frag_00588,prototype_fragment,0.62
qproto_006_applicability_check,frag_00590,prototype_fragment,0.7
qproto_006_applicability_check,frag_00592,prototype_fragment,0.7
qproto_010_variance_explanation,frag_00602,prototype_fragment,0.7
qproto_005_variance_explanation,frag_00605,prototype_fragment,0.7
qproto_005_variance_explanation,frag_00609,prototype_fragment,0.7
qproto_005_variance_explanation,frag_00615,prototype_fragment,0.7
qproto_003_rule_lookup,frag_00618,prototype_fragment,0.62
qproto_004_exception_lookup,frag_00619,prototype_fragment,0.72
qproto_003_rule_lookup,frag_00622,prototype_fragment,0.62
qproto_004_exception_lookup,frag_00624,prototype_fragment,0.72
qproto_003_rule_lookup,frag_00624,prototype_fragment,0.62
qproto_001_threshold_lookup,frag_00627,prototype_fragment,0.78
qproto_002_metric_lookup,frag_00627,prototype_fragment,0.8
qproto_001_threshold_lookup,frag_00628,prototype_fragment,0.78
qproto_007_effective_date_lookup,frag_00628,prototype_fragment,0.85
qproto_002_metric_lookup,frag_00628,prototype_fragment,0.8
qproto_005_variance_explanation,frag_00632,prototype_fragment,0.7
qproto_007_effective_date_lookup,frag_00635,prototype_fragment,0.85
qproto_005_variance_explanation,frag_00635,prototype_fragment,0.7
qproto_005_variance_explanation,frag_00636,prototype_fragment,0.7
qproto_005_variance_explanation,frag_00641,prototype_fragment,0.7
qproto_005_variance_explanation,frag_00643,prototype_fragment,0.7
qproto_008_threshold_lookup,frag_00645,prototype_fragment,0.78
qproto_005_variance_explanation,frag_00645,prototype_fragment,0.7
qproto_004_exception_lookup,frag_00648,prototype_fragment,0.72
qproto_001_threshold_lookup,frag_00650,prototype_fragment,0.78
qproto_001_threshold_lookup,frag_00651,prototype_fragment,0.78
qproto_004_exception_lookup,frag_00656,prototype_fragment,0.72
qproto_004_exception_lookup,frag_00661,prototype_fragment,0.72
qproto_010_variance_explanation,frag_00662,prototype_fragment,0.7
qproto_002_metric_lookup,frag_00662,prototype_fragment,0.8
qproto_002_metric_lookup,frag_00663,prototype_fragment,0.8
qproto_010_variance_explanation,frag_00663,prototype_fragment,0.7
qproto_004_exception_lookup,frag_00664,prototype_fragment,0.72
qproto_010_variance_explanation,frag_00665,prototype_fragment,0.7
qproto_002_metric_lookup,frag_00665,prototype_fragment,0.8
qproto_003_rule_lookup,frag_00666,prototype_fragment,0.62
qproto_002_metric_lookup,frag_00666,prototype_fragment,0.8
qproto_010_variance_explanation,frag_00666,prototype_fragment,0.7
qproto_002_metric_lookup,frag_00667,prototype_fragment,0.8
qproto_005_variance_explanation,frag_00667,prototype_fragment,0.7
qproto_002_metric_lookup,frag_00668,prototype_fragment,0.8
qproto_001_threshold_lookup,frag_00671,prototype_fragment,0.78
qproto_002_metric_lookup,frag_00685,prototype_fragment,0.8
qproto_005_variance_explanation,frag_00685,prototype_fragment,0.7
qproto_001_threshold_lookup,frag_00686,prototype_fragment,0.78
qproto_002_metric_lookup,frag_00686,prototype_fragment,0.8
qproto_006_applicability_check,frag_00691,prototype_fragment,0.7
qproto_003_rule_lookup,frag_00691,prototype_fragment,0.62
qproto_008_threshold_lookup,frag_00697,prototype_fragment,0.78
qproto_006_applicability_check,frag_00697,prototype_fragment,0.7
qproto_003_rule_lookup,frag_00697,prototype_fragment,0.62
qproto_002_metric_lookup,frag_00697,prototype_fragment,0.8
qproto_002_metric_lookup,frag_00698,prototype_fragment,0.8
qproto_002_metric_lookup,frag_00699,prototype_fragment,0.8
qproto_004_exception_lookup,frag_00701,prototype_fragment,0.72
qproto_001_threshold_lookup,frag_00702,prototype_fragment,0.78
qproto_001_threshold_lookup,frag_00704,prototype_fragment,0.78
qproto_008_threshold_lookup,frag_00706,prototype_fragment,0.78
qproto_001_threshold_lookup,frag_00709,prototype_fragment,0.78
qproto_001_threshold_lookup,frag_00710,prototype_fragment,0.78
qproto_006_applicability_check,frag_00711,prototype_fragment,0.7
qproto_006_applicability_check,frag_00713,prototype_fragment,0.7
qproto_004_exception_lookup,frag_00714,prototype_fragment,0.72
qproto_004_exception_lookup,frag_00716,prototype_fragment,0.72
qproto_001_threshold_lookup,frag_00719,prototype_fragment,0.78
qproto_001_threshold_lookup,frag_00722,prototype_fragment,0.78
qproto_001_threshold_lookup,frag_00735,prototype_fragment,0.78
qproto_001_threshold_lookup,frag_00735,prototype_fragment,0.78
qproto_001_threshold_lookup,frag_00737,prototype_fragment,0.78
qproto_003_rule_lookup,frag_00738,prototype_fragment,0.62
qproto_001_threshold_lookup,frag_00753,prototype_fragment,0.78
qproto_001_threshold_lookup,frag_00754,prototype_fragment,0.78
qproto_002_metric_lookup,frag_00759,prototype_fragment,0.8
qproto_001_threshold_lookup,frag_00760,prototype_fragment,0.78
qproto_001_threshold_lookup,frag_00761,prototype_fragment,0.78
qproto_005_variance_explanation,frag_00764,prototype_fragment,0.7
qproto_005_variance_explanation,frag_00765,prototype_fragment,0.7
qproto_005_variance_explanation,frag_00766,prototype_fragment,0.7
qproto_002_metric_lookup,frag_00769,prototype_fragment,0.8
qproto_002_metric_lookup,frag_00772,prototype_fragment,0.8
qproto_002_metric_lookup,frag_00778,prototype_fragment,0.8
qproto_002_metric_lookup,frag_00779,prototype_fragment,0.8
qproto_001_threshold_lookup,frag_00780,prototype_fragment,0.78
qproto_001_threshold_lookup,frag_00785,prototype_fragment,0.78
qproto_001_threshold_lookup,frag_00790,prototype_fragment,0.78
qproto_002_metric_lookup,frag_00790,prototype_fragment,0.8
qproto_001_threshold_lookup,frag_00792,prototype_fragment,0.78
qproto_001_threshold_lookup,frag_00796,prototype_fragment,0.78
qproto_003_rule_lookup,frag_00797,prototype_fragment,0.62
qproto_001_threshold_lookup,frag_00799,prototype_fragment,0.78
qproto_002_metric_lookup,frag_00799,prototype_fragment,0.8
qproto_002_metric_lookup,frag_00808,prototype_fragment,0.8
qproto_001_threshold_lookup,frag_00820,prototype_fragment,0.78
qproto_003_rule_lookup,frag_00822,prototype_fragment,0.62
qproto_003_rule_lookup,frag_00826,prototype_fragment,0.62
qproto_002_metric_lookup,frag_00826,prototype_fragment,0.8
qproto_004_exception_lookup,frag_00832,prototype_fragment,0.72
qproto_004_exception_lookup,frag_00833,prototype_fragment,0.72
qproto_004_exception_lookup,frag_00834,prototype_fragment,0.72
qproto_001_threshold_lookup,frag_00835,prototype_fragment,0.78
qproto_004_exception_lookup,frag_00835,prototype_fragment,0.72
qproto_003_rule_lookup,frag_00836,prototype_fragment,0.62
qproto_001_threshold_lookup,frag_00839,prototype_fragment,0.78
qproto_003_rule_lookup,frag_00839,prototype_fragment,0.62
qproto_002_metric_lookup,frag_00849,prototype_fragment,0.8
qproto_002_metric_lookup,frag_00850,prototype_fragment,0.8
qproto_001_threshold_lookup,frag_00851,prototype_fragment,0.78
qproto_004_exception_lookup,frag_00851,prototype_fragment,0.72
qproto_002_metric_lookup,frag_00851,prototype_fragment,0.8
qproto_002_metric_lookup,frag_00852,prototype_fragment,0.8
qproto_001_threshold_lookup,frag_00854,prototype_fragment,0.78
qproto_004_exception_lookup,frag_00854,prototype_fragment,0.72
qproto_002_metric_lookup,frag_00854,prototype_fragment,0.8
qproto_002_metric_lookup,frag_00861,prototype_fragment,0.8
qproto_010_variance_explanation,frag_00861,prototype_fragment,0.7
qproto_005_variance_explanation,frag_00862,prototype_fragment,0.7
qproto_002_metric_lookup,frag_00869,prototype_fragment,0.8
qproto_004_exception_lookup,frag_00877,prototype_fragment,0.72
qproto_001_threshold_lookup,frag_00880,prototype_fragment,0.78
qproto_003_rule_lookup,frag_00880,prototype_fragment,0.62
qproto_001_threshold_lookup,frag_00881,prototype_fragment,0.78
qproto_003_rule_lookup,frag_00881,prototype_fragment,0.62
qproto_002_metric_lookup,frag_00897,prototype_fragment,0.8
qproto_005_variance_explanation,frag_00902,prototype_fragment,0.7
qproto_005_variance_explanation,frag_00906,prototype_fragment,0.7
qproto_008_threshold_lookup,frag_00907,prototype_fragment,0.78
qproto_002_metric_lookup,frag_00907,prototype_fragment,0.8
qproto_002_metric_lookup,frag_00924,prototype_fragment,0.8
qproto_003_rule_lookup,frag_00931,prototype_fragment,0.62
qproto_006_applicability_check,frag_00933,prototype_fragment,0.7
qproto_008_threshold_lookup,frag_00934,prototype_fragment,0.78
qproto_003_rule_lookup,frag_00934,prototype_fragment,0.62
qproto_003_rule_lookup,frag_00936,prototype_fragment,0.62
qproto_003_rule_lookup,frag_00940,prototype_fragment,0.62
qproto_003_rule_lookup,frag_00942,prototype_fragment,0.62
qproto_004_exception_lookup,frag_00956,prototype_fragment,0.72
qproto_003_rule_lookup,frag_00956,prototype_fragment,0.62
qproto_006_applicability_check,frag_00957,prototype_fragment,0.7
qproto_004_exception_lookup,frag_00957,prototype_fragment,0.72
qproto_003_rule_lookup,frag_00957,prototype_fragment,0.62
qproto_003_rule_lookup,frag_00960,prototype_fragment,0.62
qproto_005_variance_explanation,frag_00962,prototype_fragment,0.7
qproto_005_variance_explanation,frag_00964,prototype_fragment,0.7
qproto_005_variance_explanation,frag_00966,prototype_fragment,0.7
qproto_002_metric_lookup,frag_00967,prototype_fragment,0.8
qproto_002_metric_lookup,frag_00968,prototype_fragment,0.8
qproto_001_threshold_lookup,frag_00983,prototype_fragment,0.78
qproto_002_metric_lookup,frag_00983,prototype_fragment,0.8
qproto_001_threshold_lookup,frag_00984,prototype_fragment,0.78
qproto_002_metric_lookup,frag_00984,prototype_fragment,0.8
qproto_003_rule_lookup,frag_00985,prototype_fragment,0.62
qproto_002_metric_lookup,frag_00989,prototype_fragment,0.8
qproto_007_effective_date_lookup,frag_00990,prototype_fragment,0.85
qproto_002_metric_lookup,frag_00990,prototype_fragment,0.8
qproto_007_effective_date_lookup,frag_00992,prototype_fragment,0.85
qproto_008_threshold_lookup,frag_00996,prototype_fragment,0.78
qproto_008_threshold_lookup,frag_00999,prototype_fragment,0.78
qproto_003_rule_lookup,frag_00999,prototype_fragment,0.62
qproto_002_metric_lookup,frag_00999,prototype_fragment,0.8
qproto_004_exception_lookup,frag_01002,prototype_fragment,0.72
qproto_001_threshold_lookup,frag_01003,prototype_fragment,0.78
qproto_004_exception_lookup,frag_01003,prototype_fragment,0.72
qproto_002_metric_lookup,frag_01003,prototype_fragment,0.8
qproto_002_metric_lookup,frag_01013,prototype_fragment,0.8
qproto_012_sla_lookup,frag_01019,prototype_fragment,0.78
qproto_001_threshold_lookup,frag_01032,prototype_fragment,0.78
qproto_001_threshold_lookup,frag_01033,prototype_fragment,0.78
qproto_006_applicability_check,frag_01040,prototype_fragment,0.7
qproto_003_rule_lookup,frag_01040,prototype_fragment,0.62
qproto_001_threshold_lookup,frag_01042,prototype_fragment,0.78
qproto_008_threshold_lookup,frag_01043,prototype_fragment,0.78
qproto_002_metric_lookup,frag_01043,prototype_fragment,0.8
qproto_001_threshold_lookup,frag_01049,prototype_fragment,0.78
qproto_003_rule_lookup,frag_01051,prototype_fragment,0.62
qproto_003_rule_lookup,frag_01052,prototype_fragment,0.62
qproto_003_rule_lookup,frag_01054,prototype_fragment,0.62
qproto_003_rule_lookup,frag_01055,prototype_fragment,0.62
qproto_002_metric_lookup,frag_01055,prototype_fragment,0.8
qproto_002_metric_lookup,frag_01056,prototype_fragment,0.8
qproto_008_threshold_lookup,frag_01064,prototype_fragment,0.78
qproto_002_metric_lookup,frag_01064,prototype_fragment,0.8
qproto_001_threshold_lookup,frag_01069,prototype_fragment,0.78
qproto_004_exception_lookup,frag_01075,prototype_fragment,0.72
qproto_001_threshold_lookup,frag_01076,prototype_fragment,0.78
qproto_008_threshold_lookup,frag_01077,prototype_fragment,0.78
qproto_003_rule_lookup,frag_01081,prototype_fragment,0.62
qproto_003_rule_lookup,frag_01081,prototype_fragment,0.62
qproto_003_rule_lookup,frag_01082,prototype_fragment,0.62
qproto_001_threshold_lookup,frag_01089,prototype_fragment,0.78
qproto_006_applicability_check,frag_01094,prototype_fragment,0.7
qproto_002_metric_lookup,frag_01098,prototype_fragment,0.8
qproto_005_variance_explanation,frag_01102,prototype_fragment,0.7
qproto_005_variance_explanation,frag_01106,prototype_fragment,0.7
qproto_008_threshold_lookup,frag_01107,prototype_fragment,0.78
qproto_002_metric_lookup,frag_01107,prototype_fragment,0.8
qproto_002_metric_lookup,frag_01116,prototype_fragment,0.8
qproto_005_variance_explanation,frag_01116,prototype_fragment,0.7
qproto_001_threshold_lookup,frag_01118,prototype_fragment,0.78
qproto_005_variance_explanation,frag_01118,prototype_fragment,0.7
qproto_002_metric_lookup,frag_01119,prototype_fragment,0.8
qproto_001_threshold_lookup,frag_01134,prototype_fragment,0.78
qproto_001_threshold_lookup,frag_01138,prototype_fragment,0.78
qproto_001_threshold_lookup,frag_01139,prototype_fragment,0.78
qproto_001_threshold_lookup,frag_01140,prototype_fragment,0.78
qproto_003_rule_lookup,frag_01145,prototype_fragment,0.62
qproto_003_rule_lookup,frag_01146,prototype_fragment,0.62
qproto_001_threshold_lookup,frag_01147,prototype_fragment,0.78
qproto_001_threshold_lookup,frag_01153,prototype_fragment,0.78
qproto_004_exception_lookup,frag_01160,prototype_fragment,0.72
qproto_002_metric_lookup,frag_01163,prototype_fragment,0.8
qproto_001_threshold_lookup,frag_01174,prototype_fragment,0.78
qproto_004_exception_lookup,frag_01174,prototype_fragment,0.72
qproto_006_applicability_check,frag_01175,prototype_fragment,0.7
qproto_008_threshold_lookup,frag_01176,prototype_fragment,0.78
qproto_006_applicability_check,frag_01176,prototype_fragment,0.7
qproto_001_threshold_lookup,frag_01178,prototype_fragment,0.78
qproto_001_threshold_lookup,frag_01180,prototype_fragment,0.78
qproto_006_applicability_check,frag_01185,prototype_fragment,0.7
qproto_001_threshold_lookup,frag_01187,prototype_fragment,0.78
qproto_006_applicability_check,frag_01187,prototype_fragment,0.7
qproto_008_threshold_lookup,frag_01189,prototype_fragment,0.78
qproto_001_threshold_lookup,frag_01190,prototype_fragment,0.78
qproto_004_exception_lookup,frag_01196,prototype_fragment,0.72
qproto_006_applicability_check,frag_01198,prototype_fragment,0.7
qproto_006_applicability_check,frag_01199,prototype_fragment,0.7
qproto_006_applicability_check,frag_01200,prototype_fragment,0.7
qproto_004_exception_lookup,frag_01206,prototype_fragment,0.72
qproto_002_metric_lookup,frag_01207,prototype_fragment,0.8
qproto_002_metric_lookup,frag_01208,prototype_fragment,0.8
qproto_006_applicability_check,frag_01220,prototype_fragment,0.7
qproto_001_threshold_lookup,frag_01221,prototype_fragment,0.78
qproto_001_threshold_lookup,frag_01224,prototype_fragment,0.78
qproto_003_rule_lookup,frag_01255,prototype_fragment,0.62
qproto_003_rule_lookup,frag_01257,prototype_fragment,0.62
qproto_003_rule_lookup,frag_01258,prototype_fragment,0.62
qproto_001_threshold_lookup,frag_01267,prototype_fragment,0.78
qproto_004_exception_lookup,frag_01280,prototype_fragment,0.72
qproto_005_variance_explanation,frag_01289,prototype_fragment,0.7
qproto_005_variance_explanation,frag_01290,prototype_fragment,0.7
qproto_001_threshold_lookup,frag_01293,prototype_fragment,0.78
qproto_001_threshold_lookup,frag_01295,prototype_fragment,0.78
qproto_001_threshold_lookup,frag_01296,prototype_fragment,0.78
qproto_005_variance_explanation,frag_01299,prototype_fragment,0.7
qproto_004_exception_lookup,frag_01300,prototype_fragment,0.72
qproto_004_exception_lookup,frag_01302,prototype_fragment,0.72
qproto_001_threshold_lookup,frag_01308,prototype_fragment,0.78
qproto_001_threshold_lookup,frag_01309,prototype_fragment,0.78
qproto_002_metric_lookup,frag_01309,prototype_fragment,0.8
qproto_001_threshold_lookup,frag_01311,prototype_fragment,0.78
qproto_004_exception_lookup,frag_01327,prototype_fragment,0.72
qproto_001_threshold_lookup,frag_01331,prototype_fragment,0.78
qproto_003_rule_lookup,frag_01332,prototype_fragment,0.62
qproto_003_rule_lookup,frag_01341,prototype_fragment,0.62
qproto_001_threshold_lookup,frag_01342,prototype_fragment,0.78
qproto_001_threshold_lookup,frag_01343,prototype_fragment,0.78
qproto_001_threshold_lookup,frag_01344,prototype_fragment,0.78
qproto_002_metric_lookup,frag_01344,prototype_fragment,0.8
qproto_001_threshold_lookup,frag_01363,prototype_fragment,0.78
qproto_001_threshold_lookup,frag_01364,prototype_fragment,0.78
qproto_006_applicability_check,frag_01364,prototype_fragment,0.7
qproto_007_effective_date_lookup,frag_01366,prototype_fragment,0.85
qproto_006_applicability_check,frag_01366,prototype_fragment,0.7
qproto_003_rule_lookup,frag_01367,prototype_fragment,0.62
qproto_003_rule_lookup,frag_01369,prototype_fragment,0.62
qproto_001_threshold_lookup,frag_01381,prototype_fragment,0.78
qproto_002_metric_lookup,frag_01381,prototype_fragment,0.8
qproto_003_rule_lookup,frag_01382,prototype_fragment,0.62
qproto_003_rule_lookup,frag_01383,prototype_fragment,0.62
qproto_007_effective_date_lookup,frag_01387,prototype_fragment,0.85
qproto_007_effective_date_lookup,frag_01388,prototype_fragment,0.85
qproto_001_threshold_lookup,frag_01389,prototype_fragment,0.78
qproto_007_effective_date_lookup,frag_01389,prototype_fragment,0.85
qproto_004_exception_lookup,frag_01397,prototype_fragment,0.72
qproto_004_exception_lookup,frag_01398,prototype_fragment,0.72
qproto_004_exception_lookup,frag_01399,prototype_fragment,0.72
qproto_003_rule_lookup,frag_01402,prototype_fragment,0.62
qproto_003_rule_lookup,frag_01403,prototype_fragment,0.62
qproto_003_rule_lookup,frag_01404,prototype_fragment,0.62
qproto_006_applicability_check,frag_01428,prototype_fragment,0.7
qproto_006_applicability_check,frag_01430,prototype_fragment,0.7
qproto_001_threshold_lookup,frag_01435,prototype_fragment,0.78
qproto_001_threshold_lookup,frag_01453,prototype_fragment,0.78
qproto_002_metric_lookup,frag_01454,prototype_fragment,0.8
qproto_002_metric_lookup,frag_01459,prototype_fragment,0.8
qproto_001_threshold_lookup,frag_01464,prototype_fragment,0.78
qproto_002_metric_lookup,frag_01464,prototype_fragment,0.8
qproto_001_threshold_lookup,frag_01468,prototype_fragment,0.78
qproto_001_threshold_lookup,frag_01470,prototype_fragment,0.78
qproto_002_metric_lookup,frag_01471,prototype_fragment,0.8
qproto_002_metric_lookup,frag_01472,prototype_fragment,0.8
qproto_003_rule_lookup,frag_01488,prototype_fragment,0.62
qproto_003_rule_lookup,frag_01490,prototype_fragment,0.62
qproto_014_approval_lookup,frag_01491,prototype_fragment,0.9
qproto_004_exception_lookup,frag_01492,prototype_fragment,0.72
qproto_006_applicability_check,frag_01493,prototype_fragment,0.7
qproto_007_effective_date_lookup,frag_01493,prototype_fragment,0.85
qproto_006_applicability_check,frag_01494,prototype_fragment,0.7
qproto_002_metric_lookup,frag_01499,prototype_fragment,0.8
qproto_001_threshold_lookup,frag_01500,prototype_fragment,0.78
qproto_002_metric_lookup,frag_01500,prototype_fragment,0.8
qproto_003_rule_lookup,frag_01504,prototype_fragment,0.62
qproto_003_rule_lookup,frag_01506,prototype_fragment,0.62
qproto_004_exception_lookup,frag_01537,prototype_fragment,0.72
qproto_007_effective_date_lookup,frag_01541,prototype_fragment,0.85
qproto_001_threshold_lookup,frag_01542,prototype_fragment,0.78
qproto_007_effective_date_lookup,frag_01542,prototype_fragment,0.85
qproto_001_threshold_lookup,frag_01543,prototype_fragment,0.78
qproto_003_rule_lookup,frag_01544,prototype_fragment,0.62
qproto_003_rule_lookup,frag_01545,prototype_fragment,0.62
qproto_003_rule_lookup,frag_01548,prototype_fragment,0.62
qproto_001_threshold_lookup,frag_01551,prototype_fragment,0.78
qproto_005_variance_explanation,frag_01552,prototype_fragment,0.7
qproto_006_applicability_check,frag_01554,prototype_fragment,0.7
qproto_006_applicability_check,frag_01555,prototype_fragment,0.7
qproto_006_applicability_check,frag_01557,prototype_fragment,0.7
qproto_003_rule_lookup,frag_01557,prototype_fragment,0.62
qproto_003_rule_lookup,frag_01559,prototype_fragment,0.62
qproto_006_applicability_check,frag_01560,prototype_fragment,0.7
qproto_003_rule_lookup,frag_01561,prototype_fragment,0.62
qproto_001_threshold_lookup,frag_01565,prototype_fragment,0.78
qproto_001_threshold_lookup,frag_01566,prototype_fragment,0.78
qproto_002_metric_lookup,frag_01567,prototype_fragment,0.8
qproto_003_rule_lookup,frag_01568,prototype_fragment,0.62
qproto_005_variance_explanation,frag_01582,prototype_fragment,0.7
qproto_001_threshold_lookup,frag_01586,prototype_fragment,0.78
qproto_001_threshold_lookup,frag_01587,prototype_fragment,0.78
qproto_002_metric_lookup,frag_01595,prototype_fragment,0.8
qproto_001_threshold_lookup,frag_01596,prototype_fragment,0.78
qproto_004_exception_lookup,frag_01601,prototype_fragment,0.72
qproto_002_metric_lookup,frag_01607,prototype_fragment,0.8
qproto_002_metric_lookup,frag_01610,prototype_fragment,0.8
qproto_010_variance_explanation,frag_01610,prototype_fragment,0.7
qproto_001_threshold_lookup,frag_01612,prototype_fragment,0.78
qproto_004_exception_lookup,frag_01612,prototype_fragment,0.72
qproto_002_metric_lookup,frag_01612,prototype_fragment,0.8
qproto_010_variance_explanation,frag_01612,prototype_fragment,0.7
qproto_001_threshold_lookup,frag_01616,prototype_fragment,0.78
qproto_002_metric_lookup,frag_01616,prototype_fragment,0.8
qproto_001_threshold_lookup,frag_01617,prototype_fragment,0.78
qproto_001_threshold_lookup,frag_01618,prototype_fragment,0.78
qproto_001_threshold_lookup,frag_01620,prototype_fragment,0.78
qproto_002_metric_lookup,frag_01622,prototype_fragment,0.8
qproto_010_variance_explanation,frag_01622,prototype_fragment,0.7
qproto_001_threshold_lookup,frag_01625,prototype_fragment,0.78
qproto_001_threshold_lookup,frag_01636,prototype_fragment,0.78
qproto_001_threshold_lookup,frag_01638,prototype_fragment,0.78
qproto_005_variance_explanation,frag_01638,prototype_fragment,0.7
qproto_004_exception_lookup,frag_01648,prototype_fragment,0.72
qproto_004_exception_lookup,frag_01650,prototype_fragment,0.72
qproto_004_exception_lookup,frag_01671,prototype_fragment,0.72
qproto_005_variance_explanation,frag_01683,prototype_fragment,0.7
qproto_001_threshold_lookup,frag_01684,prototype_fragment,0.78
qproto_002_metric_lookup,frag_01684,prototype_fragment,0.8
qproto_005_variance_explanation,frag_01684,prototype_fragment,0.7
qproto_007_effective_date_lookup,frag_01687,prototype_fragment,0.85
qproto_006_applicability_check,frag_01687,prototype_fragment,0.7
qproto_001_threshold_lookup,frag_01690,prototype_fragment,0.78
qproto_001_threshold_lookup,frag_01703,prototype_fragment,0.78
qproto_003_rule_lookup,frag_01703,prototype_fragment,0.62
qproto_001_threshold_lookup,frag_01705,prototype_fragment,0.78
qproto_003_rule_lookup,frag_01705,prototype_fragment,0.62
qproto_004_exception_lookup,frag_01706,prototype_fragment,0.72
qproto_001_threshold_lookup,frag_01711,prototype_fragment,0.78
qproto_005_variance_explanation,frag_01719,prototype_fragment,0.7
qproto_005_variance_explanation,frag_01722,prototype_fragment,0.7
qproto_005_variance_explanation,frag_01723,prototype_fragment,0.7
qproto_005_variance_explanation,frag_01724,prototype_fragment,0.7
qproto_009_metric_lookup,frag_01725,prototype_fragment,0.8
qproto_005_variance_explanation,frag_01725,prototype_fragment,0.7
qproto_005_variance_explanation,frag_01726,prototype_fragment,0.7
qproto_009_metric_lookup,frag_01727,prototype_fragment,0.8
qproto_001_threshold_lookup,frag_01728,prototype_fragment,0.78
qproto_009_metric_lookup,frag_01728,prototype_fragment,0.8
qproto_005_variance_explanation,frag_01728,prototype_fragment,0.7
qproto_005_variance_explanation,frag_01729,prototype_fragment,0.7
qproto_001_threshold_lookup,frag_01730,prototype_fragment,0.78
qproto_009_metric_lookup,frag_01730,prototype_fragment,0.8
qproto_005_variance_explanation,frag_01730,prototype_fragment,0.7
qproto_005_variance_explanation,frag_01731,prototype_fragment,0.7
qproto_001_threshold_lookup,frag_01731,prototype_fragment,0.78
qproto_001_threshold_lookup,frag_01732,prototype_fragment,0.78
qproto_003_rule_lookup,frag_01734,prototype_fragment,0.62
qproto_004_exception_lookup,frag_01737,prototype_fragment,0.72
qproto_003_rule_lookup,frag_01739,prototype_fragment,0.62
qproto_003_rule_lookup,frag_01740,prototype_fragment,0.62
qproto_003_rule_lookup,frag_01741,prototype_fragment,0.62
qproto_002_metric_lookup,frag_01741,prototype_fragment,0.8
qproto_004_exception_lookup,frag_01742,prototype_fragment,0.72
qproto_003_rule_lookup,frag_01742,prototype_fragment,0.62
qproto_004_exception_lookup,frag_01743,prototype_fragment,0.72
qproto_003_rule_lookup,frag_01743,prototype_fragment,0.62
qproto_015_approval_lookup,frag_01744,prototype_fragment,0.9
qproto_002_metric_lookup,frag_01752,prototype_fragment,0.8
qproto_002_metric_lookup,frag_01756,prototype_fragment,0.8
qproto_002_metric_lookup,frag_01757,prototype_fragment,0.8
qproto_002_metric_lookup,frag_01759,prototype_fragment,0.8
qproto_005_variance_explanation,frag_01769,prototype_fragment,0.7
qproto_001_threshold_lookup,frag_01770,prototype_fragment,0.78
qproto_008_threshold_lookup,frag_01771,prototype_fragment,0.78
qproto_004_exception_lookup,frag_01774,prototype_fragment,0.72
qproto_004_exception_lookup,frag_01775,prototype_fragment,0.72
qproto_006_applicability_check,frag_01778,prototype_fragment,0.7
qproto_001_threshold_lookup,frag_01779,prototype_fragment,0.78
qproto_006_applicability_check,frag_01779,prototype_fragment,0.7
qproto_006_applicability_check,frag_01782,prototype_fragment,0.7
qproto_006_applicability_check,frag_01783,prototype_fragment,0.7
qproto_003_rule_lookup,frag_01792,prototype_fragment,0.62
qproto_002_metric_lookup,frag_01792,prototype_fragment,0.8
qproto_001_threshold_lookup,frag_01796,prototype_fragment,0.78
qproto_001_threshold_lookup,frag_01802,prototype_fragment,0.78
qproto_008_threshold_lookup,frag_01807,prototype_fragment,0.78
qproto_003_rule_lookup,frag_01807,prototype_fragment,0.62
qproto_001_threshold_lookup,frag_01808,prototype_fragment,0.78
qproto_006_applicability_check,frag_01823,prototype_fragment,0.7
qproto_004_exception_lookup,frag_01825,prototype_fragment,0.72
qproto_001_threshold_lookup,frag_01831,prototype_fragment,0.78
qproto_002_metric_lookup,frag_01831,prototype_fragment,0.8
qproto_002_metric_lookup,frag_01832,prototype_fragment,0.8
qproto_004_exception_lookup,frag_01834,prototype_fragment,0.72
qproto_002_metric_lookup,frag_01834,prototype_fragment,0.8
qproto_004_exception_lookup,frag_01836,prototype_fragment,0.72
qproto_002_metric_lookup,frag_01836,prototype_fragment,0.8
qproto_001_threshold_lookup,frag_01839,prototype_fragment,0.78
qproto_001_threshold_lookup,frag_01842,prototype_fragment,0.78
qproto_001_threshold_lookup,frag_01848,prototype_fragment,0.78
qproto_001_threshold_lookup,frag_01857,prototype_fragment,0.78
qproto_004_exception_lookup,frag_01869,prototype_fragment,0.72
qproto_004_exception_lookup,frag_01871,prototype_fragment,0.72
qproto_001_threshold_lookup,frag_01880,prototype_fragment,0.78
qproto_004_exception_lookup,frag_01880,prototype_fragment,0.72
qproto_001_threshold_lookup,frag_01881,prototype_fragment,0.78
qproto_003_rule_lookup,frag_01882,prototype_fragment,0.62
qproto_003_rule_lookup,frag_01883,prototype_fragment,0.62
qproto_003_rule_lookup,frag_01884,prototype_fragment,0.62
qproto_003_rule_lookup,frag_01885,prototype_fragment,0.62
qproto_007_effective_date_lookup,frag_01891,prototype_fragment,0.85
qproto_007_effective_date_lookup,frag_01893,prototype_fragment,0.85
qproto_001_threshold_lookup,frag_01894,prototype_fragment,0.78
qproto_007_effective_date_lookup,frag_01894,prototype_fragment,0.85
qproto_001_threshold_lookup,frag_01897,prototype_fragment,0.78
qproto_001_threshold_lookup,frag_01901,prototype_fragment,0.78
qproto_007_effective_date_lookup,frag_01907,prototype_fragment,0.85
qproto_002_metric_lookup,frag_01907,prototype_fragment,0.8
qproto_007_effective_date_lookup,frag_01908,prototype_fragment,0.85
qproto_007_effective_date_lookup,frag_01909,prototype_fragment,0.85
qproto_002_metric_lookup,frag_01909,prototype_fragment,0.8
qproto_001_threshold_lookup,frag_01912,prototype_fragment,0.78
qproto_001_threshold_lookup,frag_01914,prototype_fragment,0.78
qproto_001_threshold_lookup,frag_01917,prototype_fragment,0.78
qproto_001_threshold_lookup,frag_01918,prototype_fragment,0.78
qproto_008_threshold_lookup,frag_01919,prototype_fragment,0.78
qproto_001_threshold_lookup,frag_01922,prototype_fragment,0.78
qproto_001_threshold_lookup,frag_01924,prototype_fragment,0.78
qproto_001_threshold_lookup,frag_01926,prototype_fragment,0.78
qproto_003_rule_lookup,frag_01932,prototype_fragment,0.62
qproto_001_threshold_lookup,frag_01933,prototype_fragment,0.78
qproto_001_threshold_lookup,frag_01934,prototype_fragment,0.78
qproto_006_applicability_check,frag_01934,prototype_fragment,0.7
qproto_006_applicability_check,frag_01935,prototype_fragment,0.7
qproto_002_metric_lookup,frag_01936,prototype_fragment,0.8
qproto_002_metric_lookup,frag_01937,prototype_fragment,0.8
qproto_002_metric_lookup,frag_01940,prototype_fragment,0.8
qproto_002_metric_lookup,frag_01940,prototype_fragment,0.8
qproto_002_metric_lookup,frag_01942,prototype_fragment,0.8
qproto_003_rule_lookup,frag_01951,prototype_fragment,0.62
qproto_004_exception_lookup,frag_01952,prototype_fragment,0.72
qproto_003_rule_lookup,frag_01952,prototype_fragment,0.62
qproto_001_threshold_lookup,frag_01953,prototype_fragment,0.78
qproto_001_threshold_lookup,frag_01954,prototype_fragment,0.78
qproto_008_threshold_lookup,frag_01956,prototype_fragment,0.78
qproto_008_threshold_lookup,frag_01957,prototype_fragment,0.78
qproto_001_threshold_lookup,frag_01958,prototype_fragment,0.78
qproto_002_metric_lookup,frag_01959,prototype_fragment,0.8
qproto_002_metric_lookup,frag_01960,prototype_fragment,0.8
qproto_002_metric_lookup,frag_01961,prototype_fragment,0.8
qproto_002_metric_lookup,frag_01963,prototype_fragment,0.8
qproto_005_variance_explanation,frag_01964,prototype_fragment,0.7
qproto_002_metric_lookup,frag_01965,prototype_fragment,0.8
qproto_005_variance_explanation,frag_01965,prototype_fragment,0.7
qproto_001_threshold_lookup,frag_01966,prototype_fragment,0.78
qproto_002_metric_lookup,frag_01966,prototype_fragment,0.8
qproto_002_metric_lookup,frag_01967,prototype_fragment,0.8
qproto_008_threshold_lookup,frag_01973,prototype_fragment,0.78
qproto_002_metric_lookup,frag_01973,prototype_fragment,0.8
qproto_008_threshold_lookup,frag_01975,prototype_fragment,0.78
qproto_008_threshold_lookup,frag_01977,prototype_fragment,0.78
qproto_002_metric_lookup,frag_01977,prototype_fragment,0.8
qproto_004_exception_lookup,frag_01987,prototype_fragment,0.72
qproto_003_rule_lookup,frag_01987,prototype_fragment,0.62
qproto_004_exception_lookup,frag_01988,prototype_fragment,0.72
qproto_003_rule_lookup,frag_01988,prototype_fragment,0.62
qproto_003_rule_lookup,frag_01990,prototype_fragment,0.62
qproto_004_exception_lookup,frag_01992,prototype_fragment,0.72
qproto_008_threshold_lookup,frag_01996,prototype_fragment,0.78
qproto_003_rule_lookup,frag_02013,prototype_fragment,0.62
qproto_008_threshold_lookup,frag_02015,prototype_fragment,0.78
qproto_006_applicability_check,frag_02015,prototype_fragment,0.7
qproto_003_rule_lookup,frag_02015,prototype_fragment,0.62
qproto_008_threshold_lookup,frag_02017,prototype_fragment,0.78
qproto_003_rule_lookup,frag_02026,prototype_fragment,0.62
qproto_001_threshold_lookup,frag_02026,prototype_fragment,0.78
qproto_008_threshold_lookup,frag_02027,prototype_fragment,0.78
qproto_003_rule_lookup,frag_02027,prototype_fragment,0.62
qproto_001_threshold_lookup,frag_02032,prototype_fragment,0.78
qproto_001_threshold_lookup,frag_02033,prototype_fragment,0.78
qproto_003_rule_lookup,frag_02035,prototype_fragment,0.62
qproto_001_threshold_lookup,frag_02041,prototype_fragment,0.78
qproto_003_rule_lookup,frag_02041,prototype_fragment,0.62
qproto_002_metric_lookup,frag_02048,prototype_fragment,0.8
qproto_004_exception_lookup,frag_02049,prototype_fragment,0.72
qproto_002_metric_lookup,frag_02049,prototype_fragment,0.8
qproto_010_variance_explanation,frag_02049,prototype_fragment,0.7
qproto_001_threshold_lookup,frag_02051,prototype_fragment,0.78
qproto_004_exception_lookup,frag_02051,prototype_fragment,0.72
qproto_002_metric_lookup,frag_02051,prototype_fragment,0.8
qproto_010_variance_explanation,frag_02051,prototype_fragment,0.7
qproto_002_metric_lookup,frag_02053,prototype_fragment,0.8
qproto_002_metric_lookup,frag_02056,prototype_fragment,0.8
qproto_005_variance_explanation,frag_02056,prototype_fragment,0.7
qproto_005_variance_explanation,frag_02058,prototype_fragment,0.7
qproto_010_variance_explanation,frag_02060,prototype_fragment,0.7
qproto_002_metric_lookup,frag_02062,prototype_fragment,0.8
qproto_002_metric_lookup,frag_02063,prototype_fragment,0.8
qproto_008_threshold_lookup,frag_02065,prototype_fragment,0.78
qproto_007_effective_date_lookup,frag_02073,prototype_fragment,0.85
qproto_007_effective_date_lookup,frag_02075,prototype_fragment,0.85
qproto_004_exception_lookup,frag_02076,prototype_fragment,0.72
qproto_004_exception_lookup,frag_02077,prototype_fragment,0.72
qproto_001_threshold_lookup,frag_02084,prototype_fragment,0.78
qproto_002_metric_lookup,frag_02084,prototype_fragment,0.8
qproto_002_metric_lookup,frag_02085,prototype_fragment,0.8
qproto_003_rule_lookup,frag_02095,prototype_fragment,0.62
qproto_003_rule_lookup,frag_02096,prototype_fragment,0.62
qproto_008_threshold_lookup,frag_02098,prototype_fragment,0.78
qproto_006_applicability_check,frag_02099,prototype_fragment,0.7
qproto_003_rule_lookup,frag_02099,prototype_fragment,0.62
qproto_006_applicability_check,frag_02100,prototype_fragment,0.7
qproto_003_rule_lookup,frag_02100,prototype_fragment,0.62
qproto_006_applicability_check,frag_02105,prototype_fragment,0.7
qproto_003_rule_lookup,frag_02105,prototype_fragment,0.62
qproto_003_rule_lookup,frag_02106,prototype_fragment,0.62
qproto_001_threshold_lookup,frag_02109,prototype_fragment,0.78
qproto_003_rule_lookup,frag_02110,prototype_fragment,0.62
qproto_008_threshold_lookup,frag_02111,prototype_fragment,0.78
qproto_006_applicability_check,frag_02111,prototype_fragment,0.7
qproto_003_rule_lookup,frag_02111,prototype_fragment,0.62
qproto_002_metric_lookup,frag_02111,prototype_fragment,0.8
qproto_007_effective_date_lookup,frag_02114,prototype_fragment,0.85
qproto_001_threshold_lookup,frag_02121,prototype_fragment,0.78
qproto_008_threshold_lookup,frag_02123,prototype_fragment,0.78
qproto_004_exception_lookup,frag_02131,prototype_fragment,0.72
qproto_004_exception_lookup,frag_02134,prototype_fragment,0.72
qproto_002_metric_lookup,frag_02136,prototype_fragment,0.8
qproto_003_rule_lookup,frag_02142,prototype_fragment,0.62
qproto_003_rule_lookup,frag_02143,prototype_fragment,0.62
qproto_003_rule_lookup,frag_02145,prototype_fragment,0.62
qproto_008_threshold_lookup,frag_02153,prototype_fragment,0.78
qproto_002_metric_lookup,frag_02153,prototype_fragment,0.8
qproto_001_threshold_lookup,frag_02155,prototype_fragment,0.78
qproto_001_threshold_lookup,frag_02157,prototype_fragment,0.78
qproto_002_metric_lookup,frag_02159,prototype_fragment,0.8
qproto_001_threshold_lookup,frag_02165,prototype_fragment,0.78
qproto_001_threshold_lookup,frag_02166,prototype_fragment,0.78
qproto_002_metric_lookup,frag_02169,prototype_fragment,0.8
qproto_007_effective_date_lookup,frag_02175,prototype_fragment,0.85
qproto_002_metric_lookup,frag_02175,prototype_fragment,0.8
qproto_002_metric_lookup,frag_02180,prototype_fragment,0.8
qproto_004_exception_lookup,frag_02182,prototype_fragment,0.72
qproto_001_threshold_lookup,frag_02194,prototype_fragment,0.78
qproto_001_threshold_lookup,frag_02195,prototype_fragment,0.78
qproto_003_rule_lookup,frag_02195,prototype_fragment,0.62
qproto_002_metric_lookup,frag_02195,prototype_fragment,0.8
qproto_003_rule_lookup,frag_02202,prototype_fragment,0.62
qproto_003_rule_lookup,frag_02213,prototype_fragment,0.62
qproto_003_rule_lookup,frag_02214,prototype_fragment,0.62
qproto_007_effective_date_lookup,frag_02217,prototype_fragment,0.85
qproto_004_exception_lookup,frag_02220,prototype_fragment,0.72
qproto_003_rule_lookup,frag_02222,prototype_fragment,0.62
qproto_008_threshold_lookup,frag_02224,prototype_fragment,0.78
qproto_003_rule_lookup,frag_02224,prototype_fragment,0.62
qproto_005_variance_explanation,frag_02224,prototype_fragment,0.7
qproto_001_threshold_lookup,frag_02229,prototype_fragment,0.78
qproto_001_threshold_lookup,frag_02249,prototype_fragment,0.78
qproto_002_metric_lookup,frag_02249,prototype_fragment,0.8
qproto_002_metric_lookup,frag_02250,prototype_fragment,0.8
qproto_001_threshold_lookup,frag_02251,prototype_fragment,0.78
qproto_002_metric_lookup,frag_02251,prototype_fragment,0.8
qproto_007_effective_date_lookup,frag_02252,prototype_fragment,0.85
qproto_001_threshold_lookup,frag_02254,prototype_fragment,0.78
qproto_007_effective_date_lookup,frag_02254,prototype_fragment,0.85
qproto_008_threshold_lookup,frag_02257,prototype_fragment,0.78
qproto_007_effective_date_lookup,frag_02257,prototype_fragment,0.85
qproto_001_threshold_lookup,frag_02268,prototype_fragment,0.78
qproto_002_metric_lookup,frag_02268,prototype_fragment,0.8
qproto_006_applicability_check,frag_02281,prototype_fragment,0.7
qproto_002_metric_lookup,frag_02291,prototype_fragment,0.8
qproto_002_metric_lookup,frag_02292,prototype_fragment,0.8
qproto_002_metric_lookup,frag_02293,prototype_fragment,0.8
qproto_005_variance_explanation,frag_02297,prototype_fragment,0.7
qproto_005_variance_explanation,frag_02299,prototype_fragment,0.7
qproto_005_variance_explanation,frag_02302,prototype_fragment,0.7
qproto_003_rule_lookup,frag_02306,prototype_fragment,0.62
qproto_003_rule_lookup,frag_02307,prototype_fragment,0.62
qproto_007_effective_date_lookup,frag_02310,prototype_fragment,0.85
qproto_002_metric_lookup,frag_02329,prototype_fragment,0.8
qproto_005_variance_explanation,frag_02329,prototype_fragment,0.7
qproto_005_variance_explanation,frag_02331,prototype_fragment,0.7
qproto_002_metric_lookup,frag_02333,prototype_fragment,0.8
qproto_005_variance_explanation,frag_02333,prototype_fragment,0.7
qproto_005_variance_explanation,frag_02334,prototype_fragment,0.7
qproto_002_metric_lookup,frag_02335,prototype_fragment,0.8
qproto_002_metric_lookup,frag_02337,prototype_fragment,0.8
qproto_004_exception_lookup,frag_02338,prototype_fragment,0.72
qproto_004_exception_lookup,frag_02339,prototype_fragment,0.72
qproto_006_applicability_check,frag_02342,prototype_fragment,0.7
qproto_006_applicability_check,frag_02344,prototype_fragment,0.7
qproto_003_rule_lookup,frag_02344,prototype_fragment,0.62
qproto_006_applicability_check,frag_02345,prototype_fragment,0.7
qproto_006_applicability_check,frag_02347,prototype_fragment,0.7
qproto_007_effective_date_lookup,frag_02349,prototype_fragment,0.85
qproto_001_threshold_lookup,frag_02354,prototype_fragment,0.78
qproto_007_effective_date_lookup,frag_02356,prototype_fragment,0.85
qproto_001_threshold_lookup,frag_02374,prototype_fragment,0.78
qproto_005_variance_explanation,frag_02378,prototype_fragment,0.7
qproto_009_metric_lookup,frag_02379,prototype_fragment,0.8
qproto_009_metric_lookup,frag_02380,prototype_fragment,0.8
qproto_002_metric_lookup,frag_02381,prototype_fragment,0.8
qproto_001_threshold_lookup,frag_02382,prototype_fragment,0.78
qproto_004_exception_lookup,frag_02382,prototype_fragment,0.72
qproto_002_metric_lookup,frag_02382,prototype_fragment,0.8
qproto_001_threshold_lookup,frag_02385,prototype_fragment,0.78
qproto_003_rule_lookup,frag_02386,prototype_fragment,0.62
qproto_001_threshold_lookup,frag_02387,prototype_fragment,0.78
qproto_003_rule_lookup,frag_02387,prototype_fragment,0.62
qproto_001_threshold_lookup,frag_02389,prototype_fragment,0.78
qproto_001_threshold_lookup,frag_02390,prototype_fragment,0.78
qproto_001_threshold_lookup,frag_02392,prototype_fragment,0.78
qproto_001_threshold_lookup,frag_02396,prototype_fragment,0.78
qproto_001_threshold_lookup,frag_02398,prototype_fragment,0.78
qproto_004_exception_lookup,frag_02399,prototype_fragment,0.72
qproto_001_threshold_lookup,frag_02402,prototype_fragment,0.78
qproto_001_threshold_lookup,frag_02403,prototype_fragment,0.78
qproto_001_threshold_lookup,frag_02406,prototype_fragment,0.78
qproto_007_effective_date_lookup,frag_02406,prototype_fragment,0.85
qproto_004_exception_lookup,frag_02408,prototype_fragment,0.72
qproto_002_metric_lookup,frag_02408,prototype_fragment,0.8
qproto_001_threshold_lookup,frag_02409,prototype_fragment,0.78
qproto_002_metric_lookup,frag_02409,prototype_fragment,0.8
qproto_005_variance_explanation,frag_02409,prototype_fragment,0.7
qproto_005_variance_explanation,frag_02410,prototype_fragment,0.7
qproto_002_metric_lookup,frag_02411,prototype_fragment,0.8
qproto_005_variance_explanation,frag_02411,prototype_fragment,0.7
qproto_002_metric_lookup,frag_02413,prototype_fragment,0.8
qproto_005_variance_explanation,frag_02413,prototype_fragment,0.7
qproto_002_metric_lookup,frag_02415,prototype_fragment,0.8
qproto_005_variance_explanation,frag_02415,prototype_fragment,0.7
qproto_005_variance_explanation,frag_02416,prototype_fragment,0.7
qproto_002_metric_lookup,frag_02417,prototype_fragment,0.8
qproto_005_variance_explanation,frag_02417,prototype_fragment,0.7
qproto_005_variance_explanation,frag_02418,prototype_fragment,0.7
qproto_002_metric_lookup,frag_02419,prototype_fragment,0.8
qproto_005_variance_explanation,frag_02419,prototype_fragment,0.7
qproto_002_metric_lookup,frag_02421,prototype_fragment,0.8
qproto_004_exception_lookup,frag_02422,prototype_fragment,0.72
qproto_002_metric_lookup,frag_02422,prototype_fragment,0.8
qproto_002_metric_lookup,frag_02423,prototype_fragment,0.8
qproto_007_effective_date_lookup,frag_02438,prototype_fragment,0.85
qproto_003_rule_lookup,frag_02440,prototype_fragment,0.62
qproto_002_metric_lookup,frag_02442,prototype_fragment,0.8
qproto_002_metric_lookup,frag_02443,prototype_fragment,0.8
qproto_001_threshold_lookup,frag_02453,prototype_fragment,0.78
qproto_002_metric_lookup,frag_02453,prototype_fragment,0.8
qproto_002_metric_lookup,frag_02455,prototype_fragment,0.8
qproto_001_threshold_lookup,frag_02469,prototype_fragment,0.78
qproto_007_effective_date_lookup,frag_02482,prototype_fragment,0.85
qproto_003_rule_lookup,frag_02482,prototype_fragment,0.62
qproto_003_rule_lookup,frag_02483,prototype_fragment,0.62
qproto_007_effective_date_lookup,frag_02486,prototype_fragment,0.85
qproto_003_rule_lookup,frag_02486,prototype_fragment,0.62
qproto_003_rule_lookup,frag_02487,prototype_fragment,0.62
qproto_007_effective_date_lookup,frag_02488,prototype_fragment,0.85
qproto_002_metric_lookup,frag_02493,prototype_fragment,0.8
qproto_003_rule_lookup,frag_02496,prototype_fragment,0.62
qproto_001_threshold_lookup,frag_02498,prototype_fragment,0.78
qproto_004_exception_lookup,frag_02502,prototype_fragment,0.72
qproto_001_threshold_lookup,frag_02503,prototype_fragment,0.78
qproto_001_threshold_lookup,frag_02504,prototype_fragment,0.78
qproto_004_exception_lookup,frag_02516,prototype_fragment,0.72
qproto_002_metric_lookup,frag_02516,prototype_fragment,0.8
qproto_002_metric_lookup,frag_02517,prototype_fragment,0.8
qproto_003_rule_lookup,frag_02518,prototype_fragment,0.62
qproto_002_metric_lookup,frag_02518,prototype_fragment,0.8
qproto_002_metric_lookup,frag_02519,prototype_fragment,0.8
qproto_008_threshold_lookup,frag_02520,prototype_fragment,0.78
qproto_002_metric_lookup,frag_02520,prototype_fragment,0.8
qproto_002_metric_lookup,frag_02521,prototype_fragment,0.8
qproto_001_threshold_lookup,frag_02522,prototype_fragment,0.78
qproto_002_metric_lookup,frag_02522,prototype_fragment,0.8
qproto_003_rule_lookup,frag_02541,prototype_fragment,0.62
qproto_001_threshold_lookup,frag_02545,prototype_fragment,0.78
qproto_001_threshold_lookup,frag_02546,prototype_fragment,0.78
qproto_001_threshold_lookup,frag_02547,prototype_fragment,0.78
qproto_001_threshold_lookup,frag_02548,prototype_fragment,0.78
qproto_001_threshold_lookup,frag_02549,prototype_fragment,0.78
qproto_004_exception_lookup,frag_02557,prototype_fragment,0.72
qproto_001_threshold_lookup,frag_02560,prototype_fragment,0.78
qproto_001_threshold_lookup,frag_02561,prototype_fragment,0.78
qproto_001_threshold_lookup,frag_02568,prototype_fragment,0.78
qproto_001_threshold_lookup,frag_02581,prototype_fragment,0.78
qproto_005_variance_explanation,frag_02585,prototype_fragment,0.7
qproto_005_variance_explanation,frag_02586,prototype_fragment,0.7
qproto_001_threshold_lookup,frag_02591,prototype_fragment,0.78
qproto_002_metric_lookup,frag_02605,prototype_fragment,0.8
qproto_002_metric_lookup,frag_02606,prototype_fragment,0.8
qproto_005_variance_explanation,frag_02606,prototype_fragment,0.7
qproto_002_metric_lookup,frag_02607,prototype_fragment,0.8
qproto_005_variance_explanation,frag_02607,prototype_fragment,0.7
qproto_002_metric_lookup,frag_02608,prototype_fragment,0.8
qproto_002_metric_lookup,frag_02609,prototype_fragment,0.8
qproto_002_metric_lookup,frag_02610,prototype_fragment,0.8
qproto_005_variance_explanation,frag_02610,prototype_fragment,0.7
qproto_002_metric_lookup,frag_02611,prototype_fragment,0.8
qproto_005_variance_explanation,frag_02611,prototype_fragment,0.7
qproto_002_metric_lookup,frag_02612,prototype_fragment,0.8
qproto_002_metric_lookup,frag_02616,prototype_fragment,0.8
qproto_003_rule_lookup,frag_02617,prototype_fragment,0.62
qproto_002_metric_lookup,frag_02617,prototype_fragment,0.8
qproto_003_rule_lookup,frag_02619,prototype_fragment,0.62
qproto_006_applicability_check,frag_02626,prototype_fragment,0.7
qproto_004_exception_lookup,frag_02629,prototype_fragment,0.72
qproto_002_metric_lookup,frag_02634,prototype_fragment,0.8
qproto_002_metric_lookup,frag_02636,prototype_fragment,0.8
qproto_002_metric_lookup,frag_02639,prototype_fragment,0.8
qproto_004_exception_lookup,frag_02641,prototype_fragment,0.72
qproto_003_rule_lookup,frag_02641,prototype_fragment,0.62
qproto_006_applicability_check,frag_02642,prototype_fragment,0.7
qproto_004_exception_lookup,frag_02642,prototype_fragment,0.72
qproto_003_rule_lookup,frag_02642,prototype_fragment,0.62
qproto_010_variance_explanation,frag_02648,prototype_fragment,0.7
qproto_001_threshold_lookup,frag_02657,prototype_fragment,0.78
qproto_001_threshold_lookup,frag_02658,prototype_fragment,0.78
qproto_002_metric_lookup,frag_02659,prototype_fragment,0.8
qproto_005_variance_explanation,frag_02660,prototype_fragment,0.7
qproto_011_owner_lookup,frag_02671,prototype_fragment,0.8
qproto_007_effective_date_lookup,frag_02671,prototype_fragment,0.85
qproto_015_approval_lookup,frag_02673,prototype_fragment,0.9
qproto_003_rule_lookup,frag_02673,prototype_fragment,0.62
qproto_015_approval_lookup,frag_02673,prototype_fragment,0.9
qproto_003_rule_lookup,frag_02675,prototype_fragment,0.62
qproto_010_variance_explanation,frag_02675,prototype_fragment,0.7
qproto_003_rule_lookup,frag_02675,prototype_fragment,0.62
qproto_011_owner_lookup,frag_02677,prototype_fragment,0.8
qproto_013_approval_lookup,frag_02679,prototype_fragment,0.9
qproto_013_approval_lookup,frag_02680,prototype_fragment,0.9
qproto_013_approval_lookup,frag_02681,prototype_fragment,0.9
qproto_013_approval_lookup,frag_02682,prototype_fragment,0.9
qproto_013_approval_lookup,frag_02683,prototype_fragment,0.9
qproto_013_approval_lookup,frag_02684,prototype_fragment,0.9
qproto_013_approval_lookup,frag_02685,prototype_fragment,0.9
qproto_013_approval_lookup,frag_02686,prototype_fragment,0.9
qproto_011_owner_lookup,frag_02687,prototype_fragment,0.8
qproto_009_metric_lookup,frag_02687,prototype_fragment,0.8
qproto_009_metric_lookup,frag_02690,prototype_fragment,0.8
qproto_002_metric_lookup,frag_02690,prototype_fragment,0.8
qproto_002_metric_lookup,frag_02692,prototype_fragment,0.8
qproto_010_variance_explanation,frag_02692,prototype_fragment,0.7
qproto_005_variance_explanation,frag_02692,prototype_fragment,0.7
qproto_002_metric_lookup,frag_02692,prototype_fragment,0.8
qproto_009_metric_lookup,frag_02694,prototype_fragment,0.8
qproto_002_metric_lookup,frag_02694,prototype_fragment,0.8
qproto_009_metric_lookup,frag_02696,prototype_fragment,0.8
qproto_014_approval_lookup,frag_02696,prototype_fragment,0.9
qproto_002_metric_lookup,frag_02696,prototype_fragment,0.8
qproto_006_applicability_check,frag_02699,prototype_fragment,0.7
qproto_007_effective_date_lookup,frag_02699,prototype_fragment,0.85
qproto_003_rule_lookup,frag_02701,prototype_fragment,0.62
qproto_014_approval_lookup,frag_02701,prototype_fragment,0.9
qproto_003_rule_lookup,frag_02701,prototype_fragment,0.62
qproto_014_approval_lookup,frag_02703,prototype_fragment,0.9
qproto_003_rule_lookup,frag_02703,prototype_fragment,0.62
qproto_011_owner_lookup,frag_02703,prototype_fragment,0.8
qproto_004_exception_lookup,frag_02705,prototype_fragment,0.72
qproto_003_rule_lookup,frag_02705,prototype_fragment,0.62
qproto_014_approval_lookup,frag_02705,prototype_fragment,0.9
qproto_003_rule_lookup,frag_02705,prototype_fragment,0.62
qproto_006_applicability_check,frag_02708,prototype_fragment,0.7
qproto_007_effective_date_lookup,frag_02708,prototype_fragment,0.85
qproto_015_approval_lookup,frag_02710,prototype_fragment,0.9
qproto_017_approval_lookup,frag_02710,prototype_fragment,0.9
qproto_003_rule_lookup,frag_02710,prototype_fragment,0.62
qproto_017_approval_lookup,frag_02710,prototype_fragment,0.9
qproto_017_approval_lookup,frag_02710,prototype_fragment,0.9
qproto_003_rule_lookup,frag_02710,prototype_fragment,0.62
qproto_004_exception_lookup,frag_02712,prototype_fragment,0.72
qproto_003_rule_lookup,frag_02712,prototype_fragment,0.62
qproto_012_sla_lookup,frag_02712,prototype_fragment,0.78
qproto_004_exception_lookup,frag_02712,prototype_fragment,0.72
qproto_011_owner_lookup,frag_02714,prototype_fragment,0.8
qproto_006_applicability_check,frag_02717,prototype_fragment,0.7
qproto_007_effective_date_lookup,frag_02717,prototype_fragment,0.85
qproto_008_threshold_lookup,frag_02719,prototype_fragment,0.78
qproto_003_rule_lookup,frag_02719,prototype_fragment,0.62
qproto_001_threshold_lookup,frag_02721,prototype_fragment,0.78
qproto_003_rule_lookup,frag_02721,prototype_fragment,0.62
qproto_015_approval_lookup,frag_02721,prototype_fragment,0.9
qproto_015_approval_lookup,frag_02723,prototype_fragment,0.9
qproto_004_exception_lookup,frag_02723,prototype_fragment,0.72
qproto_003_rule_lookup,frag_02723,prototype_fragment,0.62
qproto_011_owner_lookup,frag_02723,prototype_fragment,0.8
qproto_011_owner_lookup,frag_02729,prototype_fragment,0.8
qproto_006_applicability_check,frag_02729,prototype_fragment,0.7
qproto_007_effective_date_lookup,frag_02729,prototype_fragment,0.85
qproto_003_rule_lookup,frag_02732,prototype_fragment,0.62
qproto_012_sla_lookup,frag_02732,prototype_fragment,0.78
qproto_003_rule_lookup,frag_02734,prototype_fragment,0.62
qproto_011_owner_lookup,frag_02735,prototype_fragment,0.8
qproto_012_sla_lookup,frag_02738,prototype_fragment,0.78
qproto_016_escalation_lookup,frag_02738,prototype_fragment,0.76
qproto_011_owner_lookup,frag_02743,prototype_fragment,0.8
qproto_007_effective_date_lookup,frag_02743,prototype_fragment,0.85
qproto_012_sla_lookup,frag_02746,prototype_fragment,0.78
qproto_003_rule_lookup,frag_02751,prototype_fragment,0.62
qproto_016_escalation_lookup,frag_02751,prototype_fragment,0.76
qproto_012_sla_lookup,frag_02752,prototype_fragment,0.78
qproto_003_rule_lookup,frag_02754,prototype_fragment,0.62
qproto_012_sla_lookup,frag_02754,prototype_fragment,0.78
qproto_003_rule_lookup,frag_02754,prototype_fragment,0.62
qproto_016_escalation_lookup,frag_02754,prototype_fragment,0.76
qproto_011_owner_lookup,frag_02759,prototype_fragment,0.8
qproto_007_effective_date_lookup,frag_02759,prototype_fragment,0.85
qproto_006_applicability_check,frag_02759,prototype_fragment,0.7
qproto_014_approval_lookup,frag_02765,prototype_fragment,0.9
qproto_003_rule_lookup,frag_02765,prototype_fragment,0.62
qproto_003_rule_lookup,frag_02768,prototype_fragment,0.62
qproto_012_sla_lookup,frag_02768,prototype_fragment,0.78
qproto_016_escalation_lookup,frag_02768,prototype_fragment,0.76
qproto_001_threshold_lookup,role::amount_threshold,prototype_evidence,1.0
qproto_002_metric_lookup,role::metric,prototype_evidence,1.0
qproto_002_metric_lookup,role::value,prototype_evidence,1.0
qproto_003_rule_lookup,role::condition,prototype_evidence,1.0
qproto_003_rule_lookup,role::rule,prototype_evidence,1.0
qproto_004_exception_lookup,role::condition,prototype_evidence,1.0
qproto_004_exception_lookup,role::exception,prototype_evidence,1.0
qproto_005_variance_explanation,role::variance,prototype_evidence,1.0
qproto_005_variance_explanation,role::variance_driver,prototype_evidence,1.0
qproto_006_applicability_check,role::audience,prototype_evidence,1.0
qproto_006_applicability_check,role::scope,prototype_evidence,1.0
qproto_007_effective_date_lookup,role::effective_date,prototype_evidence,1.0
qproto_008_threshold_lookup,role::amount_threshold,prototype_evidence,1.0
qproto_008_threshold_lookup,role::region,prototype_evidence,1.0
qproto_009_metric_lookup,role::metric,prototype_evidence,1.0
qproto_009_metric_lookup,role::period,prototype_evidence,1.0
qproto_009_metric_lookup,role::value,prototype_evidence,1.0
qproto_010_variance_explanation,role::variance,prototype_evidence,1.0
qproto_011_owner_lookup,role::owner,prototype_evidence,1.0
qproto_012_sla_lookup,role::sla,prototype_evidence,1.0
qproto_013_approval_lookup,role::approver,prototype_evidence,1.0
qproto_013_approval_lookup,role::region,prototype_evidence,1.0
qproto_014_approval_lookup,role::approver,prototype_evidence,1.0
qproto_015_approval_lookup,role::amount_threshold,prototype_evidence,1.0
qproto_015_approval_lookup,role::approver,prototype_evidence,1.0
qproto_016_escalation_lookup,role::escalation_target,prototype_evidence,1.0
qproto_017_approval_lookup,role::amount_threshold,prototype_evidence,1.0
qproto_017_approval_lookup,role::approver,prototype_evidence,1.0
qproto_017_approval_lookup,role::region,prototype_evidence,1.0
qproto_001_threshold_lookup,class_005,prototype_class,1.0
qproto_002_metric_lookup,class_003,prototype_class,1.0
qproto_003_rule_lookup,class_001,prototype_class,1.0
qproto_004_exception_lookup,class_001,prototype_class,1.0
qproto_005_variance_explanation,class_004,prototype_class,1.0
qproto_006_applicability_check,class_001,prototype_class,1.0
qproto_007_effective_date_lookup,class_001,prototype_class,1.0
qproto_008_threshold_lookup,class_005,prototype_class,1.0
qproto_009_metric_lookup,class_003,prototype_class,1.0
qproto_010_variance_explanation,class_004,prototype_class,1.0
qproto_011_owner_lookup,class_001,prototype_class,1.0
qproto_012_sla_lookup,class_001,prototype_class,1.0
qproto_013_approval_lookup,class_002,prototype_class,1.0
qproto_014_approval_lookup,class_002,prototype_class,1.0
qproto_015_approval_lookup,class_002,prototype_class,1.0
qproto_016_escalation_lookup,class_001,prototype_class,1.0
qproto_017_approval_lookup,class_002,prototype_class,1.0
frag_00004,role::metric,fragment_evidence,1.0
frag_00004,role::value,fragment_evidence,1.0
frag_00005,role::rule,fragment_evidence,1.0
frag_00006,role::metric,fragment_evidence,1.0
frag_00006,role::value,fragment_evidence,1.0
frag_00025,role::exception,fragment_evidence,1.0
frag_00025,role::condition,fragment_evidence,1.0
frag_00027,role::exception,fragment_evidence,1.0
frag_00027,role::condition,fragment_evidence,1.0
frag_00028,role::exception,fragment_evidence,1.0
frag_00028,role::condition,fragment_evidence,1.0
frag_00029,role::amount_threshold,fragment_evidence,1.0
frag_00034,role::amount_threshold,fragment_evidence,1.0
frag_00037,role::amount_threshold,fragment_evidence,1.0
frag_00041,role::rule,fragment_evidence,1.0
frag_00043,role::amount_threshold,fragment_evidence,1.0
frag_00047,role::exception,fragment_evidence,1.0
frag_00047,role::condition,fragment_evidence,1.0
frag_00048,role::amount_threshold,fragment_evidence,1.0
frag_00049,role::amount_threshold,fragment_evidence,1.0
frag_00066,role::exception,fragment_evidence,1.0
frag_00066,role::condition,fragment_evidence,1.0
frag_00071,role::rule,fragment_evidence,1.0
frag_00072,role::rule,fragment_evidence,1.0
frag_00072,role::metric,fragment_evidence,1.0
frag_00072,role::value,fragment_evidence,1.0
frag_00084,role::amount_threshold,fragment_evidence,1.0
frag_00084,role::effective_date,fragment_evidence,1.0
frag_00085,role::amount_threshold,fragment_evidence,1.0
frag_00092,role::region,fragment_evidence,1.0
frag_00092,role::amount_threshold,fragment_evidence,1.0
frag_00092,role::metric,fragment_evidence,1.0
frag_00092,role::value,fragment_evidence,1.0
frag_00099,role::metric,fragment_evidence,1.0
frag_00099,role::value,fragment_evidence,1.0
frag_00104,role::metric,fragment_evidence,1.0
frag_00104,role::value,fragment_evidence,1.0
frag_00110,role::effective_date,fragment_evidence,1.0
frag_00125,role::metric,fragment_evidence,1.0
frag_00125,role::value,fragment_evidence,1.0
frag_00129,role::rule,fragment_evidence,1.0
frag_00131,role::rule,fragment_evidence,1.0
frag_00131,role::metric,fragment_evidence,1.0
frag_00131,role::value,fragment_evidence,1.0
frag_00133,role::rule,fragment_evidence,1.0
frag_00137,role::exception,fragment_evidence,1.0
frag_00137,role::condition,fragment_evidence,1.0
frag_00137,role::metric,fragment_evidence,1.0
frag_00137,role::value,fragment_evidence,1.0
frag_00139,role::exception,fragment_evidence,1.0
frag_00139,role::condition,fragment_evidence,1.0
frag_00140,role::amount_threshold,fragment_evidence,1.0
frag_00150,role::variance,fragment_evidence,1.0
frag_00150,role::variance_driver,fragment_evidence,1.0
frag_00157,role::variance_driver,fragment_evidence,1.0
frag_00160,role::metric,fragment_evidence,1.0
frag_00160,role::value,fragment_evidence,1.0
frag_00164,role::metric,fragment_evidence,1.0
frag_00164,role::value,fragment_evidence,1.0
frag_00164,role::variance,fragment_evidence,1.0
frag_00164,role::variance_driver,fragment_evidence,1.0
frag_00170,role::amount_threshold,fragment_evidence,1.0
frag_00171,role::amount_threshold,fragment_evidence,1.0
frag_00174,role::effective_date,fragment_evidence,1.0
frag_00174,role::exception,fragment_evidence,1.0
frag_00174,role::condition,fragment_evidence,1.0
frag_00177,role::region,fragment_evidence,1.0
frag_00177,role::amount_threshold,fragment_evidence,1.0
frag_00181,role::region,fragment_evidence,1.0
frag_00181,role::amount_threshold,fragment_evidence,1.0
frag_00192,role::amount_threshold,fragment_evidence,1.0
frag_00196,role::effective_date,fragment_evidence,1.0
frag_00198,role::effective_date,fragment_evidence,1.0
frag_00199,role::amount_threshold,fragment_evidence,1.0
frag_00199,role::metric,fragment_evidence,1.0
frag_00199,role::value,fragment_evidence,1.0
frag_00200,role::exception,fragment_evidence,1.0
frag_00200,role::condition,fragment_evidence,1.0
frag_00200,role::metric,fragment_evidence,1.0
frag_00200,role::value,fragment_evidence,1.0
frag_00204,role::rule,fragment_evidence,1.0
frag_00208,role::amount_threshold,fragment_evidence,1.0
frag_00210,role::amount_threshold,fragment_evidence,1.0
frag_00211,role::amount_threshold,fragment_evidence,1.0
frag_00215,role::variance,fragment_evidence,1.0
frag_00215,role::variance_driver,fragment_evidence,1.0
frag_00216,role::metric,fragment_evidence,1.0
frag_00216,role::value,fragment_evidence,1.0
frag_00216,role::period,fragment_evidence,1.0
frag_00217,role::metric,fragment_evidence,1.0
frag_00217,role::value,fragment_evidence,1.0
frag_00217,role::period,fragment_evidence,1.0
frag_00218,role::metric,fragment_evidence,1.0
frag_00218,role::value,fragment_evidence,1.0
frag_00227,role::rule,fragment_evidence,1.0
frag_00228,role::rule,fragment_evidence,1.0
frag_00240,role::metric,fragment_evidence,1.0
frag_00240,role::value,fragment_evidence,1.0
frag_00247,role::sla,fragment_evidence,1.0
frag_00253,role::amount_threshold,fragment_evidence,1.0
frag_00262,role::metric,fragment_evidence,1.0
frag_00262,role::value,fragment_evidence,1.0
frag_00262,role::period,fragment_evidence,1.0
frag_00263,role::metric,fragment_evidence,1.0
frag_00263,role::value,fragment_evidence,1.0
frag_00263,role::period,fragment_evidence,1.0
frag_00264,role::variance_driver,fragment_evidence,1.0
frag_00265,role::metric,fragment_evidence,1.0
frag_00265,role::value,fragment_evidence,1.0
frag_00265,role::period,fragment_evidence,1.0
frag_00267,role::metric,fragment_evidence,1.0
frag_00267,role::value,fragment_evidence,1.0
frag_00267,role::period,fragment_evidence,1.0
frag_00268,role::metric,fragment_evidence,1.0
frag_00268,role::value,fragment_evidence,1.0
frag_00269,role::metric,fragment_evidence,1.0
frag_00269,role::value,fragment_evidence,1.0
frag_00269,role::period,fragment_evidence,1.0
frag_00270,role::metric,fragment_evidence,1.0
frag_00270,role::value,fragment_evidence,1.0
frag_00274,role::exception,fragment_evidence,1.0
frag_00274,role::condition,fragment_evidence,1.0
frag_00279,role::amount_threshold,fragment_evidence,1.0
frag_00281,role::amount_threshold,fragment_evidence,1.0
frag_00284,role::metric,fragment_evidence,1.0
frag_00284,role::value,fragment_evidence,1.0
frag_00285,role::variance_driver,fragment_evidence,1.0
frag_00289,role::variance_driver,fragment_evidence,1.0
frag_00290,role::variance_driver,fragment_evidence,1.0
frag_00297,role::scope,fragment_evidence,1.0
frag_00297,role::audience,fragment_evidence,1.0
frag_00300,role::amount_threshold,fragment_evidence,1.0
frag_00300,role::amount_threshold,fragment_evidence,1.0
frag_00302,role::amount_threshold,fragment_evidence,1.0
frag_00309,role::exception,fragment_evidence,1.0
frag_00309,role::condition,fragment_evidence,1.0
frag_00316,role::region,fragment_evidence,1.0
frag_00316,role::amount_threshold,fragment_evidence,1.0
frag_00318,role::scope,fragment_evidence,1.0
frag_00318,role::audience,fragment_evidence,1.0
frag_00320,role::amount_threshold,fragment_evidence,1.0
frag_00326,role::exception,fragment_evidence,1.0
frag_00326,role::condition,fragment_evidence,1.0
frag_00343,role::variance_driver,fragment_evidence,1.0
frag_00346,role::amount_threshold,fragment_evidence,1.0
frag_00347,role::amount_threshold,fragment_evidence,1.0
frag_00349,role::exception,fragment_evidence,1.0
frag_00349,role::condition,fragment_evidence,1.0
frag_00349,role::rule,fragment_evidence,1.0
frag_00359,role::variance_driver,fragment_evidence,1.0
frag_00360,role::amount_threshold,fragment_evidence,1.0
frag_00360,role::metric,fragment_evidence,1.0
frag_00360,role::value,fragment_evidence,1.0
frag_00360,role::variance,fragment_evidence,1.0
frag_00360,role::variance_driver,fragment_evidence,1.0
frag_00369,role::amount_threshold,fragment_evidence,1.0
frag_00374,role::amount_threshold,fragment_evidence,1.0
frag_00375,role::amount_threshold,fragment_evidence,1.0
frag_00380,role::amount_threshold,fragment_evidence,1.0
frag_00381,role::amount_threshold,fragment_evidence,1.0
frag_00382,role::amount_threshold,fragment_evidence,1.0
frag_00389,role::exception,fragment_evidence,1.0
frag_00389,role::condition,fragment_evidence,1.0
frag_00390,role::amount_threshold,fragment_evidence,1.0
frag_00390,role::exception,fragment_evidence,1.0
frag_00390,role::condition,fragment_evidence,1.0
frag_00393,role::metric,fragment_evidence,1.0
frag_00393,role::value,fragment_evidence,1.0
frag_00397,role::amount_threshold,fragment_evidence,1.0
frag_00398,role::amount_threshold,fragment_evidence,1.0
frag_00398,role::effective_date,fragment_evidence,1.0
frag_00398,role::scope,fragment_evidence,1.0
frag_00398,role::audience,fragment_evidence,1.0
frag_00400,role::metric,fragment_evidence,1.0
frag_00400,role::value,fragment_evidence,1.0
frag_00402,role::amount_threshold,fragment_evidence,1.0
frag_00402,role::metric,fragment_evidence,1.0
frag_00402,role::value,fragment_evidence,1.0
frag_00408,role::exception,fragment_evidence,1.0
frag_00408,role::condition,fragment_evidence,1.0
frag_00409,role::exception,fragment_evidence,1.0
frag_00409,role::condition,fragment_evidence,1.0
frag_00415,role::metric,fragment_evidence,1.0
frag_00415,role::value,fragment_evidence,1.0
frag_00416,role::metric,fragment_evidence,1.0
frag_00416,role::value,fragment_evidence,1.0
frag_00417,role::metric,fragment_evidence,1.0
frag_00417,role::value,fragment_evidence,1.0
frag_00418,role::metric,fragment_evidence,1.0
frag_00418,role::value,fragment_evidence,1.0
frag_00419,role::rule,fragment_evidence,1.0
frag_00422,role::rule,fragment_evidence,1.0
frag_00422,role::metric,fragment_evidence,1.0
frag_00422,role::value,fragment_evidence,1.0
frag_00424,role::metric,fragment_evidence,1.0
frag_00424,role::value,fragment_evidence,1.0
frag_00425,role::scope,fragment_evidence,1.0
frag_00425,role::audience,fragment_evidence,1.0
frag_00426,role::scope,fragment_evidence,1.0
frag_00426,role::audience,fragment_evidence,1.0
frag_00426,role::variance,fragment_evidence,1.0
frag_00426,role::variance_driver,fragment_evidence,1.0
frag_00437,role::rule,fragment_evidence,1.0
frag_00437,role::metric,fragment_evidence,1.0
frag_00437,role::value,fragment_evidence,1.0
frag_00438,role::metric,fragment_evidence,1.0
frag_00438,role::value,fragment_evidence,1.0
frag_00452,role::amount_threshold,fragment_evidence,1.0
frag_00452,role::metric,fragment_evidence,1.0
frag_00452,role::value,fragment_evidence,1.0
frag_00454,role::metric,fragment_evidence,1.0
frag_00454,role::value,fragment_evidence,1.0
frag_00455,role::metric,fragment_evidence,1.0
frag_00455,role::value,fragment_evidence,1.0
frag_00456,role::metric,fragment_evidence,1.0
frag_00456,role::value,fragment_evidence,1.0
frag_00457,role::metric,fragment_evidence,1.0
frag_00457,role::value,fragment_evidence,1.0
frag_00458,role::amount_threshold,fragment_evidence,1.0
frag_00458,role::metric,fragment_evidence,1.0
frag_00458,role::value,fragment_evidence,1.0
frag_00460,role::amount_threshold,fragment_evidence,1.0
frag_00460,role::metric,fragment_evidence,1.0
frag_00460,role::value,fragment_evidence,1.0
frag_00468,role::scope,fragment_evidence,1.0
frag_00468,role::audience,fragment_evidence,1.0
frag_00468,role::exception,fragment_evidence,1.0
frag_00468,role::condition,fragment_evidence,1.0
frag_00470,role::amount_threshold,fragment_evidence,1.0
frag_00470,role::scope,fragment_evidence,1.0
frag_00470,role::audience,fragment_evidence,1.0
frag_00470,role::metric,fragment_evidence,1.0
frag_00470,role::value,fragment_evidence,1.0
frag_00475,role::exception,fragment_evidence,1.0
frag_00475,role::condition,fragment_evidence,1.0
frag_00476,role::amount_threshold,fragment_evidence,1.0
frag_00476,role::rule,fragment_evidence,1.0
frag_00476,role::metric,fragment_evidence,1.0
frag_00476,role::value,fragment_evidence,1.0
frag_00479,role::amount_threshold,fragment_evidence,1.0
frag_00479,role::rule,fragment_evidence,1.0
frag_00480,role::amount_threshold,fragment_evidence,1.0
frag_00480,role::rule,fragment_evidence,1.0
frag_00486,role::amount_threshold,fragment_evidence,1.0
frag_00486,role::metric,fragment_evidence,1.0
frag_00486,role::value,fragment_evidence,1.0
frag_00487,role::amount_threshold,fragment_evidence,1.0
frag_00490,role::amount_threshold,fragment_evidence,1.0
frag_00497,role::metric,fragment_evidence,1.0
frag_00497,role::value,fragment_evidence,1.0
frag_00499,role::region,fragment_evidence,1.0
frag_00499,role::amount_threshold,fragment_evidence,1.0
frag_00499,role::metric,fragment_evidence,1.0
frag_00499,role::value,fragment_evidence,1.0
frag_00502,role::amount_threshold,fragment_evidence,1.0
frag_00502,role::metric,fragment_evidence,1.0
frag_00502,role::value,fragment_evidence,1.0
frag_00505,role::metric,fragment_evidence,1.0
frag_00505,role::value,fragment_evidence,1.0
frag_00509,role::amount_threshold,fragment_evidence,1.0
frag_00509,role::metric,fragment_evidence,1.0
frag_00509,role::value,fragment_evidence,1.0
frag_00533,role::scope,fragment_evidence,1.0
frag_00533,role::audience,fragment_evidence,1.0
frag_00540,role::exception,fragment_evidence,1.0
frag_00540,role::condition,fragment_evidence,1.0
frag_00545,role::metric,fragment_evidence,1.0
frag_00545,role::value,fragment_evidence,1.0
frag_00546,role::amount_threshold,fragment_evidence,1.0
frag_00553,role::scope,fragment_evidence,1.0
frag_00553,role::audience,fragment_evidence,1.0
frag_00553,role::rule,fragment_evidence,1.0
frag_00554,role::rule,fragment_evidence,1.0
frag_00576,role::amount_threshold,fragment_evidence,1.0
frag_00577,role::amount_threshold,fragment_evidence,1.0
frag_00579,role::effective_date,fragment_evidence,1.0
frag_00581,role::amount_threshold,fragment_evidence,1.0
frag_00581,role::exception,fragment_evidence,1.0
frag_00581,role::condition,fragment_evidence,1.0
frag_00581,role::metric,fragment_evidence,1.0
frag_00581,role::value,fragment_evidence,1.0
frag_00584,role::amount_threshold,fragment_evidence,1.0
frag_00585,role::rule,fragment_evidence,1.0
frag_00586,role::amount_threshold,fragment_evidence,1.0
frag_00586,role::rule,fragment_evidence,1.0
frag_00588,role::scope,fragment_evidence,1.0
frag_00588,role::audience,fragment_evidence,1.0
frag_00588,role::rule,fragment_evidence,1.0
frag_00590,role::scope,fragment_evidence,1.0
frag_00590,role::audience,fragment_evidence,1.0
frag_00592,role::scope,fragment_evidence,1.0
frag_00592,role::audience,fragment_evidence,1.0
frag_00602,role::variance,fragment_evidence,1.0
frag_00605,role::variance_driver,fragment_evidence,1.0
frag_00609,role::variance_driver,fragment_evidence,1.0
frag_00615,role::variance,fragment_evidence,1.0
frag_00615,role::variance_driver,fragment_evidence,1.0
frag_00618,role::rule,fragment_evidence,1.0
frag_00619,role::exception,fragment_evidence,1.0
frag_00619,role::condition,fragment_evidence,1.0
frag_00622,role::rule,fragment_evidence,1.0
frag_00624,role::exception,fragment_evidence,1.0
frag_00624,role::condition,fragment_evidence,1.0
frag_00624,role::rule,fragment_evidence,1.0
frag_00627,role::amount_threshold,fragment_evidence,1.0
frag_00627,role::metric,fragment_evidence,1.0
frag_00627,role::value,fragment_evidence,1.0
frag_00628,role::amount_threshold,fragment_evidence,1.0
frag_00628,role::effective_date,fragment_evidence,1.0
frag_00628,role::metric,fragment_evidence,1.0
frag_00628,role::value,fragment_evidence,1.0
frag_00632,role::variance_driver,fragment_evidence,1.0
frag_00635,role::effective_date,fragment_evidence,1.0
frag_00635,role::variance,fragment_evidence,1.0
frag_00635,role::variance_driver,fragment_evidence,1.0
frag_00636,role::variance_driver,fragment_evidence,1.0
frag_00641,role::variance_driver,fragment_evidence,1.0
frag_00643,role::variance_driver,fragment_evidence,1.0
frag_00645,role::region,fragment_evidence,1.0
frag_00645,role::amount_threshold,fragment_evidence,1.0
frag_00645,role::variance_driver,fragment_evidence,1.0
frag_00648,role::exception,fragment_evidence,1.0
frag_00648,role::condition,fragment_evidence,1.0
frag_00650,role::amount_threshold,fragment_evidence,1.0
frag_00651,role::amount_threshold,fragment_evidence,1.0
frag_00656,role::exception,fragment_evidence,1.0
frag_00656,role::condition,fragment_evidence,1.0
frag_00661,role::exception,fragment_evidence,1.0
frag_00661,role::condition,fragment_evidence,1.0
frag_00662,role::variance,fragment_evidence,1.0
frag_00662,role::metric,fragment_evidence,1.0
frag_00662,role::value,fragment_evidence,1.0
frag_00663,role::metric,fragment_evidence,1.0
frag_00663,role::value,fragment_evidence,1.0
frag_00663,role::variance,fragment_evidence,1.0
frag_00664,role::exception,fragment_evidence,1.0
frag_00664,role::condition,fragment_evidence,1.0
frag_00665,role::variance,fragment_evidence,1.0
frag_00665,role::metric,fragment_evidence,1.0
frag_00665,role::value,fragment_evidence,1.0
frag_00666,role::rule,fragment_evidence,1.0
frag_00666,role::metric,fragment_evidence,1.0
frag_00666,role::value,fragment_evidence,1.0
frag_00666,role::variance,fragment_evidence,1.0
frag_00667,role::metric,fragment_evidence,1.0
frag_00667,role::value,fragment_evidence,1.0
frag_00667,role::variance,fragment_evidence,1.0
frag_00667,role::variance_driver,fragment_evidence,1.0
frag_00668,role::metric,fragment_evidence,1.0
frag_00668,role::value,fragment_evidence,1.0
frag_00671,role::amount_threshold,fragment_evidence,1.0
frag_00685,role::metric,fragment_evidence,1.0
frag_00685,role::value,fragment_evidence,1.0
frag_00685,role::variance_driver,fragment_evidence,1.0
frag_00686,role::amount_threshold,fragment_evidence,1.0
frag_00686,role::metric,fragment_evidence,1.0
frag_00686,role::value,fragment_evidence,1.0
frag_00691,role::scope,fragment_evidence,1.0
frag_00691,role::audience,fragment_evidence,1.0
frag_00691,role::rule,fragment_evidence,1.0
frag_00697,role::region,fragment_evidence,1.0
frag_00697,role::amount_threshold,fragment_evidence,1.0
frag_00697,role::scope,fragment_evidence,1.0
frag_00697,role::audience,fragment_evidence,1.0
frag_00697,role::rule,fragment_evidence,1.0
frag_00697,role::metric,fragment_evidence,1.0
frag_00697,role::value,fragment_evidence,1.0
frag_00698,role::metric,fragment_evidence,1.0
frag_00698,role::value,fragment_evidence,1.0
frag_00699,role::metric,fragment_evidence,1.0
frag_00699,role::value,fragment_evidence,1.0
frag_00701,role::exception,fragment_evidence,1.0
frag_00701,role::condition,fragment_evidence,1.0
frag_00702,role::amount_threshold,fragment_evidence,1.0
frag_00704,role::amount_threshold,fragment_evidence,1.0
frag_00706,role::region,fragment_evidence,1.0
frag_00706,role::amount_threshold,fragment_evidence,1.0
frag_00709,role::amount_threshold,fragment_evidence,1.0
frag_00710,role::amount_threshold,fragment_evidence,1.0
frag_00711,role::scope,fragment_evidence,1.0
frag_00711,role::audience,fragment_evidence,1.0
frag_00713,role::scope,fragment_evidence,1.0
frag_00713,role::audience,fragment_evidence,1.0
frag_00714,role::exception,fragment_evidence,1.0
frag_00714,role::condition,fragment_evidence,1.0
frag_00716,role::exception,fragment_evidence,1.0
frag_00716,role::condition,fragment_evidence,1.0
frag_00719,role::amount_threshold,fragment_evidence,1.0
frag_00722,role::amount_threshold,fragment_evidence,1.0
frag_00735,role::amount_threshold,fragment_evidence,1.0
frag_00735,role::amount_threshold,fragment_evidence,1.0
frag_00737,role::amount_threshold,fragment_evidence,1.0
frag_00738,role::rule,fragment_evidence,1.0
frag_00753,role::amount_threshold,fragment_evidence,1.0
frag_00754,role::amount_threshold,fragment_evidence,1.0
frag_00759,role::metric,fragment_evidence,1.0
frag_00759,role::value,fragment_evidence,1.0
frag_00760,role::amount_threshold,fragment_evidence,1.0
frag_00761,role::amount_threshold,fragment_evidence,1.0
frag_00764,role::variance_driver,fragment_evidence,1.0
frag_00765,role::variance_driver,fragment_evidence,1.0
frag_00766,role::variance_driver,fragment_evidence,1.0
frag_00769,role::metric,fragment_evidence,1.0
frag_00769,role::value,fragment_evidence,1.0
frag_00772,role::metric,fragment_evidence,1.0
frag_00772,role::value,fragment_evidence,1.0
frag_00778,role::metric,fragment_evidence,1.0
frag_00778,role::value,fragment_evidence,1.0
frag_00779,role::metric,fragment_evidence,1.0
frag_00779,role::value,fragment_evidence,1.0
frag_00780,role::amount_threshold,fragment_evidence,1.0
frag_00785,role::amount_threshold,fragment_evidence,1.0
frag_00790,role::amount_threshold,fragment_evidence,1.0
frag_00790,role::metric,fragment_evidence,1.0
frag_00790,role::value,fragment_evidence,1.0
frag_00792,role::amount_threshold,fragment_evidence,1.0
frag_00796,role::amount_threshold,fragment_evidence,1.0
frag_00797,role::rule,fragment_evidence,1.0
frag_00799,role::amount_threshold,fragment_evidence,1.0
frag_00799,role::metric,fragment_evidence,1.0
frag_00799,role::value,fragment_evidence,1.0
frag_00808,role::metric,fragment_evidence,1.0
frag_00808,role::value,fragment_evidence,1.0
frag_00820,role::amount_threshold,fragment_evidence,1.0
frag_00822,role::rule,fragment_evidence,1.0
frag_00826,role::rule,fragment_evidence,1.0
frag_00826,role::metric,fragment_evidence,1.0
frag_00826,role::value,fragment_evidence,1.0
frag_00832,role::exception,fragment_evidence,1.0
frag_00832,role::condition,fragment_evidence,1.0
frag_00833,role::exception,fragment_evidence,1.0
frag_00833,role::condition,fragment_evidence,1.0
frag_00834,role::exception,fragment_evidence,1.0
frag_00834,role::condition,fragment_evidence,1.0
frag_00835,role::amount_threshold,fragment_evidence,1.0
frag_00835,role::exception,fragment_evidence,1.0
frag_00835,role::condition,fragment_evidence,1.0
frag_00836,role::rule,fragment_evidence,1.0
frag_00839,role::amount_threshold,fragment_evidence,1.0
frag_00839,role::rule,fragment_evidence,1.0
frag_00849,role::metric,fragment_evidence,1.0
frag_00849,role::value,fragment_evidence,1.0
frag_00850,role::metric,fragment_evidence,1.0
frag_00850,role::value,fragment_evidence,1.0
frag_00851,role::amount_threshold,fragment_evidence,1.0
frag_00851,role::exception,fragment_evidence,1.0
frag_00851,role::condition,fragment_evidence,1.0
frag_00851,role::metric,fragment_evidence,1.0
frag_00851,role::value,fragment_evidence,1.0
frag_00852,role::metric,fragment_evidence,1.0
frag_00852,role::value,fragment_evidence,1.0
frag_00854,role::amount_threshold,fragment_evidence,1.0
frag_00854,role::exception,fragment_evidence,1.0
frag_00854,role::condition,fragment_evidence,1.0
frag_00854,role::metric,fragment_evidence,1.0
frag_00854,role::value,fragment_evidence,1.0
frag_00861,role::metric,fragment_evidence,1.0
frag_00861,role::value,fragment_evidence,1.0
frag_00861,role::variance,fragment_evidence,1.0
frag_00862,role::variance_driver,fragment_evidence,1.0
frag_00869,role::metric,fragment_evidence,1.0
frag_00869,role::value,fragment_evidence,1.0
frag_00877,role::exception,fragment_evidence,1.0
frag_00877,role::condition,fragment_evidence,1.0
frag_00880,role::amount_threshold,fragment_evidence,1.0
frag_00880,role::rule,fragment_evidence,1.0
frag_00881,role::amount_threshold,fragment_evidence,1.0
frag_00881,role::rule,fragment_evidence,1.0
frag_00897,role::metric,fragment_evidence,1.0
frag_00897,role::value,fragment_evidence,1.0
frag_00902,role::variance_driver,fragment_evidence,1.0
frag_00906,role::variance_driver,fragment_evidence,1.0
frag_00907,role::region,fragment_evidence,1.0
frag_00907,role::amount_threshold,fragment_evidence,1.0
frag_00907,role::metric,fragment_evidence,1.0
frag_00907,role::value,fragment_evidence,1.0
frag_00924,role::metric,fragment_evidence,1.0
frag_00924,role::value,fragment_evidence,1.0
frag_00931,role::rule,fragment_evidence,1.0
frag_00933,role::scope,fragment_evidence,1.0
frag_00933,role::audience,fragment_evidence,1.0
frag_00934,role::region,fragment_evidence,1.0
frag_00934,role::amount_threshold,fragment_evidence,1.0
frag_00934,role::rule,fragment_evidence,1.0
frag_00936,role::rule,fragment_evidence,1.0
frag_00940,role::rule,fragment_evidence,1.0
frag_00942,role::rule,fragment_evidence,1.0
frag_00956,role::exception,fragment_evidence,1.0
frag_00956,role::condition,fragment_evidence,1.0
frag_00956,role::rule,fragment_evidence,1.0
frag_00957,role::scope,fragment_evidence,1.0
frag_00957,role::audience,fragment_evidence,1.0
frag_00957,role::exception,fragment_evidence,1.0
frag_00957,role::condition,fragment_evidence,1.0
frag_00957,role::rule,fragment_evidence,1.0
frag_00960,role::rule,fragment_evidence,1.0
frag_00962,role::variance_driver,fragment_evidence,1.0
frag_00964,role::variance_driver,fragment_evidence,1.0
frag_00966,role::variance_driver,fragment_evidence,1.0
frag_00967,role::metric,fragment_evidence,1.0
frag_00967,role::value,fragment_evidence,1.0
frag_00968,role::metric,fragment_evidence,1.0
frag_00968,role::value,fragment_evidence,1.0
frag_00983,role::amount_threshold,fragment_evidence,1.0
frag_00983,role::metric,fragment_evidence,1.0
frag_00983,role::value,fragment_evidence,1.0
frag_00984,role::amount_threshold,fragment_evidence,1.0
frag_00984,role::metric,fragment_evidence,1.0
frag_00984,role::value,fragment_evidence,1.0
frag_00985,role::rule,fragment_evidence,1.0
frag_00989,role::metric,fragment_evidence,1.0
frag_00989,role::value,fragment_evidence,1.0
frag_00990,role::effective_date,fragment_evidence,1.0
frag_00990,role::metric,fragment_evidence,1.0
frag_00990,role::value,fragment_evidence,1.0
frag_00992,role::effective_date,fragment_evidence,1.0
frag_00996,role::region,fragment_evidence,1.0
frag_00996,role::amount_threshold,fragment_evidence,1.0
frag_00999,role::region,fragment_evidence,1.0
frag_00999,role::amount_threshold,fragment_evidence,1.0
frag_00999,role::rule,fragment_evidence,1.0
frag_00999,role::metric,fragment_evidence,1.0
frag_00999,role::value,fragment_evidence,1.0
frag_01002,role::exception,fragment_evidence,1.0
frag_01002,role::condition,fragment_evidence,1.0
frag_01003,role::amount_threshold,fragment_evidence,1.0
frag_01003,role::exception,fragment_evidence,1.0
frag_01003,role::condition,fragment_evidence,1.0
frag_01003,role::metric,fragment_evidence,1.0
frag_01003,role::value,fragment_evidence,1.0
frag_01013,role::metric,fragment_evidence,1.0
frag_01013,role::value,fragment_evidence,1.0
frag_01019,role::sla,fragment_evidence,1.0
frag_01032,role::amount_threshold,fragment_evidence,1.0
frag_01033,role::amount_threshold,fragment_evidence,1.0
frag_01040,role::scope,fragment_evidence,1.0
frag_01040,role::audience,fragment_evidence,1.0
frag_01040,role::rule,fragment_evidence,1.0
frag_01042,role::amount_threshold,fragment_evidence,1.0
frag_01043,role::region,fragment_evidence,1.0
frag_01043,role::amount_threshold,fragment_evidence,1.0
frag_01043,role::metric,fragment_evidence,1.0
frag_01043,role::value,fragment_evidence,1.0
frag_01049,role::amount_threshold,fragment_evidence,1.0
frag_01051,role::rule,fragment_evidence,1.0
frag_01052,role::rule,fragment_evidence,1.0
frag_01054,role::rule,fragment_evidence,1.0
frag_01055,role::rule,fragment_evidence,1.0
frag_01055,role::metric,fragment_evidence,1.0
frag_01055,role::value,fragment_evidence,1.0
frag_01056,role::metric,fragment_evidence,1.0
frag_01056,role::value,fragment_evidence,1.0
frag_01064,role::region,fragment_evidence,1.0
frag_01064,role::amount_threshold,fragment_evidence,1.0
frag_01064,role::metric,fragment_evidence,1.0
frag_01064,role::value,fragment_evidence,1.0
frag_01069,role::amount_threshold,fragment_evidence,1.0
frag_01075,role::exception,fragment_evidence,1.0
frag_01075,role::condition,fragment_evidence,1.0
frag_01076,role::amount_threshold,fragment_evidence,1.0
frag_01077,role::region,fragment_evidence,1.0
frag_01077,role::amount_threshold,fragment_evidence,1.0
frag_01081,role::rule,fragment_evidence,1.0
frag_01081,role::rule,fragment_evidence,1.0
frag_01082,role::rule,fragment_evidence,1.0
frag_01089,role::amount_threshold,fragment_evidence,1.0
frag_01094,role::scope,fragment_evidence,1.0
frag_01094,role::audience,fragment_evidence,1.0
frag_01098,role::metric,fragment_evidence,1.0
frag_01098,role::value,fragment_evidence,1.0
frag_01102,role::variance_driver,fragment_evidence,1.0
frag_01106,role::variance_driver,fragment_evidence,1.0
frag_01107,role::region,fragment_evidence,1.0
frag_01107,role::amount_threshold,fragment_evidence,1.0
frag_01107,role::metric,fragment_evidence,1.0
frag_01107,role::value,fragment_evidence,1.0
frag_01116,role::metric,fragment_evidence,1.0
frag_01116,role::value,fragment_evidence,1.0
frag_01116,role::variance_driver,fragment_evidence,1.0
frag_01118,role::amount_threshold,fragment_evidence,1.0
frag_01118,role::variance,fragment_evidence,1.0
frag_01118,role::variance_driver,fragment_evidence,1.0
frag_01119,role::metric,fragment_evidence,1.0
frag_01119,role::value,fragment_evidence,1.0
frag_01134,role::amount_threshold,fragment_evidence,1.0
frag_01138,role::amount_threshold,fragment_evidence,1.0
frag_01139,role::amount_threshold,fragment_evidence,1.0
frag_01140,role::amount_threshold,fragment_evidence,1.0
frag_01145,role::rule,fragment_evidence,1.0
frag_01146,role::rule,fragment_evidence,1.0
frag_01147,role::amount_threshold,fragment_evidence,1.0
frag_01153,role::amount_threshold,fragment_evidence,1.0
frag_01160,role::exception,fragment_evidence,1.0
frag_01160,role::condition,fragment_evidence,1.0
frag_01163,role::metric,fragment_evidence,1.0
frag_01163,role::value,fragment_evidence,1.0
frag_01174,role::amount_threshold,fragment_evidence,1.0
frag_01174,role::exception,fragment_evidence,1.0
frag_01174,role::condition,fragment_evidence,1.0
frag_01175,role::scope,fragment_evidence,1.0
frag_01175,role::audience,fragment_evidence,1.0
frag_01176,role::region,fragment_evidence,1.0
frag_01176,role::amount_threshold,fragment_evidence,1.0
frag_01176,role::scope,fragment_evidence,1.0
frag_01176,role::audience,fragment_evidence,1.0
frag_01178,role::amount_threshold,fragment_evidence,1.0
frag_01180,role::amount_threshold,fragment_evidence,1.0
frag_01185,role::scope,fragment_evidence,1.0
frag_01185,role::audience,fragment_evidence,1.0
frag_01187,role::amount_threshold,fragment_evidence,1.0
frag_01187,role::scope,fragment_evidence,1.0
frag_01187,role::audience,fragment_evidence,1.0
frag_01189,role::region,fragment_evidence,1.0
frag_01189,role::amount_threshold,fragment_evidence,1.0
frag_01190,role::amount_threshold,fragment_evidence,1.0
frag_01196,role::exception,fragment_evidence,1.0
frag_01196,role::condition,fragment_evidence,1.0
frag_01198,role::scope,fragment_evidence,1.0
frag_01198,role::audience,fragment_evidence,1.0
frag_01199,role::scope,fragment_evidence,1.0
frag_01199,role::audience,fragment_evidence,1.0
frag_01200,role::scope,fragment_evidence,1.0
frag_01200,role::audience,fragment_evidence,1.0
frag_01206,role::exception,fragment_evidence,1.0
frag_01206,role::condition,fragment_evidence,1.0
frag_01207,role::metric,fragment_evidence,1.0
frag_01207,role::value,fragment_evidence,1.0
frag_01208,role::metric,fragment_evidence,1.0
frag_01208,role::value,fragment_evidence,1.0
frag_01220,role::scope,fragment_evidence,1.0
frag_01220,role::audience,fragment_evidence,1.0
frag_01221,role::amount_threshold,fragment_evidence,1.0
frag_01224,role::amount_threshold,fragment_evidence,1.0
frag_01255,role::rule,fragment_evidence,1.0
frag_01257,role::rule,fragment_evidence,1.0
frag_01258,role::rule,fragment_evidence,1.0
frag_01267,role::amount_threshold,fragment_evidence,1.0
frag_01280,role::exception,fragment_evidence,1.0
frag_01280,role::condition,fragment_evidence,1.0
frag_01289,role::variance_driver,fragment_evidence,1.0
frag_01290,role::variance_driver,fragment_evidence,1.0
frag_01293,role::amount_threshold,fragment_evidence,1.0
frag_01295,role::amount_threshold,fragment_evidence,1.0
frag_01296,role::amount_threshold,fragment_evidence,1.0
frag_01299,role::variance_driver,fragment_evidence,1.0
frag_01300,role::exception,fragment_evidence,1.0
frag_01300,role::condition,fragment_evidence,1.0
frag_01302,role::exception,fragment_evidence,1.0
frag_01302,role::condition,fragment_evidence,1.0
frag_01308,role::amount_threshold,fragment_evidence,1.0
frag_01309,role::amount_threshold,fragment_evidence,1.0
frag_01309,role::metric,fragment_evidence,1.0
frag_01309,role::value,fragment_evidence,1.0
frag_01311,role::amount_threshold,fragment_evidence,1.0
frag_01327,role::exception,fragment_evidence,1.0
frag_01327,role::condition,fragment_evidence,1.0
frag_01331,role::amount_threshold,fragment_evidence,1.0
frag_01332,role::rule,fragment_evidence,1.0
frag_01341,role::rule,fragment_evidence,1.0
frag_01342,role::amount_threshold,fragment_evidence,1.0
frag_01343,role::amount_threshold,fragment_evidence,1.0
frag_01344,role::amount_threshold,fragment_evidence,1.0
frag_01344,role::metric,fragment_evidence,1.0
frag_01344,role::value,fragment_evidence,1.0
frag_01363,role::amount_threshold,fragment_evidence,1.0
frag_01364,role::amount_threshold,fragment_evidence,1.0
frag_01364,role::scope,fragment_evidence,1.0
frag_01364,role::audience,fragment_evidence,1.0
frag_01366,role::effective_date,fragment_evidence,1.0
frag_01366,role::scope,fragment_evidence,1.0
frag_01366,role::audience,fragment_evidence,1.0
frag_01367,role::rule,fragment_evidence,1.0
frag_01369,role::rule,fragment_evidence,1.0
frag_01381,role::amount_threshold,fragment_evidence,1.0
frag_01381,role::metric,fragment_evidence,1.0
frag_01381,role::value,fragment_evidence,1.0
frag_01382,role::rule,fragment_evidence,1.0
frag_01383,role::rule,fragment_evidence,1.0
frag_01387,role::effective_date,fragment_evidence,1.0
frag_01388,role::effective_date,fragment_evidence,1.0
frag_01389,role::amount_threshold,fragment_evidence,1.0
frag_01389,role::effective_date,fragment_evidence,1.0
frag_01397,role::exception,fragment_evidence,1.0
frag_01397,role::condition,fragment_evidence,1.0
frag_01398,role::exception,fragment_evidence,1.0
frag_01398,role::condition,fragment_evidence,1.0
frag_01399,role::exception,fragment_evidence,1.0
frag_01399,role::condition,fragment_evidence,1.0
frag_01402,role::rule,fragment_evidence,1.0
frag_01403,role::rule,fragment_evidence,1.0
frag_01404,role::rule,fragment_evidence,1.0
frag_01428,role::scope,fragment_evidence,1.0
frag_01428,role::audience,fragment_evidence,1.0
frag_01430,role::scope,fragment_evidence,1.0
frag_01430,role::audience,fragment_evidence,1.0
frag_01435,role::amount_threshold,fragment_evidence,1.0
frag_01453,role::amount_threshold,fragment_evidence,1.0
frag_01454,role::metric,fragment_evidence,1.0
frag_01454,role::value,fragment_evidence,1.0
frag_01459,role::metric,fragment_evidence,1.0
frag_01459,role::value,fragment_evidence,1.0
frag_01464,role::amount_threshold,fragment_evidence,1.0
frag_01464,role::metric,fragment_evidence,1.0
frag_01464,role::value,fragment_evidence,1.0
frag_01468,role::amount_threshold,fragment_evidence,1.0
frag_01470,role::amount_threshold,fragment_evidence,1.0
frag_01471,role::metric,fragment_evidence,1.0
frag_01471,role::value,fragment_evidence,1.0
frag_01472,role::metric,fragment_evidence,1.0
frag_01472,role::value,fragment_evidence,1.0
frag_01488,role::rule,fragment_evidence,1.0
frag_01490,role::rule,fragment_evidence,1.0
frag_01491,role::approver,fragment_evidence,1.0
frag_01492,role::exception,fragment_evidence,1.0
frag_01492,role::condition,fragment_evidence,1.0
frag_01493,role::scope,fragment_evidence,1.0
frag_01493,role::audience,fragment_evidence,1.0
frag_01493,role::effective_date,fragment_evidence,1.0
frag_01494,role::scope,fragment_evidence,1.0
frag_01494,role::audience,fragment_evidence,1.0
frag_01499,role::metric,fragment_evidence,1.0
frag_01499,role::value,fragment_evidence,1.0
frag_01500,role::amount_threshold,fragment_evidence,1.0
frag_01500,role::metric,fragment_evidence,1.0
frag_01500,role::value,fragment_evidence,1.0
frag_01504,role::rule,fragment_evidence,1.0
frag_01506,role::rule,fragment_evidence,1.0
frag_01537,role::exception,fragment_evidence,1.0
frag_01537,role::condition,fragment_evidence,1.0
frag_01541,role::effective_date,fragment_evidence,1.0
frag_01542,role::amount_threshold,fragment_evidence,1.0
frag_01542,role::effective_date,fragment_evidence,1.0
frag_01543,role::amount_threshold,fragment_evidence,1.0
frag_01544,role::rule,fragment_evidence,1.0
frag_01545,role::rule,fragment_evidence,1.0
frag_01548,role::rule,fragment_evidence,1.0
frag_01551,role::amount_threshold,fragment_evidence,1.0
frag_01552,role::variance_driver,fragment_evidence,1.0
frag_01554,role::scope,fragment_evidence,1.0
frag_01554,role::audience,fragment_evidence,1.0
frag_01555,role::scope,fragment_evidence,1.0
frag_01555,role::audience,fragment_evidence,1.0
frag_01557,role::scope,fragment_evidence,1.0
frag_01557,role::audience,fragment_evidence,1.0
frag_01557,role::rule,fragment_evidence,1.0
frag_01559,role::rule,fragment_evidence,1.0
frag_01560,role::scope,fragment_evidence,1.0
frag_01560,role::audience,fragment_evidence,1.0
frag_01561,role::rule,fragment_evidence,1.0
frag_01565,role::amount_threshold,fragment_evidence,1.0
frag_01566,role::amount_threshold,fragment_evidence,1.0
frag_01567,role::metric,fragment_evidence,1.0
frag_01567,role::value,fragment_evidence,1.0
frag_01568,role::rule,fragment_evidence,1.0
frag_01582,role::variance_driver,fragment_evidence,1.0
frag_01586,role::amount_threshold,fragment_evidence,1.0
frag_01587,role::amount_threshold,fragment_evidence,1.0
frag_01595,role::metric,fragment_evidence,1.0
frag_01595,role::value,fragment_evidence,1.0
frag_01596,role::amount_threshold,fragment_evidence,1.0
frag_01601,role::exception,fragment_evidence,1.0
frag_01601,role::condition,fragment_evidence,1.0
frag_01607,role::metric,fragment_evidence,1.0
frag_01607,role::value,fragment_evidence,1.0
frag_01610,role::metric,fragment_evidence,1.0
frag_01610,role::value,fragment_evidence,1.0
frag_01610,role::variance,fragment_evidence,1.0
frag_01612,role::amount_threshold,fragment_evidence,1.0
frag_01612,role::exception,fragment_evidence,1.0
frag_01612,role::condition,fragment_evidence,1.0
frag_01612,role::metric,fragment_evidence,1.0
frag_01612,role::value,fragment_evidence,1.0
frag_01612,role::variance,fragment_evidence,1.0
frag_01616,role::amount_threshold,fragment_evidence,1.0
frag_01616,role::metric,fragment_evidence,1.0
frag_01616,role::value,fragment_evidence,1.0
frag_01617,role::amount_threshold,fragment_evidence,1.0
frag_01618,role::amount_threshold,fragment_evidence,1.0
frag_01620,role::amount_threshold,fragment_evidence,1.0
frag_01622,role::metric,fragment_evidence,1.0
frag_01622,role::value,fragment_evidence,1.0
frag_01622,role::variance,fragment_evidence,1.0
frag_01625,role::amount_threshold,fragment_evidence,1.0
frag_01636,role::amount_threshold,fragment_evidence,1.0
frag_01638,role::amount_threshold,fragment_evidence,1.0
frag_01638,role::variance_driver,fragment_evidence,1.0
frag_01648,role::exception,fragment_evidence,1.0
frag_01648,role::condition,fragment_evidence,1.0
frag_01650,role::exception,fragment_evidence,1.0
frag_01650,role::condition,fragment_evidence,1.0
frag_01671,role::exception,fragment_evidence,1.0
frag_01671,role::condition,fragment_evidence,1.0
frag_01683,role::variance_driver,fragment_evidence,1.0
frag_01684,role::amount_threshold,fragment_evidence,1.0
frag_01684,role::metric,fragment_evidence,1.0
frag_01684,role::value,fragment_evidence,1.0
frag_01684,role::variance,fragment_evidence,1.0
frag_01684,role::variance_driver,fragment_evidence,1.0
frag_01687,role::effective_date,fragment_evidence,1.0
frag_01687,role::scope,fragment_evidence,1.0
frag_01687,role::audience,fragment_evidence,1.0
frag_01690,role::amount_threshold,fragment_evidence,1.0
frag_01703,role::amount_threshold,fragment_evidence,1.0
frag_01703,role::rule,fragment_evidence,1.0
frag_01705,role::amount_threshold,fragment_evidence,1.0
frag_01705,role::rule,fragment_evidence,1.0
frag_01706,role::exception,fragment_evidence,1.0
frag_01706,role::condition,fragment_evidence,1.0
frag_01711,role::amount_threshold,fragment_evidence,1.0
frag_01719,role::variance,fragment_evidence,1.0
frag_01719,role::variance_driver,fragment_evidence,1.0
frag_01722,role::variance,fragment_evidence,1.0
frag_01722,role::variance_driver,fragment_evidence,1.0
frag_01723,role::variance,fragment_evidence,1.0
frag_01723,role::variance_driver,fragment_evidence,1.0
frag_01724,role::variance_driver,fragment_evidence,1.0
frag_01725,role::metric,fragment_evidence,1.0
frag_01725,role::value,fragment_evidence,1.0
frag_01725,role::period,fragment_evidence,1.0
frag_01725,role::variance,fragment_evidence,1.0
frag_01725,role::variance_driver,fragment_evidence,1.0
frag_01726,role::variance_driver,fragment_evidence,1.0
frag_01727,role::metric,fragment_evidence,1.0
frag_01727,role::value,fragment_evidence,1.0
frag_01727,role::period,fragment_evidence,1.0
frag_01728,role::amount_threshold,fragment_evidence,1.0
frag_01728,role::metric,fragment_evidence,1.0
frag_01728,role::value,fragment_evidence,1.0
frag_01728,role::period,fragment_evidence,1.0
frag_01728,role::variance,fragment_evidence,1.0
frag_01728,role::variance_driver,fragment_evidence,1.0
frag_01729,role::variance,fragment_evidence,1.0
frag_01729,role::variance_driver,fragment_evidence,1.0
frag_01730,role::amount_threshold,fragment_evidence,1.0
frag_01730,role::metric,fragment_evidence,1.0
frag_01730,role::value,fragment_evidence,1.0
frag_01730,role::period,fragment_evidence,1.0
frag_01730,role::variance,fragment_evidence,1.0
frag_01730,role::variance_driver,fragment_evidence,1.0
frag_01731,role::variance_driver,fragment_evidence,1.0
frag_01731,role::amount_threshold,fragment_evidence,1.0
frag_01732,role::amount_threshold,fragment_evidence,1.0
frag_01734,role::rule,fragment_evidence,1.0
frag_01737,role::exception,fragment_evidence,1.0
frag_01737,role::condition,fragment_evidence,1.0
frag_01739,role::rule,fragment_evidence,1.0
frag_01740,role::rule,fragment_evidence,1.0
frag_01741,role::rule,fragment_evidence,1.0
frag_01741,role::metric,fragment_evidence,1.0
frag_01741,role::value,fragment_evidence,1.0
frag_01742,role::exception,fragment_evidence,1.0
frag_01742,role::condition,fragment_evidence,1.0
frag_01742,role::rule,fragment_evidence,1.0
frag_01743,role::exception,fragment_evidence,1.0
frag_01743,role::condition,fragment_evidence,1.0
frag_01743,role::rule,fragment_evidence,1.0
frag_01744,role::amount_threshold,fragment_evidence,1.0
frag_01744,role::approver,fragment_evidence,1.0
frag_01752,role::metric,fragment_evidence,1.0
frag_01752,role::value,fragment_evidence,1.0
frag_01756,role::metric,fragment_evidence,1.0
frag_01756,role::value,fragment_evidence,1.0
frag_01757,role::metric,fragment_evidence,1.0
frag_01757,role::value,fragment_evidence,1.0
frag_01759,role::metric,fragment_evidence,1.0
frag_01759,role::value,fragment_evidence,1.0
frag_01769,role::variance_driver,fragment_evidence,1.0
frag_01770,role::amount_threshold,fragment_evidence,1.0
frag_01771,role::region,fragment_evidence,1.0
frag_01771,role::amount_threshold,fragment_evidence,1.0
frag_01774,role::exception,fragment_evidence,1.0
frag_01774,role::condition,fragment_evidence,1.0
frag_01775,role::exception,fragment_evidence,1.0
frag_01775,role::condition,fragment_evidence,1.0
frag_01778,role::scope,fragment_evidence,1.0
frag_01778,role::audience,fragment_evidence,1.0
frag_01779,role::amount_threshold,fragment_evidence,1.0
frag_01779,role::scope,fragment_evidence,1.0
frag_01779,role::audience,fragment_evidence,1.0
frag_01782,role::scope,fragment_evidence,1.0
frag_01782,role::audience,fragment_evidence,1.0
frag_01783,role::scope,fragment_evidence,1.0
frag_01783,role::audience,fragment_evidence,1.0
frag_01792,role::rule,fragment_evidence,1.0
frag_01792,role::metric,fragment_evidence,1.0
frag_01792,role::value,fragment_evidence,1.0
frag_01796,role::amount_threshold,fragment_evidence,1.0
frag_01802,role::amount_threshold,fragment_evidence,1.0
frag_01807,role::region,fragment_evidence,1.0
frag_01807,role::amount_threshold,fragment_evidence,1.0
frag_01807,role::rule,fragment_evidence,1.0
frag_01808,role::amount_threshold,fragment_evidence,1.0
frag_01823,role::scope,fragment_evidence,1.0
frag_01823,role::audience,fragment_evidence,1.0
frag_01825,role::exception,fragment_evidence,1.0
frag_01825,role::condition,fragment_evidence,1.0
frag_01831,role::amount_threshold,fragment_evidence,1.0
frag_01831,role::metric,fragment_evidence,1.0
frag_01831,role::value,fragment_evidence,1.0
frag_01832,role::metric,fragment_evidence,1.0
frag_01832,role::value,fragment_evidence,1.0
frag_01834,role::exception,fragment_evidence,1.0
frag_01834,role::condition,fragment_evidence,1.0
frag_01834,role::metric,fragment_evidence,1.0
frag_01834,role::value,fragment_evidence,1.0
frag_01836,role::exception,fragment_evidence,1.0
frag_01836,role::condition,fragment_evidence,1.0
frag_01836,role::metric,fragment_evidence,1.0
frag_01836,role::value,fragment_evidence,1.0
frag_01839,role::amount_threshold,fragment_evidence,1.0
frag_01842,role::amount_threshold,fragment_evidence,1.0
frag_01848,role::amount_threshold,fragment_evidence,1.0
frag_01857,role::amount_threshold,fragment_evidence,1.0
frag_01869,role::exception,fragment_evidence,1.0
frag_01869,role::condition,fragment_evidence,1.0
frag_01871,role::exception,fragment_evidence,1.0
frag_01871,role::condition,fragment_evidence,1.0
frag_01880,role::amount_threshold,fragment_evidence,1.0
frag_01880,role::exception,fragment_evidence,1.0
frag_01880,role::condition,fragment_evidence,1.0
frag_01881,role::amount_threshold,fragment_evidence,1.0
frag_01882,role::rule,fragment_evidence,1.0
frag_01883,role::rule,fragment_evidence,1.0
frag_01884,role::rule,fragment_evidence,1.0
frag_01885,role::rule,fragment_evidence,1.0
frag_01891,role::effective_date,fragment_evidence,1.0
frag_01893,role::effective_date,fragment_evidence,1.0
frag_01894,role::amount_threshold,fragment_evidence,1.0
frag_01894,role::effective_date,fragment_evidence,1.0
frag_01897,role::amount_threshold,fragment_evidence,1.0
frag_01901,role::amount_threshold,fragment_evidence,1.0
frag_01907,role::effective_date,fragment_evidence,1.0
frag_01907,role::metric,fragment_evidence,1.0
frag_01907,role::value,fragment_evidence,1.0
frag_01908,role::effective_date,fragment_evidence,1.0
frag_01909,role::effective_date,fragment_evidence,1.0
frag_01909,role::metric,fragment_evidence,1.0
frag_01909,role::value,fragment_evidence,1.0
frag_01912,role::amount_threshold,fragment_evidence,1.0
frag_01914,role::amount_threshold,fragment_evidence,1.0
frag_01917,role::amount_threshold,fragment_evidence,1.0
frag_01918,role::amount_threshold,fragment_evidence,1.0
frag_01919,role::region,fragment_evidence,1.0
frag_01919,role::amount_threshold,fragment_evidence,1.0
frag_01922,role::amount_threshold,fragment_evidence,1.0
frag_01924,role::amount_threshold,fragment_evidence,1.0
frag_01926,role::amount_threshold,fragment_evidence,1.0
frag_01932,role::rule,fragment_evidence,1.0
frag_01933,role::amount_threshold,fragment_evidence,1.0
frag_01934,role::amount_threshold,fragment_evidence,1.0
frag_01934,role::scope,fragment_evidence,1.0
frag_01934,role::audience,fragment_evidence,1.0
frag_01935,role::scope,fragment_evidence,1.0
frag_01935,role::audience,fragment_evidence,1.0
frag_01936,role::metric,fragment_evidence,1.0
frag_01936,role::value,fragment_evidence,1.0
frag_01937,role::metric,fragment_evidence,1.0
frag_01937,role::value,fragment_evidence,1.0
frag_01940,role::metric,fragment_evidence,1.0
frag_01940,role::value,fragment_evidence,1.0
frag_01940,role::metric,fragment_evidence,1.0
frag_01940,role::value,fragment_evidence,1.0
frag_01942,role::metric,fragment_evidence,1.0
frag_01942,role::value,fragment_evidence,1.0
frag_01951,role::rule,fragment_evidence,1.0
frag_01952,role::exception,fragment_evidence,1.0
frag_01952,role::condition,fragment_evidence,1.0
frag_01952,role::rule,fragment_evidence,1.0
frag_01953,role::amount_threshold,fragment_evidence,1.0
frag_01954,role::amount_threshold,fragment_evidence,1.0
frag_01956,role::region,fragment_evidence,1.0
frag_01956,role::amount_threshold,fragment_evidence,1.0
frag_01957,role::region,fragment_evidence,1.0
frag_01957,role::amount_threshold,fragment_evidence,1.0
frag_01958,role::amount_threshold,fragment_evidence,1.0
frag_01959,role::metric,fragment_evidence,1.0
frag_01959,role::value,fragment_evidence,1.0
frag_01960,role::metric,fragment_evidence,1.0
frag_01960,role::value,fragment_evidence,1.0
frag_01961,role::metric,fragment_evidence,1.0
frag_01961,role::value,fragment_evidence,1.0
frag_01963,role::metric,fragment_evidence,1.0
frag_01963,role::value,fragment_evidence,1.0
frag_01964,role::variance_driver,fragment_evidence,1.0
frag_01965,role::metric,fragment_evidence,1.0
frag_01965,role::value,fragment_evidence,1.0
frag_01965,role::variance,fragment_evidence,1.0
frag_01965,role::variance_driver,fragment_evidence,1.0
frag_01966,role::amount_threshold,fragment_evidence,1.0
frag_01966,role::metric,fragment_evidence,1.0
frag_01966,role::value,fragment_evidence,1.0
frag_01967,role::metric,fragment_evidence,1.0
frag_01967,role::value,fragment_evidence,1.0
frag_01973,role::region,fragment_evidence,1.0
frag_01973,role::amount_threshold,fragment_evidence,1.0
frag_01973,role::metric,fragment_evidence,1.0
frag_01973,role::value,fragment_evidence,1.0
frag_01975,role::region,fragment_evidence,1.0
frag_01975,role::amount_threshold,fragment_evidence,1.0
frag_01977,role::region,fragment_evidence,1.0
frag_01977,role::amount_threshold,fragment_evidence,1.0
frag_01977,role::metric,fragment_evidence,1.0
frag_01977,role::value,fragment_evidence,1.0
frag_01987,role::exception,fragment_evidence,1.0
frag_01987,role::condition,fragment_evidence,1.0
frag_01987,role::rule,fragment_evidence,1.0
frag_01988,role::exception,fragment_evidence,1.0
frag_01988,role::condition,fragment_evidence,1.0
frag_01988,role::rule,fragment_evidence,1.0
frag_01990,role::rule,fragment_evidence,1.0
frag_01992,role::exception,fragment_evidence,1.0
frag_01992,role::condition,fragment_evidence,1.0
frag_01996,role::region,fragment_evidence,1.0
frag_01996,role::amount_threshold,fragment_evidence,1.0
frag_02013,role::rule,fragment_evidence,1.0
frag_02015,role::region,fragment_evidence,1.0
frag_02015,role::amount_threshold,fragment_evidence,1.0
frag_02015,role::scope,fragment_evidence,1.0
frag_02015,role::audience,fragment_evidence,1.0
frag_02015,role::rule,fragment_evidence,1.0
frag_02017,role::region,fragment_evidence,1.0
frag_02017,role::amount_threshold,fragment_evidence,1.0
frag_02026,role::rule,fragment_evidence,1.0
frag_02026,role::amount_threshold,fragment_evidence,1.0
frag_02027,role::region,fragment_evidence,1.0
frag_02027,role::amount_threshold,fragment_evidence,1.0
frag_02027,role::rule,fragment_evidence,1.0
frag_02032,role::amount_threshold,fragment_evidence,1.0
frag_02033,role::amount_threshold,fragment_evidence,1.0
frag_02035,role::rule,fragment_evidence,1.0
frag_02041,role::amount_threshold,fragment_evidence,1.0
frag_02041,role::rule,fragment_evidence,1.0
frag_02048,role::metric,fragment_evidence,1.0
frag_02048,role::value,fragment_evidence,1.0
frag_02049,role::exception,fragment_evidence,1.0
frag_02049,role::condition,fragment_evidence,1.0
frag_02049,role::metric,fragment_evidence,1.0
frag_02049,role::value,fragment_evidence,1.0
frag_02049,role::variance,fragment_evidence,1.0
frag_02051,role::amount_threshold,fragment_evidence,1.0
frag_02051,role::exception,fragment_evidence,1.0
frag_02051,role::condition,fragment_evidence,1.0
frag_02051,role::metric,fragment_evidence,1.0
frag_02051,role::value,fragment_evidence,1.0
frag_02051,role::variance,fragment_evidence,1.0
frag_02053,role::metric,fragment_evidence,1.0
frag_02053,role::value,fragment_evidence,1.0
frag_02056,role::metric,fragment_evidence,1.0
frag_02056,role::value,fragment_evidence,1.0
frag_02056,role::variance,fragment_evidence,1.0
frag_02056,role::variance_driver,fragment_evidence,1.0
frag_02058,role::variance_driver,fragment_evidence,1.0
frag_02060,role::variance,fragment_evidence,1.0
frag_02062,role::metric,fragment_evidence,1.0
frag_02062,role::value,fragment_evidence,1.0
frag_02063,role::metric,fragment_evidence,1.0
frag_02063,role::value,fragment_evidence,1.0
frag_02065,role::region,fragment_evidence,1.0
frag_02065,role::amount_threshold,fragment_evidence,1.0
frag_02073,role::effective_date,fragment_evidence,1.0
frag_02075,role::effective_date,fragment_evidence,1.0
frag_02076,role::exception,fragment_evidence,1.0
frag_02076,role::condition,fragment_evidence,1.0
frag_02077,role::exception,fragment_evidence,1.0
frag_02077,role::condition,fragment_evidence,1.0
frag_02084,role::amount_threshold,fragment_evidence,1.0
frag_02084,role::metric,fragment_evidence,1.0
frag_02084,role::value,fragment_evidence,1.0
frag_02085,role::metric,fragment_evidence,1.0
frag_02085,role::value,fragment_evidence,1.0
frag_02095,role::rule,fragment_evidence,1.0
frag_02096,role::rule,fragment_evidence,1.0
frag_02098,role::region,fragment_evidence,1.0
frag_02098,role::amount_threshold,fragment_evidence,1.0
frag_02099,role::scope,fragment_evidence,1.0
frag_02099,role::audience,fragment_evidence,1.0
frag_02099,role::rule,fragment_evidence,1.0
frag_02100,role::scope,fragment_evidence,1.0
frag_02100,role::audience,fragment_evidence,1.0
frag_02100,role::rule,fragment_evidence,1.0
frag_02105,role::scope,fragment_evidence,1.0
frag_02105,role::audience,fragment_evidence,1.0
frag_02105,role::rule,fragment_evidence,1.0
frag_02106,role::rule,fragment_evidence,1.0
frag_02109,role::amount_threshold,fragment_evidence,1.0
frag_02110,role::rule,fragment_evidence,1.0
frag_02111,role::region,fragment_evidence,1.0
frag_02111,role::amount_threshold,fragment_evidence,1.0
frag_02111,role::scope,fragment_evidence,1.0
frag_02111,role::audience,fragment_evidence,1.0
frag_02111,role::rule,fragment_evidence,1.0
frag_02111,role::metric,fragment_evidence,1.0
frag_02111,role::value,fragment_evidence,1.0
frag_02114,role::effective_date,fragment_evidence,1.0
frag_02121,role::amount_threshold,fragment_evidence,1.0
frag_02123,role::region,fragment_evidence,1.0
frag_02123,role::amount_threshold,fragment_evidence,1.0
frag_02131,role::exception,fragment_evidence,1.0
frag_02131,role::condition,fragment_evidence,1.0
frag_02134,role::exception,fragment_evidence,1.0
frag_02134,role::condition,fragment_evidence,1.0
frag_02136,role::metric,fragment_evidence,1.0
frag_02136,role::value,fragment_evidence,1.0
frag_02142,role::rule,fragment_evidence,1.0
frag_02143,role::rule,fragment_evidence,1.0
frag_02145,role::rule,fragment_evidence,1.0
frag_02153,role::region,fragment_evidence,1.0
frag_02153,role::amount_threshold,fragment_evidence,1.0
frag_02153,role::metric,fragment_evidence,1.0
frag_02153,role::value,fragment_evidence,1.0
frag_02155,role::amount_threshold,fragment_evidence,1.0
frag_02157,role::amount_threshold,fragment_evidence,1.0
frag_02159,role::metric,fragment_evidence,1.0
frag_02159,role::value,fragment_evidence,1.0
frag_02165,role::amount_threshold,fragment_evidence,1.0
frag_02166,role::amount_threshold,fragment_evidence,1.0
frag_02169,role::metric,fragment_evidence,1.0
frag_02169,role::value,fragment_evidence,1.0
frag_02175,role::effective_date,fragment_evidence,1.0
frag_02175,role::metric,fragment_evidence,1.0
frag_02175,role::value,fragment_evidence,1.0
frag_02180,role::metric,fragment_evidence,1.0
frag_02180,role::value,fragment_evidence,1.0
frag_02182,role::exception,fragment_evidence,1.0
frag_02182,role::condition,fragment_evidence,1.0
frag_02194,role::amount_threshold,fragment_evidence,1.0
frag_02195,role::amount_threshold,fragment_evidence,1.0
frag_02195,role::rule,fragment_evidence,1.0
frag_02195,role::metric,fragment_evidence,1.0
frag_02195,role::value,fragment_evidence,1.0
frag_02202,role::rule,fragment_evidence,1.0
frag_02213,role::rule,fragment_evidence,1.0
frag_02214,role::rule,fragment_evidence,1.0
frag_02217,role::effective_date,fragment_evidence,1.0
frag_02220,role::exception,fragment_evidence,1.0
frag_02220,role::condition,fragment_evidence,1.0
frag_02222,role::rule,fragment_evidence,1.0
frag_02224,role::region,fragment_evidence,1.0
frag_02224,role::amount_threshold,fragment_evidence,1.0
frag_02224,role::rule,fragment_evidence,1.0
frag_02224,role::variance_driver,fragment_evidence,1.0
frag_02229,role::amount_threshold,fragment_evidence,1.0
frag_02249,role::amount_threshold,fragment_evidence,1.0
frag_02249,role::metric,fragment_evidence,1.0
frag_02249,role::value,fragment_evidence,1.0
frag_02250,role::metric,fragment_evidence,1.0
frag_02250,role::value,fragment_evidence,1.0
frag_02251,role::amount_threshold,fragment_evidence,1.0
frag_02251,role::metric,fragment_evidence,1.0
frag_02251,role::value,fragment_evidence,1.0
frag_02252,role::effective_date,fragment_evidence,1.0
frag_02254,role::amount_threshold,fragment_evidence,1.0
frag_02254,role::effective_date,fragment_evidence,1.0
frag_02257,role::region,fragment_evidence,1.0
frag_02257,role::amount_threshold,fragment_evidence,1.0
frag_02257,role::effective_date,fragment_evidence,1.0
frag_02268,role::amount_threshold,fragment_evidence,1.0
frag_02268,role::metric,fragment_evidence,1.0
frag_02268,role::value,fragment_evidence,1.0
frag_02281,role::scope,fragment_evidence,1.0
frag_02281,role::audience,fragment_evidence,1.0
frag_02291,role::metric,fragment_evidence,1.0
frag_02291,role::value,fragment_evidence,1.0
frag_02292,role::metric,fragment_evidence,1.0
frag_02292,role::value,fragment_evidence,1.0
frag_02293,role::metric,fragment_evidence,1.0
frag_02293,role::value,fragment_evidence,1.0
frag_02297,role::variance,fragment_evidence,1.0
frag_02297,role::variance_driver,fragment_evidence,1.0
frag_02299,role::variance_driver,fragment_evidence,1.0
frag_02302,role::variance_driver,fragment_evidence,1.0
frag_02306,role::rule,fragment_evidence,1.0
frag_02307,role::rule,fragment_evidence,1.0
frag_02310,role::effective_date,fragment_evidence,1.0
frag_02329,role::metric,fragment_evidence,1.0
frag_02329,role::value,fragment_evidence,1.0
frag_02329,role::variance_driver,fragment_evidence,1.0
frag_02331,role::variance_driver,fragment_evidence,1.0
frag_02333,role::metric,fragment_evidence,1.0
frag_02333,role::value,fragment_evidence,1.0
frag_02333,role::variance_driver,fragment_evidence,1.0
frag_02334,role::variance_driver,fragment_evidence,1.0
frag_02335,role::metric,fragment_evidence,1.0
frag_02335,role::value,fragment_evidence,1.0
frag_02337,role::metric,fragment_evidence,1.0
frag_02337,role::value,fragment_evidence,1.0
frag_02338,role::exception,fragment_evidence,1.0
frag_02338,role::condition,fragment_evidence,1.0
frag_02339,role::exception,fragment_evidence,1.0
frag_02339,role::condition,fragment_evidence,1.0
frag_02342,role::scope,fragment_evidence,1.0
frag_02342,role::audience,fragment_evidence,1.0
frag_02344,role::scope,fragment_evidence,1.0
frag_02344,role::audience,fragment_evidence,1.0
frag_02344,role::rule,fragment_evidence,1.0
frag_02345,role::scope,fragment_evidence,1.0
frag_02345,role::audience,fragment_evidence,1.0
frag_02347,role::scope,fragment_evidence,1.0
frag_02347,role::audience,fragment_evidence,1.0
frag_02349,role::effective_date,fragment_evidence,1.0
frag_02354,role::amount_threshold,fragment_evidence,1.0
frag_02356,role::effective_date,fragment_evidence,1.0
frag_02374,role::amount_threshold,fragment_evidence,1.0
frag_02378,role::variance,fragment_evidence,1.0
frag_02378,role::variance_driver,fragment_evidence,1.0
frag_02379,role::metric,fragment_evidence,1.0
frag_02379,role::value,fragment_evidence,1.0
frag_02379,role::period,fragment_evidence,1.0
frag_02380,role::metric,fragment_evidence,1.0
frag_02380,role::value,fragment_evidence,1.0
frag_02380,role::period,fragment_evidence,1.0
frag_02381,role::metric,fragment_evidence,1.0
frag_02381,role::value,fragment_evidence,1.0
frag_02382,role::amount_threshold,fragment_evidence,1.0
frag_02382,role::exception,fragment_evidence,1.0
frag_02382,role::condition,fragment_evidence,1.0
frag_02382,role::metric,fragment_evidence,1.0
frag_02382,role::value,fragment_evidence,1.0
frag_02385,role::amount_threshold,fragment_evidence,1.0
frag_02386,role::rule,fragment_evidence,1.0
frag_02387,role::amount_threshold,fragment_evidence,1.0
frag_02387,role::rule,fragment_evidence,1.0
frag_02389,role::amount_threshold,fragment_evidence,1.0
frag_02390,role::amount_threshold,fragment_evidence,1.0
frag_02392,role::amount_threshold,fragment_evidence,1.0
frag_02396,role::amount_threshold,fragment_evidence,1.0
frag_02398,role::amount_threshold,fragment_evidence,1.0
frag_02399,role::exception,fragment_evidence,1.0
frag_02399,role::condition,fragment_evidence,1.0
frag_02402,role::amount_threshold,fragment_evidence,1.0
frag_02403,role::amount_threshold,fragment_evidence,1.0
frag_02406,role::amount_threshold,fragment_evidence,1.0
frag_02406,role::effective_date,fragment_evidence,1.0
frag_02408,role::exception,fragment_evidence,1.0
frag_02408,role::condition,fragment_evidence,1.0
frag_02408,role::metric,fragment_evidence,1.0
frag_02408,role::value,fragment_evidence,1.0
frag_02409,role::amount_threshold,fragment_evidence,1.0
frag_02409,role::metric,fragment_evidence,1.0
frag_02409,role::value,fragment_evidence,1.0
frag_02409,role::variance,fragment_evidence,1.0
frag_02409,role::variance_driver,fragment_evidence,1.0
frag_02410,role::variance_driver,fragment_evidence,1.0
frag_02411,role::metric,fragment_evidence,1.0
frag_02411,role::value,fragment_evidence,1.0
frag_02411,role::variance,fragment_evidence,1.0
frag_02411,role::variance_driver,fragment_evidence,1.0
frag_02413,role::metric,fragment_evidence,1.0
frag_02413,role::value,fragment_evidence,1.0
frag_02413,role::variance,fragment_evidence,1.0
frag_02413,role::variance_driver,fragment_evidence,1.0
frag_02415,role::metric,fragment_evidence,1.0
frag_02415,role::value,fragment_evidence,1.0
frag_02415,role::variance,fragment_evidence,1.0
frag_02415,role::variance_driver,fragment_evidence,1.0
frag_02416,role::variance_driver,fragment_evidence,1.0
frag_02417,role::metric,fragment_evidence,1.0
frag_02417,role::value,fragment_evidence,1.0
frag_02417,role::variance,fragment_evidence,1.0
frag_02417,role::variance_driver,fragment_evidence,1.0
frag_02418,role::variance_driver,fragment_evidence,1.0
frag_02419,role::metric,fragment_evidence,1.0
frag_02419,role::value,fragment_evidence,1.0
frag_02419,role::variance,fragment_evidence,1.0
frag_02419,role::variance_driver,fragment_evidence,1.0
frag_02421,role::metric,fragment_evidence,1.0
frag_02421,role::value,fragment_evidence,1.0
frag_02422,role::exception,fragment_evidence,1.0
frag_02422,role::condition,fragment_evidence,1.0
frag_02422,role::metric,fragment_evidence,1.0
frag_02422,role::value,fragment_evidence,1.0
frag_02423,role::metric,fragment_evidence,1.0
frag_02423,role::value,fragment_evidence,1.0
frag_02438,role::effective_date,fragment_evidence,1.0
frag_02440,role::rule,fragment_evidence,1.0
frag_02442,role::metric,fragment_evidence,1.0
frag_02442,role::value,fragment_evidence,1.0
frag_02443,role::metric,fragment_evidence,1.0
frag_02443,role::value,fragment_evidence,1.0
frag_02453,role::amount_threshold,fragment_evidence,1.0
frag_02453,role::metric,fragment_evidence,1.0
frag_02453,role::value,fragment_evidence,1.0
frag_02455,role::metric,fragment_evidence,1.0
frag_02455,role::value,fragment_evidence,1.0
frag_02469,role::amount_threshold,fragment_evidence,1.0
frag_02482,role::effective_date,fragment_evidence,1.0
frag_02482,role::rule,fragment_evidence,1.0
frag_02483,role::rule,fragment_evidence,1.0
frag_02486,role::effective_date,fragment_evidence,1.0
frag_02486,role::rule,fragment_evidence,1.0
frag_02487,role::rule,fragment_evidence,1.0
frag_02488,role::effective_date,fragment_evidence,1.0
frag_02493,role::metric,fragment_evidence,1.0
frag_02493,role::value,fragment_evidence,1.0
frag_02496,role::rule,fragment_evidence,1.0
frag_02498,role::amount_threshold,fragment_evidence,1.0
frag_02502,role::exception,fragment_evidence,1.0
frag_02502,role::condition,fragment_evidence,1.0
frag_02503,role::amount_threshold,fragment_evidence,1.0
frag_02504,role::amount_threshold,fragment_evidence,1.0
frag_02516,role::exception,fragment_evidence,1.0
frag_02516,role::condition,fragment_evidence,1.0
frag_02516,role::metric,fragment_evidence,1.0
frag_02516,role::value,fragment_evidence,1.0
frag_02517,role::metric,fragment_evidence,1.0
frag_02517,role::value,fragment_evidence,1.0
frag_02518,role::rule,fragment_evidence,1.0
frag_02518,role::metric,fragment_evidence,1.0
frag_02518,role::value,fragment_evidence,1.0
frag_02519,role::metric,fragment_evidence,1.0
frag_02519,role::value,fragment_evidence,1.0
frag_02520,role::region,fragment_evidence,1.0
frag_02520,role::amount_threshold,fragment_evidence,1.0
frag_02520,role::metric,fragment_evidence,1.0
frag_02520,role::value,fragment_evidence,1.0
frag_02521,role::metric,fragment_evidence,1.0
frag_02521,role::value,fragment_evidence,1.0
frag_02522,role::amount_threshold,fragment_evidence,1.0
frag_02522,role::metric,fragment_evidence,1.0
frag_02522,role::value,fragment_evidence,1.0
frag_02541,role::rule,fragment_evidence,1.0
frag_02545,role::amount_threshold,fragment_evidence,1.0
frag_02546,role::amount_threshold,fragment_evidence,1.0
frag_02547,role::amount_threshold,fragment_evidence,1.0
frag_02548,role::amount_threshold,fragment_evidence,1.0
frag_02549,role::amount_threshold,fragment_evidence,1.0
frag_02557,role::exception,fragment_evidence,1.0
frag_02557,role::condition,fragment_evidence,1.0
frag_02560,role::amount_threshold,fragment_evidence,1.0
frag_02561,role::amount_threshold,fragment_evidence,1.0
frag_02568,role::amount_threshold,fragment_evidence,1.0
frag_02581,role::amount_threshold,fragment_evidence,1.0
frag_02585,role::variance,fragment_evidence,1.0
frag_02585,role::variance_driver,fragment_evidence,1.0
frag_02586,role::variance_driver,fragment_evidence,1.0
frag_02591,role::amount_threshold,fragment_evidence,1.0
frag_02605,role::metric,fragment_evidence,1.0
frag_02605,role::value,fragment_evidence,1.0
frag_02606,role::metric,fragment_evidence,1.0
frag_02606,role::value,fragment_evidence,1.0
frag_02606,role::variance_driver,fragment_evidence,1.0
frag_02607,role::metric,fragment_evidence,1.0
frag_02607,role::value,fragment_evidence,1.0
frag_02607,role::variance,fragment_evidence,1.0
frag_02607,role::variance_driver,fragment_evidence,1.0
frag_02608,role::metric,fragment_evidence,1.0
frag_02608,role::value,fragment_evidence,1.0
frag_02609,role::metric,fragment_evidence,1.0
frag_02609,role::value,fragment_evidence,1.0
frag_02610,role::metric,fragment_evidence,1.0
frag_02610,role::value,fragment_evidence,1.0
frag_02610,role::variance,fragment_evidence,1.0
frag_02610,role::variance_driver,fragment_evidence,1.0
frag_02611,role::metric,fragment_evidence,1.0
frag_02611,role::value,fragment_evidence,1.0
frag_02611,role::variance,fragment_evidence,1.0
frag_02611,role::variance_driver,fragment_evidence,1.0
frag_02612,role::metric,fragment_evidence,1.0
frag_02612,role::value,fragment_evidence,1.0
frag_02616,role::metric,fragment_evidence,1.0
frag_02616,role::value,fragment_evidence,1.0
frag_02617,role::rule,fragment_evidence,1.0
frag_02617,role::metric,fragment_evidence,1.0
frag_02617,role::value,fragment_evidence,1.0
frag_02619,role::rule,fragment_evidence,1.0
frag_02626,role::scope,fragment_evidence,1.0
frag_02626,role::audience,fragment_evidence,1.0
frag_02629,role::exception,fragment_evidence,1.0
frag_02629,role::condition,fragment_evidence,1.0
frag_02634,role::metric,fragment_evidence,1.0
frag_02634,role::value,fragment_evidence,1.0
frag_02636,role::metric,fragment_evidence,1.0
frag_02636,role::value,fragment_evidence,1.0
frag_02639,role::metric,fragment_evidence,1.0
frag_02639,role::value,fragment_evidence,1.0
frag_02641,role::exception,fragment_evidence,1.0
frag_02641,role::condition,fragment_evidence,1.0
frag_02641,role::rule,fragment_evidence,1.0
frag_02642,role::scope,fragment_evidence,1.0
frag_02642,role::audience,fragment_evidence,1.0
frag_02642,role::exception,fragment_evidence,1.0
frag_02642,role::condition,fragment_evidence,1.0
frag_02642,role::rule,fragment_evidence,1.0
frag_02648,role::variance,fragment_evidence,1.0
frag_02657,role::amount_threshold,fragment_evidence,1.0
frag_02658,role::amount_threshold,fragment_evidence,1.0
frag_02659,role::metric,fragment_evidence,1.0
frag_02659,role::value,fragment_evidence,1.0
frag_02660,role::variance,fragment_evidence,1.0
frag_02660,role::variance_driver,fragment_evidence,1.0
frag_02671,role::owner,fragment_evidence,1.0
frag_02671,role::effective_date,fragment_evidence,1.0
frag_02673,role::amount_threshold,fragment_evidence,1.0
frag_02673,role::approver,fragment_evidence,1.0
frag_02673,role::rule,fragment_evidence,1.0
frag_02673,role::amount_threshold,fragment_evidence,1.0
frag_02673,role::approver,fragment_evidence,1.0
frag_02675,role::rule,fragment_evidence,1.0
frag_02675,role::variance,fragment_evidence,1.0
frag_02675,role::rule,fragment_evidence,1.0
frag_02677,role::owner,fragment_evidence,1.0
frag_02679,role::region,fragment_evidence,1.0
frag_02679,role::approver,fragment_evidence,1.0
frag_02680,role::region,fragment_evidence,1.0
frag_02680,role::approver,fragment_evidence,1.0
frag_02681,role::region,fragment_evidence,1.0
frag_02681,role::approver,fragment_evidence,1.0
frag_02682,role::region,fragment_evidence,1.0
frag_02682,role::approver,fragment_evidence,1.0
frag_02683,role::region,fragment_evidence,1.0
frag_02683,role::approver,fragment_evidence,1.0
frag_02684,role::region,fragment_evidence,1.0
frag_02684,role::approver,fragment_evidence,1.0
frag_02685,role::region,fragment_evidence,1.0
frag_02685,role::approver,fragment_evidence,1.0
frag_02686,role::region,fragment_evidence,1.0
frag_02686,role::approver,fragment_evidence,1.0
frag_02687,role::owner,fragment_evidence,1.0
frag_02687,role::metric,fragment_evidence,1.0
frag_02687,role::value,fragment_evidence,1.0
frag_02687,role::period,fragment_evidence,1.0
frag_02690,role::metric,fragment_evidence,1.0
frag_02690,role::value,fragment_evidence,1.0
frag_02690,role::period,fragment_evidence,1.0
frag_02690,role::metric,fragment_evidence,1.0
frag_02690,role::value,fragment_evidence,1.0
frag_02692,role::metric,fragment_evidence,1.0
frag_02692,role::value,fragment_evidence,1.0
frag_02692,role::variance,fragment_evidence,1.0
frag_02692,role::variance_driver,fragment_evidence,1.0
frag_02692,role::metric,fragment_evidence,1.0
frag_02692,role::value,fragment_evidence,1.0
frag_02694,role::metric,fragment_evidence,1.0
frag_02694,role::value,fragment_evidence,1.0
frag_02694,role::period,fragment_evidence,1.0
frag_02694,role::metric,fragment_evidence,1.0
frag_02694,role::value,fragment_evidence,1.0
frag_02696,role::metric,fragment_evidence,1.0
frag_02696,role::value,fragment_evidence,1.0
frag_02696,role::period,fragment_evidence,1.0
frag_02696,role::approver,fragment_evidence,1.0
frag_02696,role::metric,fragment_evidence,1.0
frag_02696,role::value,fragment_evidence,1.0
frag_02699,role::scope,fragment_evidence,1.0
frag_02699,role::audience,fragment_evidence,1.0
frag_02699,role::effective_date,fragment_evidence,1.0
frag_02701,role::rule,fragment_evidence,1.0
frag_02701,role::approver,fragment_evidence,1.0
frag_02701,role::rule,fragment_evidence,1.0
frag_02703,role::approver,fragment_evidence,1.0
frag_02703,role::rule,fragment_evidence,1.0
frag_02703,role::owner,fragment_evidence,1.0
frag_02705,role::exception,fragment_evidence,1.0
frag_02705,role::condition,fragment_evidence,1.0
frag_02705,role::rule,fragment_evidence,1.0
frag_02705,role::approver,fragment_evidence,1.0
frag_02705,role::rule,fragment_evidence,1.0
frag_02708,role::scope,fragment_evidence,1.0
frag_02708,role::audience,fragment_evidence,1.0
frag_02708,role::effective_date,fragment_evidence,1.0
frag_02710,role::amount_threshold,fragment_evidence,1.0
frag_02710,role::approver,fragment_evidence,1.0
frag_02710,role::region,fragment_evidence,1.0
frag_02710,role::amount_threshold,fragment_evidence,1.0
frag_02710,role::approver,fragment_evidence,1.0
frag_02710,role::rule,fragment_evidence,1.0
frag_02710,role::region,fragment_evidence,1.0
frag_02710,role::amount_threshold,fragment_evidence,1.0
frag_02710,role::approver,fragment_evidence,1.0
frag_02710,role::region,fragment_evidence,1.0
frag_02710,role::amount_threshold,fragment_evidence,1.0
frag_02710,role::approver,fragment_evidence,1.0
frag_02710,role::rule,fragment_evidence,1.0
frag_02712,role::exception,fragment_evidence,1.0
frag_02712,role::condition,fragment_evidence,1.0
frag_02712,role::rule,fragment_evidence,1.0
frag_02712,role::sla,fragment_evidence,1.0
frag_02712,role::exception,fragment_evidence,1.0
frag_02712,role::condition,fragment_evidence,1.0
frag_02714,role::owner,fragment_evidence,1.0
frag_02717,role::scope,fragment_evidence,1.0
frag_02717,role::audience,fragment_evidence,1.0
frag_02717,role::effective_date,fragment_evidence,1.0
frag_02719,role::region,fragment_evidence,1.0
frag_02719,role::amount_threshold,fragment_evidence,1.0
frag_02719,role::rule,fragment_evidence,1.0
frag_02721,role::amount_threshold,fragment_evidence,1.0
frag_02721,role::rule,fragment_evidence,1.0
frag_02721,role::amount_threshold,fragment_evidence,1.0
frag_02721,role::approver,fragment_evidence,1.0
frag_02723,role::amount_threshold,fragment_evidence,1.0
frag_02723,role::approver,fragment_evidence,1.0
frag_02723,role::exception,fragment_evidence,1.0
frag_02723,role::condition,fragment_evidence,1.0
frag_02723,role::rule,fragment_evidence,1.0
frag_02723,role::owner,fragment_evidence,1.0
frag_02729,role::owner,fragment_evidence,1.0
frag_02729,role::scope,fragment_evidence,1.0
frag_02729,role::audience,fragment_evidence,1.0
frag_02729,role::effective_date,fragment_evidence,1.0
frag_02732,role::rule,fragment_evidence,1.0
frag_02732,role::sla,fragment_evidence,1.0
frag_02734,role::rule,fragment_evidence,1.0
frag_02735,role::owner,fragment_evidence,1.0
frag_02738,role::sla,fragment_evidence,1.0
frag_02738,role::escalation_target,fragment_evidence,1.0
frag_02743,role::owner,fragment_evidence,1.0
frag_02743,role::effective_date,fragment_evidence,1.0
frag_02746,role::sla,fragment_evidence,1.0
frag_02751,role::rule,fragment_evidence,1.0
frag_02751,role::escalation_target,fragment_evidence,1.0
frag_02752,role::sla,fragment_evidence,1.0
frag_02754,role::rule,fragment_evidence,1.0
frag_02754,role::sla,fragment_evidence,1.0
frag_02754,role::rule,fragment_evidence,1.0
frag_02754,role::escalation_target,fragment_evidence,1.0
frag_02759,role::owner,fragment_evidence,1.0
frag_02759,role::effective_date,fragment_evidence,1.0
frag_02759,role::scope,fragment_evidence,1.0
frag_02759,role::audience,fragment_evidence,1.0
frag_02765,role::approver,fragment_evidence,1.0
frag_02765,role::rule,fragment_evidence,1.0
frag_02768,role::rule,fragment_evidence,1.0
frag_02768,role::sla,fragment_evidence,1.0
frag_02768,role::escalation_target,fragment_evidence,1.0
frag_00004,doc_0001,fragment_document,1.0
frag_00005,doc_0001,fragment_document,1.0
frag_00006,doc_0001,fragment_document,1.0
frag_00025,doc_0005,fragment_document,1.0
frag_00027,doc_0005,fragment_document,1.0
frag_00028,doc_0005,fragment_document,1.0
frag_00029,doc_0007,fragment_document,1.0
frag_00034,doc_0007,fragment_document,1.0
frag_00037,doc_0007,fragment_document,1.0
frag_00041,doc_0009,fragment_document,1.0
frag_00043,doc_0009,fragment_document,1.0
frag_00047,doc_0009,fragment_document,1.0
frag_00048,doc_0009,fragment_document,1.0
frag_00049,doc_0009,fragment_document,1.0
frag_00066,doc_0011,fragment_document,1.0
frag_00071,doc_0013,fragment_document,1.0
frag_00072,doc_0013,fragment_document,1.0
frag_00084,doc_0019,fragment_document,1.0
frag_00085,doc_0019,fragment_document,1.0
frag_00092,doc_0019,fragment_document,1.0
frag_00099,doc_0021,fragment_document,1.0
frag_00104,doc_0021,fragment_document,1.0
frag_00110,doc_0023,fragment_document,1.0
frag_00125,doc_0025,fragment_document,1.0
frag_00129,doc_0027,fragment_document,1.0
frag_00131,doc_0027,fragment_document,1.0
frag_00133,doc_0029,fragment_document,1.0
frag_00137,doc_0029,fragment_document,1.0
frag_00139,doc_0029,fragment_document,1.0
frag_00140,doc_0029,fragment_document,1.0
frag_00150,doc_0031,fragment_document,1.0
frag_00157,doc_0031,fragment_document,1.0
frag_00160,doc_0031,fragment_document,1.0
frag_00164,doc_0031,fragment_document,1.0
frag_00170,doc_0033,fragment_document,1.0
frag_00171,doc_0033,fragment_document,1.0
frag_00174,doc_0033,fragment_document,1.0
frag_00177,doc_0035,fragment_document,1.0
frag_00181,doc_0037,fragment_document,1.0
frag_00192,doc_0041,fragment_document,1.0
frag_00196,doc_0041,fragment_document,1.0
frag_00198,doc_0041,fragment_document,1.0
frag_00199,doc_0041,fragment_document,1.0
frag_00200,doc_0043,fragment_document,1.0
frag_00204,doc_0043,fragment_document,1.0
frag_00208,doc_0045,fragment_document,1.0
frag_00210,doc_0045,fragment_document,1.0
frag_00211,doc_0045,fragment_document,1.0
frag_00215,doc_0047,fragment_document,1.0
frag_00216,doc_0047,fragment_document,1.0
frag_00217,doc_0047,fragment_document,1.0
frag_00218,doc_0047,fragment_document,1.0
frag_00227,doc_0049,fragment_document,1.0
frag_00228,doc_0049,fragment_document,1.0
frag_00240,doc_0051,fragment_document,1.0
frag_00247,doc_0051,fragment_document,1.0
frag_00253,doc_0051,fragment_document,1.0
frag_00262,doc_0053,fragment_document,1.0
frag_00263,doc_0053,fragment_document,1.0
frag_00264,doc_0053,fragment_document,1.0
frag_00265,doc_0053,fragment_document,1.0
frag_00267,doc_0053,fragment_document,1.0
frag_00268,doc_0053,fragment_document,1.0
frag_00269,doc_0053,fragment_document,1.0
frag_00270,doc_0053,fragment_document,1.0
frag_00274,doc_0055,fragment_document,1.0
frag_00279,doc_0055,fragment_document,1.0
frag_00281,doc_0055,fragment_document,1.0
frag_00284,doc_0057,fragment_document,1.0
frag_00285,doc_0057,fragment_document,1.0
frag_00289,doc_0057,fragment_document,1.0
frag_00290,doc_0057,fragment_document,1.0
frag_00297,doc_0057,fragment_document,1.0
frag_00300,doc_0059,fragment_document,1.0
frag_00302,doc_0059,fragment_document,1.0
frag_00309,doc_0061,fragment_document,1.0
frag_00316,doc_0063,fragment_document,1.0
frag_00318,doc_0063,fragment_document,1.0
frag_00320,doc_0063,fragment_document,1.0
frag_00326,doc_0065,fragment_document,1.0
frag_00343,doc_0069,fragment_document,1.0
frag_00346,doc_0069,fragment_document,1.0
frag_00347,doc_0069,fragment_document,1.0
frag_00349,doc_0069,fragment_document,1.0
frag_00359,doc_0073,fragment_document,1.0
frag_00360,doc_0073,fragment_document,1.0
frag_00369,doc_0075,fragment_document,1.0
frag_00374,doc_0075,fragment_document,1.0
frag_00375,doc_0075,fragment_document,1.0
frag_00380,doc_0077,fragment_document,1.0
frag_00381,doc_0077,fragment_document,1.0
frag_00382,doc_0077,fragment_document,1.0
frag_00389,doc_0077,fragment_document,1.0
frag_00390,doc_0077,fragment_document,1.0
frag_00393,doc_0079,fragment_document,1.0
frag_00397,doc_0079,fragment_document,1.0
frag_00398,doc_0079,fragment_document,1.0
frag_00400,doc_0081,fragment_document,1.0
frag_00402,doc_0081,fragment_document,1.0
frag_00408,doc_0081,fragment_document,1.0
frag_00409,doc_0081,fragment_document,1.0
frag_00415,doc_0083,fragment_document,1.0
frag_00416,doc_0083,fragment_document,1.0
frag_00417,doc_0083,fragment_document,1.0
frag_00418,doc_0083,fragment_document,1.0
frag_00419,doc_0083,fragment_document,1.0
frag_00422,doc_0083,fragment_document,1.0
frag_00424,doc_0083,fragment_document,1.0
frag_00425,doc_0085,fragment_document,1.0
frag_00426,doc_0085,fragment_document,1.0
frag_00437,doc_0087,fragment_document,1.0
frag_00438,doc_0087,fragment_document,1.0
frag_00452,doc_0087,fragment_document,1.0
frag_00454,doc_0087,fragment_document,1.0
frag_00455,doc_0087,fragment_document,1.0
frag_00456,doc_0087,fragment_document,1.0
frag_00457,doc_0087,fragment_document,1.0
frag_00458,doc_0087,fragment_document,1.0
frag_00460,doc_0087,fragment_document,1.0
frag_00468,doc_0089,fragment_document,1.0
frag_00470,doc_0089,fragment_document,1.0
frag_00475,doc_0089,fragment_document,1.0
frag_00476,doc_0089,fragment_document,1.0
frag_00479,doc_0089,fragment_document,1.0
frag_00480,doc_0089,fragment_document,1.0
frag_00486,doc_0093,fragment_document,1.0
frag_00487,doc_0093,fragment_document,1.0
frag_00490,doc_0093,fragment_document,1.0
frag_00497,doc_0095,fragment_document,1.0
frag_00499,doc_0095,fragment_document,1.0
frag_00502,doc_0095,fragment_document,1.0
frag_00505,doc_0097,fragment_document,1.0
frag_00509,doc_0097,fragment_document,1.0
frag_00533,doc_0103,fragment_document,1.0
frag_00540,doc_0107,fragment_document,1.0
frag_00545,doc_0107,fragment_document,1.0
frag_00546,doc_0107,fragment_document,1.0
frag_00553,doc_0111,fragment_document,1.0
frag_00554,doc_0111,fragment_document,1.0
frag_00576,doc_0113,fragment_document,1.0
frag_00577,doc_0113,fragment_document,1.0
frag_00579,doc_0113,fragment_document,1.0
frag_00581,doc_0115,fragment_document,1.0
frag_00584,doc_0115,fragment_document,1.0
frag_00585,doc_0115,fragment_document,1.0
frag_00586,doc_0115,fragment_document,1.0
frag_00588,doc_0117,fragment_document,1.0
frag_00590,doc_0117,fragment_document,1.0
frag_00592,doc_0117,fragment_document,1.0
frag_00602,doc_0119,fragment_document,1.0
frag_00605,doc_0119,fragment_document,1.0
frag_00609,doc_0119,fragment_document,1.0
frag_00615,doc_0119,fragment_document,1.0
frag_00618,doc_0121,fragment_document,1.0
frag_00619,doc_0121,fragment_document,1.0
frag_00622,doc_0121,fragment_document,1.0
frag_00624,doc_0121,fragment_document,1.0
frag_00627,doc_0121,fragment_document,1.0
frag_00628,doc_0123,fragment_document,1.0
frag_00632,doc_0125,fragment_document,1.0
frag_00635,doc_0125,fragment_document,1.0
frag_00636,doc_0125,fragment_document,1.0
frag_00641,doc_0127,fragment_document,1.0
frag_00643,doc_0127,fragment_document,1.0
frag_00645,doc_0127,fragment_document,1.0
frag_00648,doc_0129,fragment_document,1.0
frag_00650,doc_0129,fragment_document,1.0
frag_00651,doc_0129,fragment_document,1.0
frag_00656,doc_0129,fragment_document,1.0
frag_00661,doc_0131,fragment_document,1.0
frag_00662,doc_0131,fragment_document,1.0
frag_00663,doc_0131,fragment_document,1.0
frag_00664,doc_0131,fragment_document,1.0
frag_00665,doc_0131,fragment_document,1.0
frag_00666,doc_0131,fragment_document,1.0
frag_00667,doc_0131,fragment_document,1.0
frag_00668,doc_0131,fragment_document,1.0
frag_00671,doc_0133,fragment_document,1.0
frag_00685,doc_0137,fragment_document,1.0
frag_00686,doc_0137,fragment_document,1.0
frag_00691,doc_0139,fragment_document,1.0
frag_00697,doc_0139,fragment_document,1.0
frag_00698,doc_0139,fragment_document,1.0
frag_00699,doc_0139,fragment_document,1.0
frag_00701,doc_0141,fragment_document,1.0
frag_00702,doc_0141,fragment_document,1.0
frag_00704,doc_0141,fragment_document,1.0
frag_00706,doc_0141,fragment_document,1.0
frag_00709,doc_0141,fragment_document,1.0
frag_00710,doc_0141,fragment_document,1.0
frag_00711,doc_0141,fragment_document,1.0
frag_00713,doc_0141,fragment_document,1.0
frag_00714,doc_0141,fragment_document,1.0
frag_00716,doc_0141,fragment_document,1.0
frag_00719,doc_0141,fragment_document,1.0
frag_00722,doc_0141,fragment_document,1.0
frag_00735,doc_0145,fragment_document,1.0
frag_00737,doc_0145,fragment_document,1.0
frag_00738,doc_0145,fragment_document,1.0
frag_00753,doc_0147,fragment_document,1.0
frag_00754,doc_0147,fragment_document,1.0
frag_00759,doc_0149,fragment_document,1.0
frag_00760,doc_0151,fragment_document,1.0
frag_00761,doc_0151,fragment_document,1.0
frag_00764,doc_0151,fragment_document,1.0
frag_00765,doc_0151,fragment_document,1.0
frag_00766,doc_0151,fragment_document,1.0
frag_00769,doc_0153,fragment_document,1.0
frag_00772,doc_0153,fragment_document,1.0
frag_00778,doc_0155,fragment_document,1.0
frag_00779,doc_0155,fragment_document,1.0
frag_00780,doc_0155,fragment_document,1.0
frag_00785,doc_0157,fragment_document,1.0
frag_00790,doc_0157,fragment_document,1.0
frag_00792,doc_0157,fragment_document,1.0
frag_00796,doc_0157,fragment_document,1.0
frag_00797,doc_0157,fragment_document,1.0
frag_00799,doc_0157,fragment_document,1.0
frag_00808,doc_0159,fragment_document,1.0
frag_00820,doc_0161,fragment_document,1.0
frag_00822,doc_0161,fragment_document,1.0
frag_00826,doc_0161,fragment_document,1.0
frag_00832,doc_0165,fragment_document,1.0
frag_00833,doc_0165,fragment_document,1.0
frag_00834,doc_0165,fragment_document,1.0
frag_00835,doc_0165,fragment_document,1.0
frag_00836,doc_0165,fragment_document,1.0
frag_00839,doc_0165,fragment_document,1.0
frag_00849,doc_0167,fragment_document,1.0
frag_00850,doc_0169,fragment_document,1.0
frag_00851,doc_0169,fragment_document,1.0
frag_00852,doc_0169,fragment_document,1.0
frag_00854,doc_0169,fragment_document,1.0
frag_00861,doc_0173,fragment_document,1.0
frag_00862,doc_0173,fragment_document,1.0
frag_00869,doc_0175,fragment_document,1.0
frag_00877,doc_0179,fragment_document,1.0
frag_00880,doc_0179,fragment_document,1.0
frag_00881,doc_0179,fragment_document,1.0
frag_00897,doc_0183,fragment_document,1.0
frag_00902,doc_0185,fragment_document,1.0
frag_00906,doc_0185,fragment_document,1.0
frag_00907,doc_0185,fragment_document,1.0
frag_00924,doc_0185,fragment_document,1.0
frag_00931,doc_0187,fragment_document,1.0
frag_00933,doc_0187,fragment_document,1.0
frag_00934,doc_0187,fragment_document,1.0
frag_00936,doc_0187,fragment_document,1.0
frag_00940,doc_0187,fragment_document,1.0
frag_00942,doc_0187,fragment_document,1.0
frag_00956,doc_0189,fragment_document,1.0
frag_00957,doc_0189,fragment_document,1.0
frag_00960,doc_0191,fragment_document,1.0
frag_00962,doc_0191,fragment_document,1.0
frag_00964,doc_0191,fragment_document,1.0
frag_00966,doc_0191,fragment_document,1.0
frag_00967,doc_0191,fragment_document,1.0
frag_00968,doc_0191,fragment_document,1.0
frag_00983,doc_0193,fragment_document,1.0
frag_00984,doc_0193,fragment_document,1.0
frag_00985,doc_0193,fragment_document,1.0
frag_00989,doc_0195,fragment_document,1.0
frag_00990,doc_0195,fragment_document,1.0
frag_00992,doc_0195,fragment_document,1.0
frag_00996,doc_0195,fragment_document,1.0
frag_00999,doc_0195,fragment_document,1.0
frag_01002,doc_0195,fragment_document,1.0
frag_01003,doc_0195,fragment_document,1.0
frag_01013,doc_0199,fragment_document,1.0
frag_01019,doc_0199,fragment_document,1.0
frag_01032,doc_0201,fragment_document,1.0
frag_01033,doc_0201,fragment_document,1.0
frag_01040,doc_0203,fragment_document,1.0
frag_01042,doc_0205,fragment_document,1.0
frag_01043,doc_0205,fragment_document,1.0
frag_01049,doc_0205,fragment_document,1.0
frag_01051,doc_0207,fragment_document,1.0
frag_01052,doc_0207,fragment_document,1.0
frag_01054,doc_0207,fragment_document,1.0
frag_01055,doc_0207,fragment_document,1.0
frag_01056,doc_0207,fragment_document,1.0
frag_01064,doc_0209,fragment_document,1.0
frag_01069,doc_0211,fragment_document,1.0
frag_01075,doc_0211,fragment_document,1.0
frag_01076,doc_0213,fragment_document,1.0
frag_01077,doc_0213,fragment_document,1.0
frag_01081,doc_0213,fragment_document,1.0
frag_01082,doc_0213,fragment_document,1.0
frag_01089,doc_0215,fragment_document,1.0
frag_01094,doc_0215,fragment_document,1.0
frag_01098,doc_0217,fragment_document,1.0
frag_01102,doc_0219,fragment_document,1.0
frag_01106,doc_0219,fragment_document,1.0
frag_01107,doc_0219,fragment_document,1.0
frag_01116,doc_0221,fragment_document,1.0
frag_01118,doc_0221,fragment_document,1.0
frag_01119,doc_0221,fragment_document,1.0
frag_01134,doc_0223,fragment_document,1.0
frag_01138,doc_0225,fragment_document,1.0
frag_01139,doc_0225,fragment_document,1.0
frag_01140,doc_0225,fragment_document,1.0
frag_01145,doc_0227,fragment_document,1.0
frag_01146,doc_0227,fragment_document,1.0
frag_01147,doc_0227,fragment_document,1.0
frag_01153,doc_0229,fragment_document,1.0
frag_01160,doc_0233,fragment_document,1.0
frag_01163,doc_0233,fragment_document,1.0
frag_01174,doc_0237,fragment_document,1.0
frag_01175,doc_0237,fragment_document,1.0
frag_01176,doc_0237,fragment_document,1.0
frag_01178,doc_0237,fragment_document,1.0
frag_01180,doc_0237,fragment_document,1.0
frag_01185,doc_0239,fragment_document,1.0
frag_01187,doc_0239,fragment_document,1.0
frag_01189,doc_0241,fragment_document,1.0
frag_01190,doc_0241,fragment_document,1.0
frag_01196,doc_0243,fragment_document,1.0
frag_01198,doc_0245,fragment_document,1.0
frag_01199,doc_0245,fragment_document,1.0
frag_01200,doc_0245,fragment_document,1.0
frag_01206,doc_0245,fragment_document,1.0
frag_01207,doc_0245,fragment_document,1.0
frag_01208,doc_0245,fragment_document,1.0
frag_01220,doc_0249,fragment_document,1.0
frag_01221,doc_0249,fragment_document,1.0
frag_01224,doc_0251,fragment_document,1.0
frag_01255,doc_0255,fragment_document,1.0
frag_01257,doc_0255,fragment_document,1.0
frag_01258,doc_0255,fragment_document,1.0
frag_01267,doc_0257,fragment_document,1.0
frag_01280,doc_0259,fragment_document,1.0
frag_01289,doc_0261,fragment_document,1.0
frag_01290,doc_0261,fragment_document,1.0
frag_01293,doc_0263,fragment_document,1.0
frag_01295,doc_0263,fragment_document,1.0
frag_01296,doc_0263,fragment_document,1.0
frag_01299,doc_0263,fragment_document,1.0
frag_01300,doc_0265,fragment_document,1.0
frag_01302,doc_0265,fragment_document,1.0
frag_01308,doc_0265,fragment_document,1.0
frag_01309,doc_0265,fragment_document,1.0
frag_01311,doc_0265,fragment_document,1.0
frag_01327,doc_0271,fragment_document,1.0
frag_01331,doc_0271,fragment_document,1.0
frag_01332,doc_0271,fragment_document,1.0
frag_01341,doc_0273,fragment_document,1.0
frag_01342,doc_0275,fragment_document,1.0
frag_01343,doc_0275,fragment_document,1.0
frag_01344,doc_0275,fragment_document,1.0
frag_01363,doc_0279,fragment_document,1.0
frag_01364,doc_0279,fragment_document,1.0
frag_01366,doc_0279,fragment_document,1.0
frag_01367,doc_0279,fragment_document,1.0
frag_01369,doc_0279,fragment_document,1.0
frag_01381,doc_0279,fragment_document,1.0
frag_01382,doc_0279,fragment_document,1.0
frag_01383,doc_0279,fragment_document,1.0
frag_01387,doc_0281,fragment_document,1.0
frag_01388,doc_0281,fragment_document,1.0
frag_01389,doc_0281,fragment_document,1.0
frag_01397,doc_0283,fragment_document,1.0
frag_01398,doc_0283,fragment_document,1.0
frag_01399,doc_0283,fragment_document,1.0
frag_01402,doc_0283,fragment_document,1.0
frag_01403,doc_0283,fragment_document,1.0
frag_01404,doc_0283,fragment_document,1.0
frag_01428,doc_0289,fragment_document,1.0
frag_01430,doc_0289,fragment_document,1.0
frag_01435,doc_0289,fragment_document,1.0
frag_01453,doc_0291,fragment_document,1.0
frag_01454,doc_0293,fragment_document,1.0
frag_01459,doc_0295,fragment_document,1.0
frag_01464,doc_0297,fragment_document,1.0
frag_01468,doc_0297,fragment_document,1.0
frag_01470,doc_0297,fragment_document,1.0
frag_01471,doc_0297,fragment_document,1.0
frag_01472,doc_0297,fragment_document,1.0
frag_01488,doc_0299,fragment_document,1.0
frag_01490,doc_0299,fragment_document,1.0
frag_01491,doc_0301,fragment_document,1.0
frag_01492,doc_0303,fragment_document,1.0
frag_01493,doc_0303,fragment_document,1.0
frag_01494,doc_0303,fragment_document,1.0
frag_01499,doc_0303,fragment_document,1.0
frag_01500,doc_0303,fragment_document,1.0
frag_01504,doc_0305,fragment_document,1.0
frag_01506,doc_0305,fragment_document,1.0
frag_01537,doc_0311,fragment_document,1.0
frag_01541,doc_0311,fragment_document,1.0
frag_01542,doc_0311,fragment_document,1.0
frag_01543,doc_0311,fragment_document,1.0
frag_01544,doc_0313,fragment_document,1.0
frag_01545,doc_0313,fragment_document,1.0
frag_01548,doc_0313,fragment_document,1.0
frag_01551,doc_0313,fragment_document,1.0
frag_01552,doc_0313,fragment_document,1.0
frag_01554,doc_0313,fragment_document,1.0
frag_01555,doc_0313,fragment_document,1.0
frag_01557,doc_0313,fragment_document,1.0
frag_01559,doc_0313,fragment_document,1.0
frag_01560,doc_0313,fragment_document,1.0
frag_01561,doc_0313,fragment_document,1.0
frag_01565,doc_0315,fragment_document,1.0
frag_01566,doc_0317,fragment_document,1.0
frag_01567,doc_0317,fragment_document,1.0
frag_01568,doc_0317,fragment_document,1.0
frag_01582,doc_0319,fragment_document,1.0
frag_01586,doc_0319,fragment_document,1.0
frag_01587,doc_0319,fragment_document,1.0
frag_01595,doc_0323,fragment_document,1.0
frag_01596,doc_0325,fragment_document,1.0
frag_01601,doc_0327,fragment_document,1.0
frag_01607,doc_0327,fragment_document,1.0
frag_01610,doc_0329,fragment_document,1.0
frag_01612,doc_0329,fragment_document,1.0
frag_01616,doc_0329,fragment_document,1.0
frag_01617,doc_0329,fragment_document,1.0
frag_01618,doc_0329,fragment_document,1.0
frag_01620,doc_0329,fragment_document,1.0
frag_01622,doc_0329,fragment_document,1.0
frag_01625,doc_0331,fragment_document,1.0
frag_01636,doc_0333,fragment_document,1.0
frag_01638,doc_0335,fragment_document,1.0
frag_01648,doc_0335,fragment_document,1.0
frag_01650,doc_0335,fragment_document,1.0
frag_01671,doc_0341,fragment_document,1.0
frag_01683,doc_0345,fragment_document,1.0
frag_01684,doc_0345,fragment_document,1.0
frag_01687,doc_0347,fragment_document,1.0
frag_01690,doc_0347,fragment_document,1.0
frag_01703,doc_0351,fragment_document,1.0
frag_01705,doc_0351,fragment_document,1.0
frag_01706,doc_0351,fragment_document,1.0
frag_01711,doc_0351,fragment_document,1.0
frag_01719,doc_0353,fragment_document,1.0
frag_01722,doc_0353,fragment_document,1.0
frag_01723,doc_0353,fragment_document,1.0
frag_01724,doc_0353,fragment_document,1.0
frag_01725,doc_0353,fragment_document,1.0
frag_01726,doc_0353,fragment_document,1.0
frag_01727,doc_0353,fragment_document,1.0
frag_01728,doc_0353,fragment_document,1.0
frag_01729,doc_0353,fragment_document,1.0
frag_01730,doc_0353,fragment_document,1.0
frag_01731,doc_0353,fragment_document,1.0
frag_01732,doc_0353,fragment_document,1.0
frag_01734,doc_0355,fragment_document,1.0
frag_01737,doc_0355,fragment_document,1.0
frag_01739,doc_0355,fragment_document,1.0
frag_01740,doc_0355,fragment_document,1.0
frag_01741,doc_0355,fragment_document,1.0
frag_01742,doc_0355,fragment_document,1.0
frag_01743,doc_0355,fragment_document,1.0
frag_01744,doc_0355,fragment_document,1.0
frag_01752,doc_0359,fragment_document,1.0
frag_01756,doc_0359,fragment_document,1.0
frag_01757,doc_0359,fragment_document,1.0
frag_01759,doc_0359,fragment_document,1.0
frag_01769,doc_0359,fragment_document,1.0
frag_01770,doc_0359,fragment_document,1.0
frag_01771,doc_0359,fragment_document,1.0
frag_01774,doc_0359,fragment_document,1.0
frag_01775,doc_0359,fragment_document,1.0
frag_01778,doc_0359,fragment_document,1.0
frag_01779,doc_0359,fragment_document,1.0
frag_01782,doc_0359,fragment_document,1.0
frag_01783,doc_0359,fragment_document,1.0
frag_01792,doc_0361,fragment_document,1.0
frag_01796,doc_0363,fragment_document,1.0
frag_01802,doc_0363,fragment_document,1.0
frag_01807,doc_0365,fragment_document,1.0
frag_01808,doc_0365,fragment_document,1.0
frag_01823,doc_0369,fragment_document,1.0
frag_01825,doc_0371,fragment_document,1.0
frag_01831,doc_0371,fragment_document,1.0
frag_01832,doc_0373,fragment_document,1.0
frag_01834,doc_0373,fragment_document,1.0
frag_01836,doc_0373,fragment_document,1.0
frag_01839,doc_0375,fragment_document,1.0
frag_01842,doc_0375,fragment_document,1.0
frag_01848,doc_0377,fragment_document,1.0
frag_01857,doc_0379,fragment_document,1.0
frag_01869,doc_0379,fragment_document,1.0
frag_01871,doc_0379,fragment_document,1.0
frag_01880,doc_0385,fragment_document,1.0
frag_01881,doc_0385,fragment_document,1.0
frag_01882,doc_0385,fragment_document,1.0
frag_01883,doc_0385,fragment_document,1.0
frag_01884,doc_0385,fragment_document,1.0
frag_01885,doc_0385,fragment_document,1.0
frag_01891,doc_0389,fragment_document,1.0
frag_01893,doc_0389,fragment_document,1.0
frag_01894,doc_0389,fragment_document,1.0
frag_01897,doc_0391,fragment_document,1.0
frag_01901,doc_0391,fragment_document,1.0
frag_01907,doc_0391,fragment_document,1.0
frag_01908,doc_0391,fragment_document,1.0
frag_01909,doc_0391,fragment_document,1.0
frag_01912,doc_0393,fragment_document,1.0
frag_01914,doc_0393,fragment_document,1.0
frag_01917,doc_0393,fragment_document,1.0
frag_01918,doc_0393,fragment_document,1.0
frag_01919,doc_0393,fragment_document,1.0
frag_01922,doc_0393,fragment_document,1.0
frag_01924,doc_0393,fragment_document,1.0
frag_01926,doc_0393,fragment_document,1.0
frag_01932,doc_0393,fragment_document,1.0
frag_01933,doc_0393,fragment_document,1.0
frag_01934,doc_0393,fragment_document,1.0
frag_01935,doc_0393,fragment_document,1.0
frag_01936,doc_0395,fragment_document,1.0
frag_01937,doc_0395,fragment_document,1.0
frag_01940,doc_0395,fragment_document,1.0
frag_01942,doc_0395,fragment_document,1.0
frag_01951,doc_0399,fragment_document,1.0
frag_01952,doc_0399,fragment_document,1.0
frag_01953,doc_0401,fragment_document,1.0
frag_01954,doc_0401,fragment_document,1.0
frag_01956,doc_0401,fragment_document,1.0
frag_01957,doc_0401,fragment_document,1.0
frag_01958,doc_0401,fragment_document,1.0
frag_01959,doc_0403,fragment_document,1.0
frag_01960,doc_0403,fragment_document,1.0
frag_01961,doc_0403,fragment_document,1.0
frag_01963,doc_0405,fragment_document,1.0
frag_01964,doc_0405,fragment_document,1.0
frag_01965,doc_0405,fragment_document,1.0
frag_01966,doc_0405,fragment_document,1.0
frag_01967,doc_0405,fragment_document,1.0
frag_01973,doc_0407,fragment_document,1.0
frag_01975,doc_0407,fragment_document,1.0
frag_01977,doc_0407,fragment_document,1.0
frag_01987,doc_0409,fragment_document,1.0
frag_01988,doc_0409,fragment_document,1.0
frag_01990,doc_0409,fragment_document,1.0
frag_01992,doc_0411,fragment_document,1.0
frag_01996,doc_0411,fragment_document,1.0
frag_02013,doc_0415,fragment_document,1.0
frag_02015,doc_0415,fragment_document,1.0
frag_02017,doc_0415,fragment_document,1.0
frag_02026,doc_0415,fragment_document,1.0
frag_02027,doc_0415,fragment_document,1.0
frag_02032,doc_0415,fragment_document,1.0
frag_02033,doc_0415,fragment_document,1.0
frag_02035,doc_0415,fragment_document,1.0
frag_02041,doc_0417,fragment_document,1.0
frag_02048,doc_0419,fragment_document,1.0
frag_02049,doc_0419,fragment_document,1.0
frag_02051,doc_0419,fragment_document,1.0
frag_02053,doc_0419,fragment_document,1.0
frag_02056,doc_0421,fragment_document,1.0
frag_02058,doc_0421,fragment_document,1.0
frag_02060,doc_0421,fragment_document,1.0
frag_02062,doc_0421,fragment_document,1.0
frag_02063,doc_0421,fragment_document,1.0
frag_02065,doc_0423,fragment_document,1.0
frag_02073,doc_0425,fragment_document,1.0
frag_02075,doc_0425,fragment_document,1.0
frag_02076,doc_0425,fragment_document,1.0
frag_02077,doc_0425,fragment_document,1.0
frag_02084,doc_0427,fragment_document,1.0
frag_02085,doc_0427,fragment_document,1.0
frag_02095,doc_0431,fragment_document,1.0
frag_02096,doc_0431,fragment_document,1.0
frag_02098,doc_0431,fragment_document,1.0
frag_02099,doc_0431,fragment_document,1.0
frag_02100,doc_0431,fragment_document,1.0
frag_02105,doc_0433,fragment_document,1.0
frag_02106,doc_0433,fragment_document,1.0
frag_02109,doc_0433,fragment_document,1.0
frag_02110,doc_0433,fragment_document,1.0
frag_02111,doc_0433,fragment_document,1.0
frag_02114,doc_0435,fragment_document,1.0
frag_02121,doc_0435,fragment_document,1.0
frag_02123,doc_0435,fragment_document,1.0
frag_02131,doc_0435,fragment_document,1.0
frag_02134,doc_0435,fragment_document,1.0
frag_02136,doc_0437,fragment_document,1.0
frag_02142,doc_0439,fragment_document,1.0
frag_02143,doc_0439,fragment_document,1.0
frag_02145,doc_0439,fragment_document,1.0
frag_02153,doc_0441,fragment_document,1.0
frag_02155,doc_0443,fragment_document,1.0
frag_02157,doc_0443,fragment_document,1.0
frag_02159,doc_0443,fragment_document,1.0
frag_02165,doc_0445,fragment_document,1.0
frag_02166,doc_0445,fragment_document,1.0
frag_02169,doc_0447,fragment_document,1.0
frag_02175,doc_0449,fragment_document,1.0
frag_02180,doc_0451,fragment_document,1.0
frag_02182,doc_0453,fragment_document,1.0
frag_02194,doc_0455,fragment_document,1.0
frag_02195,doc_0455,fragment_document,1.0
frag_02202,doc_0457,fragment_document,1.0
frag_02213,doc_0457,fragment_document,1.0
frag_02214,doc_0457,fragment_document,1.0
frag_02217,doc_0459,fragment_document,1.0
frag_02220,doc_0459,fragment_document,1.0
frag_02222,doc_0461,fragment_document,1.0
frag_02224,doc_0461,fragment_document,1.0
frag_02229,doc_0461,fragment_document,1.0
frag_02249,doc_0463,fragment_document,1.0
frag_02250,doc_0463,fragment_document,1.0
frag_02251,doc_0463,fragment_document,1.0
frag_02252,doc_0463,fragment_document,1.0
frag_02254,doc_0463,fragment_document,1.0
frag_02257,doc_0465,fragment_document,1.0
frag_02268,doc_0465,fragment_document,1.0
frag_02281,doc_0467,fragment_document,1.0
frag_02291,doc_0469,fragment_document,1.0
frag_02292,doc_0469,fragment_document,1.0
frag_02293,doc_0469,fragment_document,1.0
frag_02297,doc_0469,fragment_document,1.0
frag_02299,doc_0469,fragment_document,1.0
frag_02302,doc_0469,fragment_document,1.0
frag_02306,doc_0471,fragment_document,1.0
frag_02307,doc_0471,fragment_document,1.0
frag_02310,doc_0473,fragment_document,1.0
frag_02329,doc_0477,fragment_document,1.0
frag_02331,doc_0477,fragment_document,1.0
frag_02333,doc_0477,fragment_document,1.0
frag_02334,doc_0477,fragment_document,1.0
frag_02335,doc_0477,fragment_document,1.0
frag_02337,doc_0477,fragment_document,1.0
frag_02338,doc_0479,fragment_document,1.0
frag_02339,doc_0479,fragment_document,1.0
frag_02342,doc_0479,fragment_document,1.0
frag_02344,doc_0479,fragment_document,1.0
frag_02345,doc_0479,fragment_document,1.0
frag_02347,doc_0479,fragment_document,1.0
frag_02349,doc_0481,fragment_document,1.0
frag_02354,doc_0483,fragment_document,1.0
frag_02356,doc_0483,fragment_document,1.0
frag_02374,doc_0487,fragment_document,1.0
frag_02378,doc_0489,fragment_document,1.0
frag_02379,doc_0489,fragment_document,1.0
frag_02380,doc_0489,fragment_document,1.0
frag_02381,doc_0489,fragment_document,1.0
frag_02382,doc_0491,fragment_document,1.0
frag_02385,doc_0491,fragment_document,1.0
frag_02386,doc_0491,fragment_document,1.0
frag_02387,doc_0491,fragment_document,1.0
frag_02389,doc_0491,fragment_document,1.0
frag_02390,doc_0491,fragment_document,1.0
frag_02392,doc_0491,fragment_document,1.0
frag_02396,doc_0491,fragment_document,1.0
frag_02398,doc_0491,fragment_document,1.0
frag_02399,doc_0493,fragment_document,1.0
frag_02402,doc_0493,fragment_document,1.0
frag_02403,doc_0493,fragment_document,1.0
frag_02406,doc_0493,fragment_document,1.0
frag_02408,doc_0495,fragment_document,1.0
frag_02409,doc_0495,fragment_document,1.0
frag_02410,doc_0495,fragment_document,1.0
frag_02411,doc_0495,fragment_document,1.0
frag_02413,doc_0495,fragment_document,1.0
frag_02415,doc_0495,fragment_document,1.0
frag_02416,doc_0495,fragment_document,1.0
frag_02417,doc_0495,fragment_document,1.0
frag_02418,doc_0495,fragment_document,1.0
frag_02419,doc_0495,fragment_document,1.0
frag_02421,doc_0495,fragment_document,1.0
frag_02422,doc_0495,fragment_document,1.0
frag_02423,doc_0497,fragment_document,1.0
frag_02438,doc_0499,fragment_document,1.0
frag_02440,doc_0499,fragment_document,1.0
frag_02442,doc_0499,fragment_document,1.0
frag_02443,doc_0499,fragment_document,1.0
frag_02453,doc_0501,fragment_document,1.0
frag_02455,doc_0501,fragment_document,1.0
frag_02469,doc_0507,fragment_document,1.0
frag_02482,doc_0509,fragment_document,1.0
frag_02483,doc_0509,fragment_document,1.0
frag_02486,doc_0509,fragment_document,1.0
frag_02487,doc_0509,fragment_document,1.0
frag_02488,doc_0509,fragment_document,1.0
frag_02493,doc_0509,fragment_document,1.0
frag_02496,doc_0511,fragment_document,1.0
frag_02498,doc_0511,fragment_document,1.0
frag_02502,doc_0511,fragment_document,1.0
frag_02503,doc_0511,fragment_document,1.0
frag_02504,doc_0511,fragment_document,1.0
frag_02516,doc_0513,fragment_document,1.0
frag_02517,doc_0513,fragment_document,1.0
frag_02518,doc_0513,fragment_document,1.0
frag_02519,doc_0513,fragment_document,1.0
frag_02520,doc_0515,fragment_document,1.0
frag_02521,doc_0515,fragment_document,1.0
frag_02522,doc_0515,fragment_document,1.0
frag_02541,doc_0519,fragment_document,1.0
frag_02545,doc_0519,fragment_document,1.0
frag_02546,doc_0519,fragment_document,1.0
frag_02547,doc_0519,fragment_document,1.0
frag_02548,doc_0519,fragment_document,1.0
frag_02549,doc_0519,fragment_document,1.0
frag_02557,doc_0521,fragment_document,1.0
frag_02560,doc_0521,fragment_document,1.0
frag_02561,doc_0521,fragment_document,1.0
frag_02568,doc_0523,fragment_document,1.0
frag_02581,doc_0525,fragment_document,1.0
frag_02585,doc_0527,fragment_document,1.0
frag_02586,doc_0527,fragment_document,1.0
frag_02591,doc_0527,fragment_document,1.0
frag_02605,doc_0531,fragment_document,1.0
frag_02606,doc_0531,fragment_document,1.0
frag_02607,doc_0531,fragment_document,1.0
frag_02608,doc_0531,fragment_document,1.0
frag_02609,doc_0531,fragment_document,1.0
frag_02610,doc_0531,fragment_document,1.0
frag_02611,doc_0531,fragment_document,1.0
frag_02612,doc_0531,fragment_document,1.0
frag_02616,doc_0531,fragment_document,1.0
frag_02617,doc_0533,fragment_document,1.0
frag_02619,doc_0533,fragment_document,1.0
frag_02626,doc_0535,fragment_document,1.0
frag_02629,doc_0535,fragment_document,1.0
frag_02634,doc_0537,fragment_document,1.0
frag_02636,doc_0537,fragment_document,1.0
frag_02639,doc_0537,fragment_document,1.0
frag_02641,doc_0537,fragment_document,1.0
frag_02642,doc_0537,fragment_document,1.0
frag_02648,doc_0539,fragment_document,1.0
frag_02657,doc_0543,fragment_document,1.0
frag_02658,doc_0543,fragment_document,1.0
frag_02659,doc_0545,fragment_document,1.0
frag_02660,doc_0545,fragment_document,1.0
frag_02671,doc_0549,fragment_document,1.0
frag_02673,doc_0549,fragment_document,1.0
frag_02675,doc_0549,fragment_document,1.0
frag_02677,doc_0549,fragment_document,1.0
frag_02679,doc_0550,fragment_document,1.0
frag_02680,doc_0550,fragment_document,1.0
frag_02681,doc_0550,fragment_document,1.0
frag_02682,doc_0550,fragment_document,1.0
frag_02683,doc_0550,fragment_document,1.0
frag_02684,doc_0550,fragment_document,1.0
frag_02685,doc_0550,fragment_document,1.0
frag_02686,doc_0550,fragment_document,1.0
frag_02687,doc_0551,fragment_document,1.0
frag_02690,doc_0552,fragment_document,1.0
frag_02692,doc_0552,fragment_document,1.0
frag_02694,doc_0552,fragment_document,1.0
frag_02696,doc_0552,fragment_document,1.0
frag_02699,doc_0553,fragment_document,1.0
frag_02701,doc_0553,fragment_document,1.0
frag_02703,doc_0553,fragment_document,1.0
frag_02705,doc_0553,fragment_document,1.0
frag_02708,doc_0554,fragment_document,1.0
frag_02710,doc_0554,fragment_document,1.0
frag_02712,doc_0554,fragment_document,1.0
frag_02714,doc_0554,fragment_document,1.0
frag_02717,doc_0555,fragment_document,1.0
frag_02719,doc_0555,fragment_document,1.0
frag_02721,doc_0555,fragment_document,1.0
frag_02723,doc_0555,fragment_document,1.0
frag_02729,doc_0557,fragment_document,1.0
frag_02732,doc_0557,fragment_document,1.0
frag_02734,doc_0557,fragment_document,1.0
frag_02735,doc_0557,fragment_document,1.0
frag_02738,doc_0557,fragment_document,1.0
frag_02743,doc_0558,fragment_document,1.0
frag_02746,doc_0558,fragment_document,1.0
frag_02751,doc_0558,fragment_document,1.0
frag_02752,doc_0558,fragment_document,1.0
frag_02754,doc_0558,fragment_document,1.0
frag_02759,doc_0559,fragment_document,1.0
frag_02765,doc_0559,fragment_document,1.0
frag_02768,doc_0559,fragment_document,1.0
